id,user_id,templete_id,status,create_date,modify_date
1,19,1,1,2025-09-04 12:02:29,2025-09-04 12:02:29
2,19,1,1,2025-09-04 12:04:33,2025-09-04 12:04:33
3,19,1,1,2025-09-04 12:05:52,2025-09-04 12:05:52
4,639,1,1,2025-09-04 12:12:20,2025-09-04 12:12:20
5,639,2,1,2025-09-06 16:24:54,2025-09-06 16:24:54
6,38697,2,1,2025-11-20 12:55:16,2025-11-20 12:55:16
7,38672,3,1,2025-11-24 11:50:01,2025-11-24 11:50:01
8,38759,1,1,2025-11-27 16:19:26,2025-11-27 16:19:26
9,38794,2,1,2025-11-29 16:59:25,2025-11-29 16:59:25
10,38825,1,1,2025-11-29 17:01:18,2025-11-29 17:01:18
11,38593,2,1,2025-12-03 12:18:21,2025-12-03 12:18:21
12,639,1,1,2025-12-05 15:26:34,2025-12-05 15:26:34
13,639,2,1,2025-12-05 15:26:44,2025-12-05 15:26:44
14,639,3,1,2025-12-05 15:26:52,2025-12-05 15:26:52
15,639,1,1,2025-12-05 15:43:06,2025-12-05 15:43:06
16,639,1,1,2025-12-05 16:19:54,2025-12-05 16:19:54
17,639,2,1,2025-12-08 11:59:14,2025-12-08 11:59:14
18,639,2,1,2025-12-08 12:56:18,2025-12-08 12:56:18
19,639,3,1,2025-12-08 13:25:16,2025-12-08 13:25:16
20,639,3,1,2025-12-08 13:31:55,2025-12-08 13:31:55
21,38860,2,1,2025-12-09 11:58:00,2025-12-09 11:58:00
22,639,2,1,2025-12-09 12:01:11,2025-12-09 12:01:11
23,639,2,1,2025-12-09 12:03:23,2025-12-09 12:03:23
24,38829,2,1,2025-12-09 12:04:42,2025-12-09 12:04:42
25,38829,2,1,2025-12-09 17:21:44,2025-12-09 17:21:44
26,639,2,1,2025-12-09 17:31:44,2025-12-09 17:31:44
27,639,2,1,2025-12-09 17:32:15,2025-12-09 17:32:15
28,639,2,1,2025-12-09 17:32:53,2025-12-09 17:32:53
29,639,2,1,2025-12-09 17:33:32,2025-12-09 17:33:32
30,639,2,1,2025-12-09 17:34:08,2025-12-09 17:34:08
31,639,2,1,2025-12-09 17:35:01,2025-12-09 17:35:01
32,639,2,1,2025-12-09 17:37:04,2025-12-09 17:37:04
33,639,2,1,2025-12-09 17:41:57,2025-12-09 17:41:57
34,639,2,1,2025-12-09 17:42:22,2025-12-09 17:42:22
35,639,2,1,2025-12-09 17:42:40,2025-12-09 17:42:40
36,639,2,1,2025-12-09 17:43:09,2025-12-09 17:43:09
37,639,2,1,2025-12-09 17:44:21,2025-12-09 17:44:21
38,639,2,1,2025-12-09 17:45:04,2025-12-09 17:45:04
39,639,2,1,2025-12-09 17:45:21,2025-12-09 17:45:21
40,639,2,1,2025-12-09 17:45:44,2025-12-09 17:45:44
41,639,2,1,2025-12-09 17:45:59,2025-12-09 17:45:59
42,639,2,1,2025-12-09 17:46:38,2025-12-09 17:46:38
43,639,2,1,2025-12-09 17:46:55,2025-12-09 17:46:55
44,639,1,1,2025-12-09 17:47:19,2025-12-09 17:47:19
45,639,2,1,2025-12-09 17:47:27,2025-12-09 17:47:27
46,639,2,1,2025-12-09 17:47:51,2025-12-09 17:47:51
47,639,2,1,2025-12-09 17:48:33,2025-12-09 17:48:33
48,639,2,1,2025-12-09 17:49:09,2025-12-09 17:49:09
49,639,2,1,2025-12-09 17:49:54,2025-12-09 17:49:54
50,639,2,1,2025-12-09 17:50:20,2025-12-09 17:50:20
51,639,2,1,2025-12-09 17:50:44,2025-12-09 17:50:44
52,639,2,1,2025-12-09 17:52:11,2025-12-09 17:52:11
53,639,2,1,2025-12-09 17:52:39,2025-12-09 17:52:39
54,639,2,1,2025-12-09 17:53:16,2025-12-09 17:53:16
55,639,2,1,2025-12-09 17:53:41,2025-12-09 17:53:41
56,639,2,1,2025-12-09 17:54:10,2025-12-09 17:54:10
57,639,2,1,2025-12-09 17:54:34,2025-12-09 17:54:34
58,639,2,1,2025-12-09 17:55:16,2025-12-09 17:55:16
59,38593,2,1,2025-12-10 10:53:57,2025-12-10 10:53:57
60,38860,2,1,2025-12-15 18:17:44,2025-12-15 18:17:44
61,38829,2,1,2026-01-02 13:10:30,2026-01-02 13:10:30
62,639,1,1,2026-01-12 12:41:24,2026-01-12 12:41:24
63,639,2,1,2026-01-12 12:41:32,2026-01-12 12:41:32
64,639,2,1,2026-01-12 12:45:27,2026-01-12 12:45:27
65,639,2,1,2026-01-12 12:47:32,2026-01-12 12:47:32
66,639,2,1,2026-01-12 12:48:37,2026-01-12 12:48:37
67,639,2,1,2026-01-12 12:51:25,2026-01-12 12:51:25
68,639,2,1,2026-01-12 12:52:05,2026-01-12 12:52:05
69,639,2,1,2026-01-12 12:56:43,2026-01-12 12:56:43
70,639,2,1,2026-01-12 12:57:41,2026-01-12 12:57:41
71,639,2,1,2026-01-12 12:58:49,2026-01-12 12:58:49
72,38829,2,1,2026-01-12 18:48:18,2026-01-12 18:48:18
73,38829,2,1,2026-01-12 19:01:59,2026-01-12 19:01:59
74,38829,2,1,2026-01-12 19:06:28,2026-01-12 19:06:28
75,38829,2,1,2026-01-13 10:54:37,2026-01-13 10:54:37
76,38829,2,1,2026-01-13 10:55:01,2026-01-13 10:55:01
77,38829,2,1,2026-01-13 11:55:56,2026-01-13 11:55:56
78,38829,2,1,2026-01-13 11:56:17,2026-01-13 11:56:17
79,38860,2,1,2026-01-13 12:05:48,2026-01-13 12:05:48
80,38829,2,1,2026-01-13 12:35:38,2026-01-13 12:35:38
81,38829,2,1,2026-01-13 12:36:00,2026-01-13 12:36:00
82,38829,2,1,2026-01-13 12:36:14,2026-01-13 12:36:14
83,38985,3,1,2026-01-13 12:48:38,2026-01-13 12:48:38
84,38829,2,1,2026-01-13 13:27:42,2026-01-13 13:27:42
85,38829,2,1,2026-01-13 13:28:36,2026-01-13 13:28:36
86,38829,2,1,2026-01-13 13:29:40,2026-01-13 13:29:40
87,38829,2,1,2026-01-13 13:31:00,2026-01-13 13:31:00
88,38829,2,1,2026-01-13 13:32:18,2026-01-13 13:32:18
89,38829,2,1,2026-01-13 13:33:16,2026-01-13 13:33:16
90,38829,2,1,2026-01-13 13:33:43,2026-01-13 13:33:43
91,38829,2,1,2026-01-13 13:34:17,2026-01-13 13:34:17
92,38829,2,1,2026-01-13 13:47:45,2026-01-13 13:47:45
93,38829,2,1,2026-01-13 14:57:28,2026-01-13 14:57:28
94,38829,2,1,2026-01-13 15:11:40,2026-01-13 15:11:40
95,38829,2,1,2026-01-13 15:21:16,2026-01-13 15:21:16
96,38829,2,1,2026-01-13 15:22:03,2026-01-13 15:22:03
97,38829,2,1,2026-01-13 15:22:47,2026-01-13 15:22:47
98,38829,2,1,2026-01-13 15:23:36,2026-01-13 15:23:36
99,38829,2,1,2026-01-13 15:24:09,2026-01-13 15:24:09
100,38829,2,1,2026-01-13 15:24:29,2026-01-13 15:24:29
101,38829,2,1,2026-01-13 15:24:56,2026-01-13 15:24:56
102,38829,2,1,2026-01-13 15:31:31,2026-01-13 15:31:31
103,38829,2,1,2026-01-13 15:32:00,2026-01-13 15:32:00
104,38829,2,1,2026-01-13 15:32:22,2026-01-13 15:32:22
105,19,1,1,2026-01-13 17:14:14,2026-01-13 17:14:14
106,38829,1,1,2026-01-13 17:19:09,2026-01-13 17:19:09
107,38829,3,1,2026-01-13 17:20:29,2026-01-13 17:20:29
108,38829,3,1,2026-01-13 17:21:55,2026-01-13 17:21:55
109,38829,3,1,2026-01-13 17:23:49,2026-01-13 17:23:49
110,38829,3,1,2026-01-13 17:24:41,2026-01-13 17:24:41
111,38829,3,1,2026-01-13 17:25:21,2026-01-13 17:25:21
112,38860,2,1,2026-01-16 11:23:03,2026-01-16 11:23:03
113,38829,2,1,2026-01-19 14:39:51,2026-01-19 14:39:51
114,38829,2,1,2026-01-19 14:40:26,2026-01-19 14:40:26
115,38829,2,1,2026-01-19 14:41:03,2026-01-19 14:41:03
116,38829,2,1,2026-01-19 14:41:34,2026-01-19 14:41:34
117,38829,2,1,2026-01-19 14:45:51,2026-01-19 14:45:51
118,38829,2,1,2026-01-19 14:48:27,2026-01-19 14:48:27
119,38829,2,1,2026-01-19 14:55:13,2026-01-19 14:55:13
120,38829,2,1,2026-01-19 14:56:09,2026-01-19 14:56:09
121,38829,2,1,2026-01-19 15:08:09,2026-01-19 15:08:09
122,38829,2,1,2026-01-19 15:08:54,2026-01-19 15:08:54
123,38829,2,1,2026-01-19 15:10:43,2026-01-19 15:10:43
124,38829,2,1,2026-01-19 15:10:59,2026-01-19 15:10:59
125,38829,2,1,2026-01-19 15:13:44,2026-01-19 15:13:44
126,38829,2,1,2026-01-19 15:14:31,2026-01-19 15:14:31
127,38829,2,1,2026-01-19 15:15:39,2026-01-19 15:15:39
128,38829,2,1,2026-01-19 15:15:58,2026-01-19 15:15:58
129,38829,2,1,2026-01-19 15:17:42,2026-01-19 15:17:42
130,38829,2,1,2026-01-19 15:19:11,2026-01-19 15:19:11
131,38829,2,1,2026-01-19 15:19:44,2026-01-19 15:19:44
132,38829,2,1,2026-01-19 15:20:30,2026-01-19 15:20:30
133,38829,2,1,2026-01-19 15:22:54,2026-01-19 15:22:54
134,38829,2,1,2026-01-19 15:24:16,2026-01-19 15:24:16
135,38829,2,1,2026-01-19 15:25:58,2026-01-19 15:25:58
136,38829,2,1,2026-01-19 15:28:27,2026-01-19 15:28:27
137,38829,2,1,2026-01-19 15:29:48,2026-01-19 15:29:48
138,38829,2,1,2026-01-19 15:32:16,2026-01-19 15:32:16
139,38829,2,1,2026-01-19 15:32:40,2026-01-19 15:32:40
140,38829,2,1,2026-01-19 15:34:57,2026-01-19 15:34:57
141,38829,2,1,2026-01-19 15:35:20,2026-01-19 15:35:20
142,38829,2,1,2026-01-19 15:35:36,2026-01-19 15:35:36
143,38829,2,1,2026-01-19 15:36:35,2026-01-19 15:36:35
144,38829,2,1,2026-01-19 15:39:11,2026-01-19 15:39:11
145,38829,2,1,2026-01-19 15:39:33,2026-01-19 15:39:33
146,38829,2,1,2026-01-19 16:13:19,2026-01-19 16:13:19
147,38829,2,1,2026-01-19 16:13:35,2026-01-19 16:13:35
148,38829,2,1,2026-01-19 16:14:05,2026-01-19 16:14:05
149,38829,2,1,2026-01-19 16:14:20,2026-01-19 16:14:20
150,38829,2,1,2026-01-19 16:14:38,2026-01-19 16:14:38
151,38829,2,1,2026-01-19 16:15:14,2026-01-19 16:15:14
152,38829,2,1,2026-01-19 16:15:44,2026-01-19 16:15:44
153,1,2,1,2026-01-19 16:50:12,2026-01-19 16:50:12
154,1,2,1,2026-01-19 16:50:30,2026-01-19 16:50:30
155,38829,2,1,2026-01-19 16:52:20,2026-01-19 16:52:20
156,38829,2,1,2026-01-19 16:52:33,2026-01-19 16:52:33
157,38872,2,1,2026-01-19 16:53:00,2026-01-19 16:53:00
158,38872,2,1,2026-01-19 16:53:14,2026-01-19 16:53:14
159,1,2,1,2026-01-19 16:54:42,2026-01-19 16:54:42
160,38829,2,1,2026-01-27 11:16:20,2026-01-27 11:16:20
161,38829,2,1,2026-01-27 11:16:28,2026-01-27 11:16:28
162,19,3,1,2026-01-31 15:00:24,2026-01-31 15:00:24
163,39001,1,1,2026-01-31 15:17:14,2026-01-31 15:17:14
164,39001,2,1,2026-01-31 16:06:22,2026-01-31 16:06:22
165,39001,2,1,2026-02-10 16:30:19,2026-02-10 16:30:19
166,19,1,1,2026-02-11 12:16:58,2026-02-11 12:16:58
167,39001,1,1,2026-02-11 12:46:40,2026-02-11 12:46:40
168,39001,1,1,2026-02-11 13:09:32,2026-02-11 13:09:32
169,39001,1,1,2026-02-11 15:20:35,2026-02-11 15:20:35
170,39001,1,1,2026-02-11 15:22:16,2026-02-11 15:22:16
171,39001,1,1,2026-02-11 15:46:38,2026-02-11 15:46:38
172,39001,1,1,2026-02-11 16:25:04,2026-02-11 16:25:04
173,39001,1,1,2026-02-11 17:25:21,2026-02-11 17:25:21
174,39001,2,1,2026-02-12 10:18:25,2026-02-12 10:18:25
175,38860,2,1,2026-02-16 13:32:48,2026-02-16 13:32:48
176,38860,2,1,2026-02-16 13:33:10,2026-02-16 13:33:10
177,38860,2,1,2026-02-16 13:33:33,2026-02-16 13:33:33
178,38860,2,1,2026-02-16 13:42:10,2026-02-16 13:42:10
179,19,2,1,2026-02-18 11:44:54,2026-02-18 11:44:54
180,19,2,1,2026-02-18 11:45:13,2026-02-18 11:45:13
181,19,2,1,2026-03-16 15:52:11,2026-03-16 15:52:11
182,18,2,1,2026-04-02 15:12:56,2026-04-02 15:12:56
183,19,1,1,2026-04-02 15:26:33,2026-04-02 15:26:33
184,18,1,1,2026-04-06 12:52:59,2026-04-06 12:52:59
185,18,1,1,2026-04-06 12:53:23,2026-04-06 12:53:23
186,18,2,1,2026-04-06 12:53:58,2026-04-06 12:53:58
187,18,2,1,2026-04-06 12:55:01,2026-04-06 12:55:01
188,18,2,1,2026-04-06 12:57:25,2026-04-06 12:57:25
189,39335,2,1,2026-04-24 12:36:39,2026-04-24 12:36:39
190,39314,1,1,2026-04-24 14:25:23,2026-04-24 14:25:23
191,26656,3,1,2026-05-02 14:57:27,2026-05-02 14:57:27
192,18,2,1,2026-05-05 13:32:17,2026-05-05 13:32:17
193,27244,2,1,2026-05-05 18:30:07,2026-05-05 18:30:07
194,19,2,1,2026-05-08 11:27:12,2026-05-08 11:27:12
195,19,3,1,2026-05-08 11:28:44,2026-05-08 11:28:44
196,39314,2,1,2026-05-09 18:24:15,2026-05-09 18:24:15
197,5014,1,1,2026-05-11 12:31:42,2026-05-11 12:31:42
198,5014,1,1,2026-05-12 12:37:39,2026-05-12 12:37:39
199,5014,2,1,2026-05-12 12:49:48,2026-05-12 12:49:48
200,5014,3,1,2026-05-12 12:50:09,2026-05-12 12:50:09
201,39314,2,1,2026-05-12 13:21:08,2026-05-12 13:21:08
202,639,2,1,2026-05-12 16:46:52,2026-05-12 16:46:52
203,639,1,1,2026-05-12 16:48:33,2026-05-12 16:48:33
204,5014,1,1,2026-05-13 11:19:14,2026-05-13 11:19:14
205,40088,2,1,2026-05-13 17:14:31,2026-05-13 17:14:31
206,5014,1,1,2026-05-14 12:08:31,2026-05-14 12:08:31
207,18,2,1,2026-05-18 12:50:13,2026-05-18 12:50:13
208,18,3,1,2026-05-18 12:53:25,2026-05-18 12:53:25
209,18,1,1,2026-05-18 13:00:06,2026-05-18 13:00:06
210,40109,1,1,2026-05-18 14:43:11,2026-05-18 14:43:11
211,8545,1,1,2026-05-18 14:44:30,2026-05-18 14:44:30
212,8545,2,1,2026-05-18 14:44:42,2026-05-18 14:44:42
213,8545,3,1,2026-05-18 14:44:51,2026-05-18 14:44:51
214,39314,1,1,2026-05-18 14:45:45,2026-05-18 14:45:45
215,39314,2,1,2026-05-18 14:45:53,2026-05-18 14:45:53
216,18,1,1,2026-05-18 15:08:38,2026-05-18 15:08:38
217,38860,1,1,2026-05-19 15:30:50,2026-05-19 15:30:50
218,18,1,1,2026-05-27 13:37:46,2026-05-27 13:37:46
219,39314,1,1,2026-05-27 18:22:58,2026-05-27 18:22:58
220,40159,1,1,2026-06-01 14:36:15,2026-06-01 14:36:15
221,639,1,1,2026-06-01 14:37:59,2026-06-01 14:37:59
222,38860,2,1,2026-06-01 14:53:27,2026-06-01 14:53:27
223,38860,2,1,2026-06-01 14:59:25,2026-06-01 14:59:25
224,639,1,1,2026-06-01 16:03:12,2026-06-01 16:03:12
225,639,1,1,2026-06-01 16:12:29,2026-06-01 16:12:29
226,18,2,1,2026-06-05 15:45:06,2026-06-05 15:45:06
227,18,2,1,2026-06-05 16:41:04,2026-06-05 16:41:04
228,18,2,1,2026-06-05 16:45:50,2026-06-05 16:45:50
229,18,2,1,2026-06-05 16:51:34,2026-06-05 16:51:34
230,18,2,1,2026-06-05 16:55:38,2026-06-05 16:55:38
231,18,2,1,2026-06-05 16:56:43,2026-06-05 16:56:43
232,18,2,1,2026-06-05 17:00:32,2026-06-05 17:00:32
233,40218,1,1,2026-06-06 12:59:30,2026-06-06 12:59:30
234,38872,1,1,2026-06-08 12:35:42,2026-06-08 12:35:42
235,18,2,1,2026-06-08 12:44:55,2026-06-08 12:44:55
236,38872,2,1,2026-06-08 12:50:20,2026-06-08 12:50:20
237,40352,1,1,2026-06-13 12:16:41,2026-06-13 12:16:41
