id,name,image,user_defined,status,user_id,create_date,modify_date
1,Acharya Nagarjuna University,,1,1,,,
2,Adikavi Nannaya University,,1,1,,,
3,Andhra University,,1,1,,,
4,Damodaram Sanjivayya National Law University,,1,1,,,
5,Dr. B.R. Ambedkar University,,1,1,,,
6,Dr. N.T.R. University of Health Sciences,,1,1,,,
7,Dr.Y.S.R. Horticultural University,,1,1,,,
8,Dravidian University,,1,1,,,
9,Gandhi Institute of Technology and Management,,1,1,,,
10,"Indian Institute of Information Technology, Sri City",,1,1,,,
11,"Jawaharlal Nehru Technological University, Anantapur",,1,1,,,
12,"Jawaharlal Nehru Technological University, Kakinada",,1,1,,,
13,K L University,,1,1,,,
14,Krishna University,,1,1,,,
15,Rashtriya Sanskrit Vidyapeetha,,1,1,,,
16,Rayalaseema University,,1,1,,,
17,"School of Planning and Architecture, Vijayawada",,1,1,,,
18,Sri Krishnadevaraya University,,1,1,,,
19,Sri Padmavati Mahila Visvavidyalayam,,1,1,,,
20,Sri Sathya Sai Institute of Higher Learning,,1,1,,,
21,Sri Venkateswara Institute of Medical Sciences,,1,1,,,
22,Sri Venkateswara University,,1,1,,,
23,Sri Venkateswara Vedic University,,1,1,,,
24,Sri Venkateswara Veterinary University,,1,1,,,
25,Vignan University,,1,1,,,
26,Vikrama Simhapuri University,,1,1,,,
27,Yogi Vemana University,,1,1,,,
28,"National Institute of Technology, Tadepalligudem, Andhra Pradesh",,1,1,,,
29,Apex Professional University,,1,1,,,
30,Arunachal University of Studies,,1,1,,,
31,Arunodaya University,,1,1,,,
32,Himalayan University,,1,1,,,
33,Indira Gandhi Technological and Medical Sciences University,,1,1,,,
34,"National Institute of Technology, Arunachal Pradesh",,1,1,,,
35,North East Frontier Technical University,,1,1,,,
36,North Eastern Regional Institute of Science and Technology,,1,1,,,
37,Rajiv Gandhi University,,1,1,,,
38,Assam Agricultural University,,1,1,,,
39,Assam Don Bosco University,,1,1,,,
40,Assam Down Town University,,1,1,,,
41,Assam Rajiv Gandhi University of Cooperative Management,,1,1,,,
42,Assam Science and Technology University,,1,1,,,
43,Assam University,,1,1,,,
44,Assam Womens University,,1,1,,,
45,Bodoland University,,1,1,,,
46,Cotton University,,1,1,,,
47,Dibrugarh University,,1,1,,,
48,Gauhati University,,1,1,,,
49,"Indian Institute of Information Technology, Guwahati",,1,1,,,
50,Indian Institute of Technology Guwahati,,1,1,,,
51,Kaziranga University,,1,1,,,
52,Kumar Bhaskar Varma Sanskrit and Ancient Studies University,,1,1,,,
53,Mahapurusha Srimanta Sankaradeva Viswavidyalaya,,1,1,,,
54,"National Institute of Pharmaceutical Education and Research, Guwahati",,1,1,,,
55,"National Institute of Technology, Silchar",,1,1,,,
56,National Law University and Judicial Academy,,1,1,,,
57,Srimanta Sankaradeva University of Health Sciences,,1,1,,,
58,Tezpur University,,1,1,,,
59,All India Institute of Medical Sciences Patna,,1,1,,,
60,Aryabhatta Knowledge University,,1,1,,,
61,Babasaheb Bhimrao Ambedkar Bihar University,,1,1,,,
62,Bhupendra Narayan Mandal University,,1,1,,,
63,Bihar Agricultural University,,1,1,,,
64,Central University of South Bihar,,1,1,,,
65,Chanakya National Law University,,1,1,,,
66,Dr. Rajendra Prasad Central Agriculture University,,1,1,,,
67,Indian Institute of Technology Patna,,1,1,,,
68,"Indira Gandhi Institute of Medical Sciences, Sheikhpura",,1,1,,,
69,Jai Prakash Vishwavidyalaya,,1,1,,,
70,K.K. University,,1,1,,,
71,Kameshwar Singh Darbhanga Sanskrit University,,1,1,,,
72,Lalit Narayan Mithila University,,1,1,,,
73,Magadh University,,1,1,,,
74,"Mahatma Gandhi Central University, Motihari",,1,1,,,
75,Maulana Mazharul Haque Arabic and Persian University,,1,1,,,
76,Nalanda University,,1,1,,,
77,"National Institute of Pharmaceutical Education and Research, Hajipur",,1,1,,,
78,"National Institute of Technology, Patna",,1,1,,,
79,Nava Nalanda Mahavihara,,1,1,,,
80,Patna University,,1,1,,,
81,"Sandip University, Sijoul",,1,1,,,
82,Tilka Manjhi Bhagalpur University,,1,1,,,
83,Veer Kunwar Singh University,,1,1,,,
84,Panjab University,,1,1,,,
85,PEC University of Technology,,1,1,,,
86,Post Graduate Institute of Medical Education and Research,,1,1,,,
87,All India Institute of Medical Sciences Raipur,,1,1,,,
88,Ayush and Health Sciences University of Chhattisgarh,,1,1,,,
89,Bilaspur Vishwavidyalaya,,1,1,,,
90,Chhattisgarh Kamdhenu Vishwavidyalaya,,1,1,,,
91,Chhattisgarh Swami Vivekananda Technical University,,1,1,,,
92,Dr. C.V. Raman University,,1,1,,,
93,Guru Ghasidas Vishwavidyalaya,,1,1,,,
94,Hidayatullah National Law University,,1,1,,,
95,"ICFAI University, Raipur",,1,1,,,
96,Indira Gandhi Krishi Vishwavidyalaya,,1,1,,,
97,Indira Kala Sangeet Vishwavidyalaya,,1,1,,,
98,"International Institute of Information Technology, Naya Raipur",,1,1,,,
99,ISBM University,,1,1,,,
100,ITM University Raipur,,1,1,,,
101,Kalinga University,,1,1,,,
102,Kushabhau Thakre Patrakarita Avam Jansanchar University,,1,1,,,
103,Maharishi University of Management and Technology,,1,1,,,
104,MATS University,,1,1,,,
105,"National Institute of Technology, Raipur",,1,1,,,
106,O.P. Jindal University,,1,1,,,
107,Pandit Ravishankar Shukla University,,1,1,,,
108,Sarguja University,,1,1,,,
109,Bastar Vishwavidyalaya,,1,1,,,
110,All India Institute of Medical Sciences Delhi,,1,1,,,
111,Ambedkar University Delhi,,1,1,,,
112,Delhi Pharmaceutical Sciences and Research University,,1,1,,,
113,Delhi Technological University,,1,1,,,
114,Guru Gobind Singh Indraprastha University,,1,1,,,
115,Indian Agricultural Research Institute,,1,1,,,
116,Indian Institute of Foreign Trade,,1,1,,,
117,Indian Institute of Technology Delhi,,1,1,,,
118,Indira Gandhi Delhi Technical University for Women,,1,1,,,
119,Indraprastha Institute of Information Technology,,1,1,,,
120,Jamia Hamdard,,1,1,,,
121,Jamia Millia Islamia,,1,1,,,
122,Jawaharlal Nehru University,,1,1,,,
123,National Institute of Fashion Technology,,1,1,,,
124,"National Institute of Technology, Delhi",,1,1,,,
125,National Law University,,1,1,,,
126,National University of Educational Planning and Administration,,1,1,,,
127,Rashtriya Sanskrit Sansthan University,,1,1,,,
128,"School of Planning and Architecture, Delhi",,1,1,,,
129,Shri Lal Bahadur Shastri Rashtriya Sanskrit Vidyapeetha,,1,1,,,
130,South Asian University,,1,1,,,
131,TERI University,,1,1,,,
132,The Indian Law Institute,,1,1,,,
133,University of Delhi,,1,1,,,
134,Goa University,,1,1,,,
135,"National Institute of Technology, Goa",,1,1,,,
136,Ahmedabad University,,1,1,,,
137,Anand Agricultural University,,1,1,,,
138,Anant National University,,1,1,,,
139,AURO University,,1,1,,,
140,Bhakta Kavi Narsinh Mehta University,,1,1,,,
141,C.U. Shah University,,1,1,,,
142,Calorx Teachers University,,1,1,,,
143,Central University of Gujarat,,1,1,,,
144,CEPT University,,1,1,,,
145,Charotar University of Science and Technology,,1,1,,,
146,Childrens University,,1,1,,,
147,Dharmsinh Desai University,,1,1,,,
148,Dhirubhai Ambani Institute of Information and Communication Technology,,1,1,,,
149,G.L.S. University,,1,1,,,
150,Ganpat University,,1,1,,,
151,GSFC University,,1,1,,,
152,Gujarat Ayurved University,,1,1,,,
153,Gujarat Forensic Sciences University,,1,1,,,
154,Gujarat National Law University,,1,1,,,
155,Gujarat Technological University,,1,1,,,
156,Gujarat University,,1,1,,,
157,Gujarat University of Transplantation Sciences,,1,1,,,
158,Gujarat Vidyapith,,1,1,,,
159,Hemchandracharya North Gujarat University,,1,1,,,
160,"Indian Institute of Information Technology, Vadodara",,1,1,,,
161,Indian Institute of Public Health,,1,1,,,
162,Indian Institute of Teacher Education,,1,1,,,
163,Indian Institute of Technology Gandhinagar,,1,1,,,
164,Indrashil University,,1,1,,,
165,Indus University,,1,1,,,
166,Institute of Advanced Research,,1,1,,,
167,"Institute of Infrastructure, Technology, Research and Management",,1,1,,,
168,ITM Vocational University,,1,1,,,
169,Junagadh Agricultural University,,1,1,,,
170,Kadi Sarva Vishwavidyalaya,,1,1,,,
171,Kamdhenu University,,1,1,,,
172,Karnavati University,,1,1,,,
173,Krantiguru Shyamji Krishna Verma Kachchh University,,1,1,,,
174,Lakulish Yoga University,,1,1,,,
175,Maharaja Krishnakumarsinhji Bhavnagar University,,1,1,,,
176,Marwadi University,,1,1,,,
177,National Institute of Design,,1,1,,,
178,"National Institute of Pharmaceutical Education and Research, Ahmedabad",,1,1,,,
179,Navrachana University,,1,1,,,
180,Navsari Agricultural University,,1,1,,,
181,Nirma University of Science and Technology,,1,1,,,
182,P P Savani University,,1,1,,,
183,Pandit Deendayal Petroleum University,,1,1,,,
184,Parul University,,1,1,,,
185,Plastindia International University,,1,1,,,
186,Rai University,,1,1,,,
187,Raksha Shakti University,,1,1,,,
188,RK University,,1,1,,,
189,Sankalchand Patel University,,1,1,,,
190,Sardar Patel University,,1,1,,,
191,"Sardar Vallabhbhai National Institute of Technology, Surat",,1,1,,,
192,Sardarkrushinagar Dantiwada Agricultural University,,1,1,,,
193,Saurashtra University,,1,1,,,
194,Shree Somnath Sanskrit University,,1,1,,,
195,Shri Govind Guru University,,1,1,,,
196,Suamandeep Vidyapeeth,,1,1,,,
197,Swarnim Gujarat Sports University,,1,1,,,
198,Swarnim Startup and Innovation University,,1,1,,,
199,TeamLease Skills University,,1,1,,,
200,The Maharaja Sayajirao University of Baroda,,1,1,,,
201,UKA Tarsadia University,,1,1,,,
202,Veer Narmad South Gujarat University,,1,1,,,
203,Al-Falah University,,1,1,,,
204,Ansal University,,1,1,,,
205,Apeejay Stya University,,1,1,,,
206,Ashoka University,,1,1,,,
207,Baba Mastnath University,,1,1,,,
208,Bhagat Phool Singh Mahila Vishwavidyalaya,,1,1,,,
209,BML Munjal University,,1,1,,,
210,Central University of Haryana,,1,1,,,
211,Chaudhary Bansi Lal University,,1,1,,,
212,Chaudhary Charan Singh Haryana Agricultural University,,1,1,,,
213,Chaudhary Devi Lal University,,1,1,,,
214,Chaudhary Ranbir Singh University,,1,1,,,
215,Deenbandhu Chhotu Ram University of Science and Technology,,1,1,,,
216,GD Goenka University,,1,1,,,
217,Guru Jambheshwar University of Science and Technology,,1,1,,,
218,Haryana Vishwakarma Skill University,,1,1,,,
219,"Indira Gandhi University, Meerpur",,1,1,,,
220,Jagan Nath University,,1,1,,,
221,K.R. Mangalam University,,1,1,,,
222,Kurukshetra University,,1,1,,,
223,Lala Lajpat Rai University of Veterinary and Animal Sciences,,1,1,,,
224,Lingayas University,,1,1,,,
225,Maharishi Dayanand University,,1,1,,,
226,"Maharishi Markandeshwar University, Mullana",,1,1,,,
227,"Maharishi Markandeshwar University, Sadopur",,1,1,,,
228,Manav Rachna International Institute of Research and Studies,,1,1,,,
229,Manav Rachna University,,1,1,,,
230,MVN University,,1,1,,,
231,National Dairy Research Institute,,1,1,,,
232,National Institute of Food Technology Entrepreneurship and Management,,1,1,,,
233,"National Institute of Technology, Kurukshetra",,1,1,,,
234,NIILM University,,1,1,,,
235,O.P. Jindal Global University,,1,1,,,
236,PDM University,,1,1,,,
237,Pt. Bhagwat Dayal Sharma University of Health Sciences,,1,1,,,
238,Shree Guru Gobind Singh Tricentenary University,,1,1,,,
239,SRM University Haryana,,1,1,,,
240,Starex University,,1,1,,,
241,State University of Performing and Visual Arts,,1,1,,,
242,The Northcap University,,1,1,,,
243,YMCA University of Science and Technology,,1,1,,,
244,Abhilashi University,,1,1,,,
21175,Poornima University,,1,1,40289,2026-06-09 15:24:40,2026-06-09 15:24:40
21176,Poornima Group of Institutions,,1,1,40289,2026-06-09 15:43:26,2026-06-09 15:43:26
21177,GRM Public School,,1,1,40289,2026-06-09 15:43:26,2026-06-09 15:43:26
21178,ssadsa,,1,1,40332,2026-06-12 12:43:36,2026-06-12 12:43:36
21179,"Guru Jambheswar University of Science & Technology, Hisar, Haryana",,1,1,40352,2026-06-13 11:57:28,2026-06-13 11:57:28
21180,"Tagore Sr. Sec. School, Mahendragarh, Haryana",,1,1,40352,2026-06-13 11:57:28,2026-06-13 11:57:28
21181,guru,,1,1,40119,2026-06-19 11:48:18,2026-06-19 11:48:18
21182,grukuk.haridwar,,1,1,40119,2026-06-19 12:42:19,2026-06-19 12:42:19
21183,imts institute,,1,1,40265,2026-06-19 13:30:26,2026-06-19 13:30:26
21184,Gurukul Kangri,,1,1,40452,2026-06-19 16:05:09,2026-06-19 16:05:09
21185,yash sharm,,1,1,40469,2026-06-23 12:25:18,2026-06-23 12:25:18
21186,Indira gandhi National Open University,,1,1,40471,2026-06-23 13:01:04,2026-06-23 13:01:04
21187,UPGRAD,,1,1,40290,2026-07-03 18:01:28,2026-07-03 18:01:28
21188,asda s,,1,1,18,2026-07-08 15:49:33,2026-07-08 15:49:33
21189,asda sa s,,1,1,18,2026-07-08 15:51:42,2026-07-08 15:51:42
