id,notification_id,user_id,is_deleted,create_date
1,15832,19,0,2026-06-22 17:08:10
2,15826,19,0,2026-06-22 17:08:10
3,15821,19,0,2026-06-22 17:08:10
4,15820,19,0,2026-06-22 17:08:10
5,15818,19,0,2026-06-22 17:08:10
6,15816,19,0,2026-06-22 17:08:10
7,15815,19,0,2026-06-22 17:08:10
8,15800,19,0,2026-06-22 17:08:10
9,15799,19,0,2026-06-22 17:08:10
10,15726,19,0,2026-06-22 17:08:10
11,15725,19,0,2026-06-22 17:08:10
12,15724,19,0,2026-06-22 17:08:10
13,15723,19,0,2026-06-22 17:08:10
14,15721,19,0,2026-06-22 17:08:10
15,15704,19,0,2026-06-22 17:08:10
16,15703,19,0,2026-06-22 17:08:10
17,15700,19,0,2026-06-22 17:08:10
18,15699,19,0,2026-06-22 17:08:10
19,15693,19,0,2026-06-22 17:08:10
20,15692,19,0,2026-06-22 17:08:10
21,15685,19,0,2026-06-22 17:08:10
22,15684,19,0,2026-06-22 17:08:10
23,15679,19,0,2026-06-22 17:08:10
24,15669,19,0,2026-06-22 17:08:10
25,15667,19,0,2026-06-22 17:08:10
26,15666,19,0,2026-06-22 17:08:10
27,15637,19,0,2026-06-22 17:08:10
28,15596,19,0,2026-06-22 17:08:10
29,15595,19,0,2026-06-22 17:08:10
30,15529,19,0,2026-06-22 17:08:10
31,15528,19,0,2026-06-22 17:08:10
32,15527,19,0,2026-06-22 17:08:10
33,15522,19,0,2026-06-22 17:08:10
34,15521,19,0,2026-06-22 17:08:10
35,15509,19,0,2026-06-22 17:08:10
36,15499,19,0,2026-06-22 17:08:10
37,15480,19,0,2026-06-22 17:08:10
38,15470,19,0,2026-06-22 17:08:10
41,15833,40265,0,2026-06-22 18:01:36
42,15832,40265,0,2026-06-22 18:02:52
43,15821,40265,0,2026-06-22 18:03:15
44,15826,40265,0,2026-06-22 18:03:18
45,15833,19,0,2026-06-22 18:04:37
46,15833,19,0,2026-06-22 18:04:40
47,15834,19,0,2026-06-22 18:08:08
48,15837,38860,0,2026-06-23 14:49:58
49,15837,38860,0,2026-06-23 14:50:04
50,15826,38860,0,2026-06-23 14:50:15
51,15935,38860,0,2026-06-26 12:46:31
52,15934,38860,0,2026-06-26 12:46:31
53,15933,38860,0,2026-06-26 12:46:31
54,15923,38860,0,2026-06-26 12:46:31
55,15922,38860,0,2026-06-26 12:46:31
56,15921,38860,0,2026-06-26 12:46:31
57,15919,38860,0,2026-06-26 12:46:31
58,15918,38860,0,2026-06-26 12:46:31
59,15917,38860,0,2026-06-26 12:46:31
60,15916,38860,0,2026-06-26 12:46:31
61,15915,38860,0,2026-06-26 12:46:31
62,15914,38860,0,2026-06-26 12:46:31
63,15913,38860,0,2026-06-26 12:46:31
64,15912,38860,0,2026-06-26 12:46:31
65,15911,38860,0,2026-06-26 12:46:31
66,15902,38860,0,2026-06-26 12:46:31
67,15899,38860,0,2026-06-26 12:46:31
68,15898,38860,0,2026-06-26 12:46:31
69,15897,38860,0,2026-06-26 12:46:31
70,15890,38860,0,2026-06-26 12:46:31
71,15884,38860,0,2026-06-26 12:46:31
72,15873,38860,0,2026-06-26 12:46:31
73,15872,38860,0,2026-06-26 12:46:31
74,15870,38860,0,2026-06-26 12:46:31
75,15868,38860,0,2026-06-26 12:46:31
76,15866,38860,0,2026-06-26 12:46:31
77,15858,38860,0,2026-06-26 12:46:31
78,15857,38860,0,2026-06-26 12:46:31
79,15854,38860,0,2026-06-26 12:46:31
80,15853,38860,0,2026-06-26 12:46:31
81,15852,38860,0,2026-06-26 12:46:31
82,15850,38860,0,2026-06-26 12:46:31
83,15849,38860,0,2026-06-26 12:46:31
84,15838,38860,0,2026-06-26 12:46:31
85,15837,38860,0,2026-06-26 12:46:31
86,15834,38860,0,2026-06-26 12:46:31
87,15833,38860,0,2026-06-26 12:46:31
88,15832,38860,0,2026-06-26 12:46:31
89,15826,38860,0,2026-06-26 12:46:31
90,15821,38860,0,2026-06-26 12:46:31
91,15820,38860,0,2026-06-26 12:46:31
92,15818,38860,0,2026-06-26 12:46:31
93,15816,38860,0,2026-06-26 12:46:31
94,15815,38860,0,2026-06-26 12:46:31
95,15800,38860,0,2026-06-26 12:46:31
96,15799,38860,0,2026-06-26 12:46:31
97,15768,38860,0,2026-06-26 12:46:31
98,15745,38860,0,2026-06-26 12:46:31
99,15707,38860,0,2026-06-26 12:46:31
100,15704,38860,0,2026-06-26 12:46:31
101,15703,38860,0,2026-06-26 12:46:31
102,15700,38860,0,2026-06-26 12:46:31
103,15699,38860,0,2026-06-26 12:46:31
104,15696,38860,0,2026-06-26 12:46:31
105,15693,38860,0,2026-06-26 12:46:31
106,15692,38860,0,2026-06-26 12:46:31
107,15685,38860,0,2026-06-26 12:46:31
108,15684,38860,0,2026-06-26 12:46:31
109,15679,38860,0,2026-06-26 12:46:31
110,15674,38860,0,2026-06-26 12:46:31
111,15669,38860,0,2026-06-26 12:46:31
112,15667,38860,0,2026-06-26 12:46:31
113,15666,38860,0,2026-06-26 12:46:31
114,15665,38860,0,2026-06-26 12:46:31
115,15661,38860,0,2026-06-26 12:46:31
116,15637,38860,0,2026-06-26 12:46:31
117,15605,38860,0,2026-06-26 12:46:31
118,15596,38860,0,2026-06-26 12:46:31
119,15595,38860,0,2026-06-26 12:46:31
120,15586,38860,0,2026-06-26 12:46:31
121,15529,38860,0,2026-06-26 12:46:31
122,15528,38860,0,2026-06-26 12:46:31
123,15527,38860,0,2026-06-26 12:46:31
124,15522,38860,0,2026-06-26 12:46:31
125,15521,38860,0,2026-06-26 12:46:31
126,15509,38860,0,2026-06-26 12:46:31
127,15499,38860,0,2026-06-26 12:46:31
128,15477,38860,0,2026-06-26 12:46:31
129,15473,38860,0,2026-06-26 12:46:31
130,15468,38860,0,2026-06-26 12:46:31
131,15464,38860,0,2026-06-26 12:46:31
132,15455,38860,0,2026-06-26 12:46:31
133,15454,38860,0,2026-06-26 12:46:31
134,15453,38860,0,2026-06-26 12:46:31
135,15440,38860,0,2026-06-26 12:46:31
136,15434,38860,0,2026-06-26 12:46:31
137,15875,40119,0,2026-06-26 16:28:39
138,15875,40119,0,2026-06-26 16:28:39
139,15920,40119,0,2026-06-26 16:28:52
140,15877,40119,0,2026-06-26 16:28:52
141,15875,40119,0,2026-06-26 16:28:52
142,15874,40119,0,2026-06-26 16:28:52
143,15813,40119,0,2026-06-26 16:28:52
144,15810,40119,0,2026-06-26 16:28:52
145,15958,38860,0,2026-06-26 17:51:42
146,15954,38860,0,2026-06-26 17:51:42
147,15951,38860,0,2026-06-26 17:51:42
148,15946,38860,0,2026-06-26 17:51:42
149,15944,38860,0,2026-06-26 17:51:42
150,15936,38860,0,2026-06-26 17:51:42
151,15935,38860,0,2026-06-26 17:51:42
152,15934,38860,0,2026-06-26 17:51:42
153,15933,38860,0,2026-06-26 17:51:42
154,15923,38860,0,2026-06-26 17:51:42
155,15922,38860,0,2026-06-26 17:51:42
156,15921,38860,0,2026-06-26 17:51:42
157,15919,38860,0,2026-06-26 17:51:42
158,15918,38860,0,2026-06-26 17:51:42
159,15917,38860,0,2026-06-26 17:51:42
160,15916,38860,0,2026-06-26 17:51:42
161,15915,38860,0,2026-06-26 17:51:42
162,15914,38860,0,2026-06-26 17:51:42
163,15913,38860,0,2026-06-26 17:51:42
164,15912,38860,0,2026-06-26 17:51:42
165,15911,38860,0,2026-06-26 17:51:42
166,15902,38860,0,2026-06-26 17:51:42
167,15899,38860,0,2026-06-26 17:51:42
168,15898,38860,0,2026-06-26 17:51:42
169,15897,38860,0,2026-06-26 17:51:42
170,15890,38860,0,2026-06-26 17:51:42
171,15884,38860,0,2026-06-26 17:51:42
172,15873,38860,0,2026-06-26 17:51:42
173,15872,38860,0,2026-06-26 17:51:42
174,15870,38860,0,2026-06-26 17:51:42
175,15868,38860,0,2026-06-26 17:51:42
176,15866,38860,0,2026-06-26 17:51:42
177,15858,38860,0,2026-06-26 17:51:42
178,15857,38860,0,2026-06-26 17:51:42
179,15854,38860,0,2026-06-26 17:51:42
180,15853,38860,0,2026-06-26 17:51:42
181,15852,38860,0,2026-06-26 17:51:42
182,15850,38860,0,2026-06-26 17:51:42
183,15849,38860,0,2026-06-26 17:51:42
184,15838,38860,0,2026-06-26 17:51:42
185,15837,38860,0,2026-06-26 17:51:42
186,15834,38860,0,2026-06-26 17:51:42
187,15833,38860,0,2026-06-26 17:51:42
188,15832,38860,0,2026-06-26 17:51:42
189,15826,38860,0,2026-06-26 17:51:42
190,15821,38860,0,2026-06-26 17:51:42
191,15820,38860,0,2026-06-26 17:51:42
192,15818,38860,0,2026-06-26 17:51:42
193,15816,38860,0,2026-06-26 17:51:42
194,15815,38860,0,2026-06-26 17:51:42
195,15800,38860,0,2026-06-26 17:51:42
196,15799,38860,0,2026-06-26 17:51:42
197,15768,38860,0,2026-06-26 17:51:42
198,15745,38860,0,2026-06-26 17:51:42
199,15707,38860,0,2026-06-26 17:51:42
200,15704,38860,0,2026-06-26 17:51:42
201,15703,38860,0,2026-06-26 17:51:42
202,15700,38860,0,2026-06-26 17:51:42
203,15699,38860,0,2026-06-26 17:51:42
204,15696,38860,0,2026-06-26 17:51:42
205,15693,38860,0,2026-06-26 17:51:42
206,15692,38860,0,2026-06-26 17:51:42
207,15685,38860,0,2026-06-26 17:51:42
208,15684,38860,0,2026-06-26 17:51:42
209,15679,38860,0,2026-06-26 17:51:42
210,15674,38860,0,2026-06-26 17:51:42
211,15669,38860,0,2026-06-26 17:51:42
212,15667,38860,0,2026-06-26 17:51:42
213,15666,38860,0,2026-06-26 17:51:42
214,15665,38860,0,2026-06-26 17:51:42
215,15661,38860,0,2026-06-26 17:51:42
216,15637,38860,0,2026-06-26 17:51:42
217,15605,38860,0,2026-06-26 17:51:42
218,15596,38860,0,2026-06-26 17:51:42
219,15595,38860,0,2026-06-26 17:51:42
220,15586,38860,0,2026-06-26 17:51:42
221,15529,38860,0,2026-06-26 17:51:42
222,15528,38860,0,2026-06-26 17:51:42
223,15527,38860,0,2026-06-26 17:51:42
224,15522,38860,0,2026-06-26 17:51:42
225,15521,38860,0,2026-06-26 17:51:42
226,15509,38860,0,2026-06-26 17:51:42
227,15499,38860,0,2026-06-26 17:51:42
228,15477,38860,0,2026-06-26 17:51:42
229,15473,38860,0,2026-06-26 17:51:42
230,15468,38860,0,2026-06-26 17:51:42
231,15464,38860,0,2026-06-26 17:51:42
232,15455,38860,0,2026-06-26 17:51:42
233,15454,38860,0,2026-06-26 17:51:42
234,15453,38860,0,2026-06-26 17:51:42
235,15440,38860,0,2026-06-26 17:51:42
236,15434,38860,0,2026-06-26 17:51:42
237,15958,38860,0,2026-06-26 17:51:42
238,15954,38860,0,2026-06-26 17:51:42
239,15951,38860,0,2026-06-26 17:51:42
240,15946,38860,0,2026-06-26 17:51:42
241,15944,38860,0,2026-06-26 17:51:42
242,15936,38860,0,2026-06-26 17:51:42
243,15935,38860,0,2026-06-26 17:51:42
244,15934,38860,0,2026-06-26 17:51:42
245,15933,38860,0,2026-06-26 17:51:42
246,15923,38860,0,2026-06-26 17:51:42
247,15922,38860,0,2026-06-26 17:51:42
248,15921,38860,0,2026-06-26 17:51:42
249,15919,38860,0,2026-06-26 17:51:42
250,15918,38860,0,2026-06-26 17:51:42
251,15917,38860,0,2026-06-26 17:51:42
252,15916,38860,0,2026-06-26 17:51:42
253,15915,38860,0,2026-06-26 17:51:42
254,15914,38860,0,2026-06-26 17:51:42
255,15913,38860,0,2026-06-26 17:51:42
256,15912,38860,0,2026-06-26 17:51:42
257,15911,38860,0,2026-06-26 17:51:42
258,15902,38860,0,2026-06-26 17:51:42
259,15899,38860,0,2026-06-26 17:51:42
260,15898,38860,0,2026-06-26 17:51:42
261,15897,38860,0,2026-06-26 17:51:42
262,15890,38860,0,2026-06-26 17:51:42
263,15884,38860,0,2026-06-26 17:51:42
264,15873,38860,0,2026-06-26 17:51:42
265,15872,38860,0,2026-06-26 17:51:42
266,15870,38860,0,2026-06-26 17:51:42
267,15868,38860,0,2026-06-26 17:51:42
268,15866,38860,0,2026-06-26 17:51:42
269,15858,38860,0,2026-06-26 17:51:42
270,15857,38860,0,2026-06-26 17:51:42
271,15854,38860,0,2026-06-26 17:51:42
272,15853,38860,0,2026-06-26 17:51:42
273,15852,38860,0,2026-06-26 17:51:42
274,15850,38860,0,2026-06-26 17:51:42
275,15849,38860,0,2026-06-26 17:51:42
276,15838,38860,0,2026-06-26 17:51:42
277,15837,38860,0,2026-06-26 17:51:42
278,15834,38860,0,2026-06-26 17:51:42
279,15833,38860,0,2026-06-26 17:51:42
280,15832,38860,0,2026-06-26 17:51:42
281,15826,38860,0,2026-06-26 17:51:42
282,15821,38860,0,2026-06-26 17:51:42
283,15820,38860,0,2026-06-26 17:51:42
284,15818,38860,0,2026-06-26 17:51:42
285,15816,38860,0,2026-06-26 17:51:42
286,15815,38860,0,2026-06-26 17:51:42
287,15800,38860,0,2026-06-26 17:51:42
288,15799,38860,0,2026-06-26 17:51:42
289,15768,38860,0,2026-06-26 17:51:42
290,15745,38860,0,2026-06-26 17:51:42
291,15707,38860,0,2026-06-26 17:51:42
292,15704,38860,0,2026-06-26 17:51:42
293,15703,38860,0,2026-06-26 17:51:42
294,15700,38860,0,2026-06-26 17:51:42
295,15699,38860,0,2026-06-26 17:51:42
296,15696,38860,0,2026-06-26 17:51:42
297,15693,38860,0,2026-06-26 17:51:42
298,15692,38860,0,2026-06-26 17:51:42
299,15685,38860,0,2026-06-26 17:51:42
300,15684,38860,0,2026-06-26 17:51:42
301,15679,38860,0,2026-06-26 17:51:42
302,15674,38860,0,2026-06-26 17:51:42
303,15669,38860,0,2026-06-26 17:51:42
304,15667,38860,0,2026-06-26 17:51:42
305,15666,38860,0,2026-06-26 17:51:42
306,15665,38860,0,2026-06-26 17:51:42
307,15661,38860,0,2026-06-26 17:51:42
308,15637,38860,0,2026-06-26 17:51:42
309,15605,38860,0,2026-06-26 17:51:42
310,15596,38860,0,2026-06-26 17:51:42
311,15595,38860,0,2026-06-26 17:51:42
312,15586,38860,0,2026-06-26 17:51:42
313,15529,38860,0,2026-06-26 17:51:42
314,15528,38860,0,2026-06-26 17:51:42
315,15527,38860,0,2026-06-26 17:51:42
316,15522,38860,0,2026-06-26 17:51:42
317,15521,38860,0,2026-06-26 17:51:42
318,15509,38860,0,2026-06-26 17:51:42
319,15499,38860,0,2026-06-26 17:51:42
320,15477,38860,0,2026-06-26 17:51:42
321,15473,38860,0,2026-06-26 17:51:42
322,15468,38860,0,2026-06-26 17:51:42
323,15464,38860,0,2026-06-26 17:51:42
324,15455,38860,0,2026-06-26 17:51:42
325,15454,38860,0,2026-06-26 17:51:42
326,15453,38860,0,2026-06-26 17:51:42
327,15440,38860,0,2026-06-26 17:51:42
328,15434,38860,0,2026-06-26 17:51:42
329,15958,38860,0,2026-06-26 18:04:16
330,15954,38860,0,2026-06-26 18:04:16
331,15951,38860,0,2026-06-26 18:04:16
332,15946,38860,0,2026-06-26 18:04:16
333,15944,38860,0,2026-06-26 18:04:16
334,15936,38860,0,2026-06-26 18:04:16
335,15935,38860,0,2026-06-26 18:04:16
336,15934,38860,0,2026-06-26 18:04:16
337,15933,38860,0,2026-06-26 18:04:16
338,15923,38860,0,2026-06-26 18:04:16
339,15922,38860,0,2026-06-26 18:04:16
340,15921,38860,0,2026-06-26 18:04:16
341,15919,38860,0,2026-06-26 18:04:16
342,15918,38860,0,2026-06-26 18:04:16
343,15917,38860,0,2026-06-26 18:04:16
344,15916,38860,0,2026-06-26 18:04:16
345,15915,38860,0,2026-06-26 18:04:16
346,15914,38860,0,2026-06-26 18:04:16
347,15913,38860,0,2026-06-26 18:04:16
348,15912,38860,0,2026-06-26 18:04:16
349,15911,38860,0,2026-06-26 18:04:16
350,15902,38860,0,2026-06-26 18:04:16
351,15899,38860,0,2026-06-26 18:04:16
352,15898,38860,0,2026-06-26 18:04:16
353,15897,38860,0,2026-06-26 18:04:16
354,15890,38860,0,2026-06-26 18:04:16
355,15884,38860,0,2026-06-26 18:04:16
356,15873,38860,0,2026-06-26 18:04:16
357,15872,38860,0,2026-06-26 18:04:16
358,15870,38860,0,2026-06-26 18:04:16
359,15868,38860,0,2026-06-26 18:04:16
360,15866,38860,0,2026-06-26 18:04:16
361,15858,38860,0,2026-06-26 18:04:16
362,15857,38860,0,2026-06-26 18:04:16
363,15854,38860,0,2026-06-26 18:04:16
364,15853,38860,0,2026-06-26 18:04:16
365,15852,38860,0,2026-06-26 18:04:16
366,15850,38860,0,2026-06-26 18:04:16
367,15849,38860,0,2026-06-26 18:04:16
368,15838,38860,0,2026-06-26 18:04:16
369,15837,38860,0,2026-06-26 18:04:16
370,15834,38860,0,2026-06-26 18:04:16
371,15833,38860,0,2026-06-26 18:04:16
372,15832,38860,0,2026-06-26 18:04:16
373,15826,38860,0,2026-06-26 18:04:16
374,15821,38860,0,2026-06-26 18:04:16
375,15820,38860,0,2026-06-26 18:04:16
376,15818,38860,0,2026-06-26 18:04:16
377,15816,38860,0,2026-06-26 18:04:16
378,15815,38860,0,2026-06-26 18:04:16
379,15800,38860,0,2026-06-26 18:04:16
380,15799,38860,0,2026-06-26 18:04:16
381,15768,38860,0,2026-06-26 18:04:16
382,15745,38860,0,2026-06-26 18:04:16
383,15707,38860,0,2026-06-26 18:04:16
384,15704,38860,0,2026-06-26 18:04:16
385,15703,38860,0,2026-06-26 18:04:16
386,15700,38860,0,2026-06-26 18:04:16
387,15699,38860,0,2026-06-26 18:04:16
388,15696,38860,0,2026-06-26 18:04:16
389,15693,38860,0,2026-06-26 18:04:16
390,15692,38860,0,2026-06-26 18:04:16
391,15685,38860,0,2026-06-26 18:04:16
392,15684,38860,0,2026-06-26 18:04:16
393,15679,38860,0,2026-06-26 18:04:16
394,15674,38860,0,2026-06-26 18:04:16
395,15669,38860,0,2026-06-26 18:04:16
396,15667,38860,0,2026-06-26 18:04:16
397,15666,38860,0,2026-06-26 18:04:16
398,15665,38860,0,2026-06-26 18:04:16
399,15661,38860,0,2026-06-26 18:04:16
400,15637,38860,0,2026-06-26 18:04:16
401,15605,38860,0,2026-06-26 18:04:16
402,15596,38860,0,2026-06-26 18:04:16
403,15595,38860,0,2026-06-26 18:04:16
404,15586,38860,0,2026-06-26 18:04:16
405,15529,38860,0,2026-06-26 18:04:16
406,15528,38860,0,2026-06-26 18:04:16
407,15527,38860,0,2026-06-26 18:04:16
408,15522,38860,0,2026-06-26 18:04:16
409,15521,38860,0,2026-06-26 18:04:16
410,15509,38860,0,2026-06-26 18:04:16
411,15499,38860,0,2026-06-26 18:04:16
412,15477,38860,0,2026-06-26 18:04:16
413,15473,38860,0,2026-06-26 18:04:16
414,15468,38860,0,2026-06-26 18:04:16
415,15464,38860,0,2026-06-26 18:04:16
416,15455,38860,0,2026-06-26 18:04:16
417,15454,38860,0,2026-06-26 18:04:16
418,15453,38860,0,2026-06-26 18:04:16
419,15440,38860,0,2026-06-26 18:04:16
420,15434,38860,0,2026-06-26 18:04:16
421,15954,38872,0,2026-06-29 11:14:20
422,15944,38872,0,2026-06-29 11:14:33
423,16015,38872,0,2026-06-29 18:38:22
424,16014,38872,0,2026-06-29 18:38:22
425,16013,38872,0,2026-06-29 18:38:22
426,16011,38872,0,2026-06-29 18:38:22
427,16010,38872,0,2026-06-29 18:38:22
428,16008,38872,0,2026-06-29 18:38:22
429,16007,38872,0,2026-06-29 18:38:22
430,16006,38872,0,2026-06-29 18:38:22
431,15996,38872,0,2026-06-29 18:38:22
432,15975,38872,0,2026-06-29 18:38:22
433,15973,38872,0,2026-06-29 18:38:22
434,15971,38872,0,2026-06-29 18:38:22
435,15958,38872,0,2026-06-29 18:38:22
436,15954,38872,0,2026-06-29 18:38:22
437,15951,38872,0,2026-06-29 18:38:22
438,15946,38872,0,2026-06-29 18:38:22
439,15944,38872,0,2026-06-29 18:38:22
440,15935,38872,0,2026-06-29 18:38:22
441,15934,38872,0,2026-06-29 18:38:22
442,15933,38872,0,2026-06-29 18:38:22
443,15932,38872,0,2026-06-29 18:38:22
444,15931,38872,0,2026-06-29 18:38:22
445,15923,38872,0,2026-06-29 18:38:22
446,15922,38872,0,2026-06-29 18:38:22
447,15921,38872,0,2026-06-29 18:38:22
448,15917,38872,0,2026-06-29 18:38:22
449,15916,38872,0,2026-06-29 18:38:22
450,15914,38872,0,2026-06-29 18:38:22
451,15913,38872,0,2026-06-29 18:38:22
452,15911,38872,0,2026-06-29 18:38:22
453,15902,38872,0,2026-06-29 18:38:22
454,15899,38872,0,2026-06-29 18:38:22
455,15898,38872,0,2026-06-29 18:38:22
456,15890,38872,0,2026-06-29 18:38:22
457,15886,38872,0,2026-06-29 18:38:22
458,15885,38872,0,2026-06-29 18:38:22
459,15884,38872,0,2026-06-29 18:38:22
460,15881,38872,0,2026-06-29 18:38:22
461,15873,38872,0,2026-06-29 18:38:22
462,15872,38872,0,2026-06-29 18:38:22
463,15871,38872,0,2026-06-29 18:38:22
464,15869,38872,0,2026-06-29 18:38:22
465,15868,38872,0,2026-06-29 18:38:22
466,15866,38872,0,2026-06-29 18:38:22
467,15858,38872,0,2026-06-29 18:38:22
468,15857,38872,0,2026-06-29 18:38:22
469,15854,38872,0,2026-06-29 18:38:22
470,15853,38872,0,2026-06-29 18:38:22
471,15852,38872,0,2026-06-29 18:38:22
472,15850,38872,0,2026-06-29 18:38:22
473,15849,38872,0,2026-06-29 18:38:22
474,15838,38872,0,2026-06-29 18:38:22
475,15837,38872,0,2026-06-29 18:38:22
476,15834,38872,0,2026-06-29 18:38:22
477,15833,38872,0,2026-06-29 18:38:22
478,15832,38872,0,2026-06-29 18:38:22
479,15828,38872,0,2026-06-29 18:38:22
480,15827,38872,0,2026-06-29 18:38:22
481,15826,38872,0,2026-06-29 18:38:22
482,15825,38872,0,2026-06-29 18:38:22
483,15821,38872,0,2026-06-29 18:38:22
484,15820,38872,0,2026-06-29 18:38:22
485,15818,38872,0,2026-06-29 18:38:22
486,15816,38872,0,2026-06-29 18:38:22
487,15815,38872,0,2026-06-29 18:38:22
488,15801,38872,0,2026-06-29 18:38:22
489,15800,38872,0,2026-06-29 18:38:22
490,15799,38872,0,2026-06-29 18:38:22
491,15756,38872,0,2026-06-29 18:38:22
492,15747,38872,0,2026-06-29 18:38:22
493,15704,38872,0,2026-06-29 18:38:22
494,15703,38872,0,2026-06-29 18:38:22
495,15700,38872,0,2026-06-29 18:38:22
496,15699,38872,0,2026-06-29 18:38:22
497,15693,38872,0,2026-06-29 18:38:22
498,15692,38872,0,2026-06-29 18:38:22
499,15685,38872,0,2026-06-29 18:38:22
500,15684,38872,0,2026-06-29 18:38:22
501,15679,38872,0,2026-06-29 18:38:22
502,15669,38872,0,2026-06-29 18:38:22
503,15667,38872,0,2026-06-29 18:38:22
504,15666,38872,0,2026-06-29 18:38:22
505,15637,38872,0,2026-06-29 18:38:22
506,15631,38872,0,2026-06-29 18:38:22
507,15596,38872,0,2026-06-29 18:38:22
508,15595,38872,0,2026-06-29 18:38:22
509,15587,38872,0,2026-06-29 18:38:22
510,15582,38872,0,2026-06-29 18:38:22
511,15529,38872,0,2026-06-29 18:38:22
512,15528,38872,0,2026-06-29 18:38:22
513,15527,38872,0,2026-06-29 18:38:22
514,15522,38872,0,2026-06-29 18:38:22
515,15521,38872,0,2026-06-29 18:38:22
516,15509,38872,0,2026-06-29 18:38:22
517,15499,38872,0,2026-06-29 18:38:22
518,15495,38872,0,2026-06-29 18:38:22
519,15478,38872,0,2026-06-29 18:38:22
520,15475,38872,0,2026-06-29 18:38:22
521,15474,38872,0,2026-06-29 18:38:22
522,15438,38872,0,2026-06-29 18:38:22
523,16015,38860,0,2026-06-30 11:33:29
524,16014,38860,0,2026-06-30 11:33:29
525,16013,38860,0,2026-06-30 11:33:29
526,16011,38860,0,2026-06-30 11:33:29
527,16006,38860,0,2026-06-30 11:33:29
528,15975,38860,0,2026-06-30 11:33:29
529,15973,38860,0,2026-06-30 11:33:29
530,15971,38860,0,2026-06-30 11:33:29
531,15958,38860,0,2026-06-30 11:33:29
532,15954,38860,0,2026-06-30 11:33:29
533,15951,38860,0,2026-06-30 11:33:29
534,15946,38860,0,2026-06-30 11:33:29
535,15944,38860,0,2026-06-30 11:33:29
536,15936,38860,0,2026-06-30 11:33:29
537,15935,38860,0,2026-06-30 11:33:29
538,15934,38860,0,2026-06-30 11:33:29
539,15933,38860,0,2026-06-30 11:33:29
540,15923,38860,0,2026-06-30 11:33:29
541,15922,38860,0,2026-06-30 11:33:29
542,15921,38860,0,2026-06-30 11:33:29
543,15919,38860,0,2026-06-30 11:33:29
544,15918,38860,0,2026-06-30 11:33:29
545,15917,38860,0,2026-06-30 11:33:29
546,15916,38860,0,2026-06-30 11:33:29
547,15915,38860,0,2026-06-30 11:33:29
548,15914,38860,0,2026-06-30 11:33:29
549,15913,38860,0,2026-06-30 11:33:29
550,15912,38860,0,2026-06-30 11:33:29
551,15911,38860,0,2026-06-30 11:33:29
552,15902,38860,0,2026-06-30 11:33:29
553,15899,38860,0,2026-06-30 11:33:29
554,15898,38860,0,2026-06-30 11:33:29
555,15897,38860,0,2026-06-30 11:33:29
556,15890,38860,0,2026-06-30 11:33:29
557,15884,38860,0,2026-06-30 11:33:29
558,15873,38860,0,2026-06-30 11:33:29
559,15872,38860,0,2026-06-30 11:33:29
560,15870,38860,0,2026-06-30 11:33:29
561,15868,38860,0,2026-06-30 11:33:29
562,15866,38860,0,2026-06-30 11:33:29
563,15858,38860,0,2026-06-30 11:33:29
564,15857,38860,0,2026-06-30 11:33:29
565,15854,38860,0,2026-06-30 11:33:29
566,15853,38860,0,2026-06-30 11:33:29
567,15852,38860,0,2026-06-30 11:33:29
568,15850,38860,0,2026-06-30 11:33:29
569,15849,38860,0,2026-06-30 11:33:29
570,15838,38860,0,2026-06-30 11:33:29
571,15837,38860,0,2026-06-30 11:33:29
572,15834,38860,0,2026-06-30 11:33:29
573,15833,38860,0,2026-06-30 11:33:29
574,15832,38860,0,2026-06-30 11:33:29
575,15826,38860,0,2026-06-30 11:33:29
576,15821,38860,0,2026-06-30 11:33:29
577,15820,38860,0,2026-06-30 11:33:29
578,15818,38860,0,2026-06-30 11:33:29
579,15816,38860,0,2026-06-30 11:33:29
580,15815,38860,0,2026-06-30 11:33:29
581,15800,38860,0,2026-06-30 11:33:29
582,15799,38860,0,2026-06-30 11:33:29
583,15768,38860,0,2026-06-30 11:33:29
584,15745,38860,0,2026-06-30 11:33:29
585,15707,38860,0,2026-06-30 11:33:29
586,15704,38860,0,2026-06-30 11:33:29
587,15703,38860,0,2026-06-30 11:33:29
588,15700,38860,0,2026-06-30 11:33:29
589,15699,38860,0,2026-06-30 11:33:29
590,15696,38860,0,2026-06-30 11:33:29
591,15693,38860,0,2026-06-30 11:33:29
592,15692,38860,0,2026-06-30 11:33:29
593,15685,38860,0,2026-06-30 11:33:29
594,15684,38860,0,2026-06-30 11:33:29
595,15679,38860,0,2026-06-30 11:33:29
596,15674,38860,0,2026-06-30 11:33:29
597,15669,38860,0,2026-06-30 11:33:29
598,15667,38860,0,2026-06-30 11:33:29
599,15666,38860,0,2026-06-30 11:33:29
600,15665,38860,0,2026-06-30 11:33:29
601,15661,38860,0,2026-06-30 11:33:29
602,15637,38860,0,2026-06-30 11:33:29
603,15605,38860,0,2026-06-30 11:33:29
604,15596,38860,0,2026-06-30 11:33:29
605,15595,38860,0,2026-06-30 11:33:29
606,15586,38860,0,2026-06-30 11:33:29
607,15529,38860,0,2026-06-30 11:33:29
608,15528,38860,0,2026-06-30 11:33:29
609,15527,38860,0,2026-06-30 11:33:29
610,15522,38860,0,2026-06-30 11:33:29
611,15521,38860,0,2026-06-30 11:33:29
612,15509,38860,0,2026-06-30 11:33:29
613,15499,38860,0,2026-06-30 11:33:29
614,15477,38860,0,2026-06-30 11:33:29
615,15473,38860,0,2026-06-30 11:33:29
616,15468,38860,0,2026-06-30 11:33:29
617,15464,38860,0,2026-06-30 11:33:29
618,15455,38860,0,2026-06-30 11:33:29
619,15454,38860,0,2026-06-30 11:33:29
620,15453,38860,0,2026-06-30 11:33:29
621,15440,38860,0,2026-06-30 11:33:29
622,15434,38860,0,2026-06-30 11:33:29
623,16015,38860,0,2026-06-30 11:33:30
624,16014,38860,0,2026-06-30 11:33:30
625,16013,38860,0,2026-06-30 11:33:30
626,16011,38860,0,2026-06-30 11:33:30
627,16006,38860,0,2026-06-30 11:33:30
628,15975,38860,0,2026-06-30 11:33:30
629,15973,38860,0,2026-06-30 11:33:30
630,15971,38860,0,2026-06-30 11:33:30
631,15958,38860,0,2026-06-30 11:33:30
632,15954,38860,0,2026-06-30 11:33:30
633,15951,38860,0,2026-06-30 11:33:30
634,15946,38860,0,2026-06-30 11:33:30
635,15944,38860,0,2026-06-30 11:33:30
636,15936,38860,0,2026-06-30 11:33:30
637,15935,38860,0,2026-06-30 11:33:30
638,15934,38860,0,2026-06-30 11:33:30
639,15933,38860,0,2026-06-30 11:33:30
640,15923,38860,0,2026-06-30 11:33:30
641,15922,38860,0,2026-06-30 11:33:30
642,15921,38860,0,2026-06-30 11:33:30
643,15919,38860,0,2026-06-30 11:33:30
644,15918,38860,0,2026-06-30 11:33:30
645,15917,38860,0,2026-06-30 11:33:30
646,15916,38860,0,2026-06-30 11:33:30
647,15915,38860,0,2026-06-30 11:33:30
648,15914,38860,0,2026-06-30 11:33:30
649,15913,38860,0,2026-06-30 11:33:30
650,15912,38860,0,2026-06-30 11:33:30
651,15911,38860,0,2026-06-30 11:33:30
652,15902,38860,0,2026-06-30 11:33:30
653,15899,38860,0,2026-06-30 11:33:30
654,15898,38860,0,2026-06-30 11:33:30
655,15897,38860,0,2026-06-30 11:33:30
656,15890,38860,0,2026-06-30 11:33:30
657,15884,38860,0,2026-06-30 11:33:30
658,15873,38860,0,2026-06-30 11:33:30
659,15872,38860,0,2026-06-30 11:33:30
660,15870,38860,0,2026-06-30 11:33:30
661,15868,38860,0,2026-06-30 11:33:30
662,15866,38860,0,2026-06-30 11:33:30
663,15858,38860,0,2026-06-30 11:33:30
664,15857,38860,0,2026-06-30 11:33:30
665,15854,38860,0,2026-06-30 11:33:30
666,15853,38860,0,2026-06-30 11:33:30
667,15852,38860,0,2026-06-30 11:33:30
668,15850,38860,0,2026-06-30 11:33:30
669,15849,38860,0,2026-06-30 11:33:30
670,15838,38860,0,2026-06-30 11:33:30
671,15837,38860,0,2026-06-30 11:33:30
672,15834,38860,0,2026-06-30 11:33:30
673,15833,38860,0,2026-06-30 11:33:30
674,15832,38860,0,2026-06-30 11:33:30
675,15826,38860,0,2026-06-30 11:33:30
676,15821,38860,0,2026-06-30 11:33:30
677,15820,38860,0,2026-06-30 11:33:30
678,15818,38860,0,2026-06-30 11:33:30
679,15816,38860,0,2026-06-30 11:33:30
680,15815,38860,0,2026-06-30 11:33:30
681,15800,38860,0,2026-06-30 11:33:30
682,15799,38860,0,2026-06-30 11:33:30
683,15768,38860,0,2026-06-30 11:33:30
684,15745,38860,0,2026-06-30 11:33:30
685,15707,38860,0,2026-06-30 11:33:30
686,15704,38860,0,2026-06-30 11:33:30
687,15703,38860,0,2026-06-30 11:33:30
688,15700,38860,0,2026-06-30 11:33:30
689,15699,38860,0,2026-06-30 11:33:30
690,15696,38860,0,2026-06-30 11:33:30
691,15693,38860,0,2026-06-30 11:33:30
692,15692,38860,0,2026-06-30 11:33:30
693,15685,38860,0,2026-06-30 11:33:30
694,15684,38860,0,2026-06-30 11:33:30
695,15679,38860,0,2026-06-30 11:33:30
696,15674,38860,0,2026-06-30 11:33:30
697,15669,38860,0,2026-06-30 11:33:30
698,15667,38860,0,2026-06-30 11:33:30
699,15666,38860,0,2026-06-30 11:33:30
700,15665,38860,0,2026-06-30 11:33:30
701,15661,38860,0,2026-06-30 11:33:30
702,15637,38860,0,2026-06-30 11:33:30
703,15605,38860,0,2026-06-30 11:33:30
704,15596,38860,0,2026-06-30 11:33:30
705,15595,38860,0,2026-06-30 11:33:30
706,15586,38860,0,2026-06-30 11:33:30
707,15529,38860,0,2026-06-30 11:33:30
708,15528,38860,0,2026-06-30 11:33:30
709,15527,38860,0,2026-06-30 11:33:30
710,15522,38860,0,2026-06-30 11:33:30
711,15521,38860,0,2026-06-30 11:33:30
712,15509,38860,0,2026-06-30 11:33:30
713,15499,38860,0,2026-06-30 11:33:30
714,15477,38860,0,2026-06-30 11:33:30
715,15473,38860,0,2026-06-30 11:33:30
716,15468,38860,0,2026-06-30 11:33:30
717,15464,38860,0,2026-06-30 11:33:30
718,15455,38860,0,2026-06-30 11:33:30
719,15454,38860,0,2026-06-30 11:33:30
720,15453,38860,0,2026-06-30 11:33:30
721,15440,38860,0,2026-06-30 11:33:30
722,15434,38860,0,2026-06-30 11:33:30
723,16022,40499,0,2026-06-30 11:41:29
724,16021,40499,0,2026-06-30 11:41:29
725,16020,40499,0,2026-06-30 11:41:29
726,16012,40499,0,2026-06-30 11:41:29
727,16006,40499,0,2026-06-30 11:41:29
728,15995,40499,0,2026-06-30 11:41:29
729,15975,40499,0,2026-06-30 11:41:29
730,15973,40499,0,2026-06-30 11:41:29
731,15971,40499,0,2026-06-30 11:41:29
732,15958,40499,0,2026-06-30 11:41:29
733,15951,40499,0,2026-06-30 11:41:29
734,15944,40499,0,2026-06-30 11:41:29
735,15935,40499,0,2026-06-30 11:41:29
736,15934,40499,0,2026-06-30 11:41:29
737,15933,40499,0,2026-06-30 11:41:29
738,15911,40499,0,2026-06-30 11:41:29
739,15902,40499,0,2026-06-30 11:41:29
740,15890,40499,0,2026-06-30 11:41:29
741,15838,40499,0,2026-06-30 11:41:29
742,15837,40499,0,2026-06-30 11:41:29
743,15833,40499,0,2026-06-30 11:41:29
744,15826,40499,0,2026-06-30 11:41:29
745,15821,40499,0,2026-06-30 11:41:29
746,15820,40499,0,2026-06-30 11:41:29
747,15818,40499,0,2026-06-30 11:41:29
748,15816,40499,0,2026-06-30 11:41:29
749,15815,40499,0,2026-06-30 11:41:29
750,15704,40499,0,2026-06-30 11:41:29
751,15703,40499,0,2026-06-30 11:41:29
752,15700,40499,0,2026-06-30 11:41:29
753,15699,40499,0,2026-06-30 11:41:29
754,15685,40499,0,2026-06-30 11:41:29
755,15684,40499,0,2026-06-30 11:41:29
756,15679,40499,0,2026-06-30 11:41:29
757,15669,40499,0,2026-06-30 11:41:29
758,15667,40499,0,2026-06-30 11:41:29
759,15666,40499,0,2026-06-30 11:41:29
760,15637,40499,0,2026-06-30 11:41:29
761,15596,40499,0,2026-06-30 11:41:29
762,15595,40499,0,2026-06-30 11:41:29
763,15529,40499,0,2026-06-30 11:41:29
764,15528,40499,0,2026-06-30 11:41:29
765,15527,40499,0,2026-06-30 11:41:29
766,15522,40499,0,2026-06-30 11:41:29
767,15521,40499,0,2026-06-30 11:41:29
768,15509,40499,0,2026-06-30 11:41:29
769,16021,38872,0,2026-06-30 12:08:21
770,16020,38872,0,2026-06-30 12:08:21
771,16015,38872,0,2026-06-30 12:08:21
772,16014,38872,0,2026-06-30 12:08:21
773,16013,38872,0,2026-06-30 12:08:21
774,16011,38872,0,2026-06-30 12:08:21
775,16010,38872,0,2026-06-30 12:08:21
776,16008,38872,0,2026-06-30 12:08:21
777,16007,38872,0,2026-06-30 12:08:21
778,16006,38872,0,2026-06-30 12:08:21
779,15996,38872,0,2026-06-30 12:08:21
780,15975,38872,0,2026-06-30 12:08:21
781,15973,38872,0,2026-06-30 12:08:21
782,15971,38872,0,2026-06-30 12:08:21
783,15958,38872,0,2026-06-30 12:08:21
784,15954,38872,0,2026-06-30 12:08:21
785,15951,38872,0,2026-06-30 12:08:21
786,15946,38872,0,2026-06-30 12:08:21
787,15944,38872,0,2026-06-30 12:08:21
788,15935,38872,0,2026-06-30 12:08:21
789,15934,38872,0,2026-06-30 12:08:21
790,15933,38872,0,2026-06-30 12:08:21
791,15932,38872,0,2026-06-30 12:08:21
792,15931,38872,0,2026-06-30 12:08:21
793,15923,38872,0,2026-06-30 12:08:21
794,15922,38872,0,2026-06-30 12:08:21
795,15921,38872,0,2026-06-30 12:08:21
796,15917,38872,0,2026-06-30 12:08:21
797,15916,38872,0,2026-06-30 12:08:21
798,15914,38872,0,2026-06-30 12:08:21
799,15913,38872,0,2026-06-30 12:08:21
800,15911,38872,0,2026-06-30 12:08:21
801,15902,38872,0,2026-06-30 12:08:21
802,15899,38872,0,2026-06-30 12:08:21
803,15898,38872,0,2026-06-30 12:08:21
804,15890,38872,0,2026-06-30 12:08:21
805,15886,38872,0,2026-06-30 12:08:21
806,15885,38872,0,2026-06-30 12:08:21
807,15884,38872,0,2026-06-30 12:08:21
808,15881,38872,0,2026-06-30 12:08:21
809,15873,38872,0,2026-06-30 12:08:21
810,15872,38872,0,2026-06-30 12:08:21
811,15871,38872,0,2026-06-30 12:08:21
812,15869,38872,0,2026-06-30 12:08:21
813,15868,38872,0,2026-06-30 12:08:21
814,15866,38872,0,2026-06-30 12:08:21
815,15858,38872,0,2026-06-30 12:08:21
816,15857,38872,0,2026-06-30 12:08:21
817,15854,38872,0,2026-06-30 12:08:21
818,15853,38872,0,2026-06-30 12:08:21
819,15852,38872,0,2026-06-30 12:08:21
820,15850,38872,0,2026-06-30 12:08:21
821,15849,38872,0,2026-06-30 12:08:21
822,15838,38872,0,2026-06-30 12:08:21
823,15837,38872,0,2026-06-30 12:08:21
824,15834,38872,0,2026-06-30 12:08:21
825,15833,38872,0,2026-06-30 12:08:21
826,15832,38872,0,2026-06-30 12:08:21
827,15828,38872,0,2026-06-30 12:08:21
828,15827,38872,0,2026-06-30 12:08:21
829,15826,38872,0,2026-06-30 12:08:21
830,15825,38872,0,2026-06-30 12:08:21
831,15821,38872,0,2026-06-30 12:08:21
832,15820,38872,0,2026-06-30 12:08:21
833,15818,38872,0,2026-06-30 12:08:21
834,15816,38872,0,2026-06-30 12:08:21
835,15815,38872,0,2026-06-30 12:08:21
836,15801,38872,0,2026-06-30 12:08:21
837,15800,38872,0,2026-06-30 12:08:21
838,15799,38872,0,2026-06-30 12:08:21
839,15756,38872,0,2026-06-30 12:08:21
840,15747,38872,0,2026-06-30 12:08:21
841,15704,38872,0,2026-06-30 12:08:21
842,15703,38872,0,2026-06-30 12:08:21
843,15700,38872,0,2026-06-30 12:08:21
844,15699,38872,0,2026-06-30 12:08:21
845,15693,38872,0,2026-06-30 12:08:21
846,15692,38872,0,2026-06-30 12:08:21
847,15685,38872,0,2026-06-30 12:08:21
848,15684,38872,0,2026-06-30 12:08:21
849,15679,38872,0,2026-06-30 12:08:21
850,15669,38872,0,2026-06-30 12:08:21
851,15667,38872,0,2026-06-30 12:08:21
852,15666,38872,0,2026-06-30 12:08:21
853,15637,38872,0,2026-06-30 12:08:21
854,15631,38872,0,2026-06-30 12:08:21
855,15596,38872,0,2026-06-30 12:08:21
856,15595,38872,0,2026-06-30 12:08:21
857,15587,38872,0,2026-06-30 12:08:21
858,15582,38872,0,2026-06-30 12:08:21
859,15529,38872,0,2026-06-30 12:08:21
860,15528,38872,0,2026-06-30 12:08:21
861,15527,38872,0,2026-06-30 12:08:21
862,15522,38872,0,2026-06-30 12:08:21
863,15521,38872,0,2026-06-30 12:08:21
864,15509,38872,0,2026-06-30 12:08:21
865,15499,38872,0,2026-06-30 12:08:21
866,15495,38872,0,2026-06-30 12:08:21
867,15478,38872,0,2026-06-30 12:08:21
868,15475,38872,0,2026-06-30 12:08:21
869,15474,38872,0,2026-06-30 12:08:21
870,15438,38872,0,2026-06-30 12:08:21
871,16128,40265,0,2026-07-02 13:35:47
872,16127,40265,0,2026-07-02 13:35:47
873,16123,40265,0,2026-07-02 13:35:47
874,16121,40265,0,2026-07-02 13:35:47
875,16120,40265,0,2026-07-02 13:35:47
876,16119,40265,0,2026-07-02 13:35:47
877,16115,40265,0,2026-07-02 13:35:47
878,16114,40265,0,2026-07-02 13:35:47
879,16113,40265,0,2026-07-02 13:35:47
880,16112,40265,0,2026-07-02 13:35:47
881,16111,40265,0,2026-07-02 13:35:47
882,16110,40265,0,2026-07-02 13:35:47
883,16104,40265,0,2026-07-02 13:35:47
884,16102,40265,0,2026-07-02 13:35:47
885,16100,40265,0,2026-07-02 13:35:47
886,16099,40265,0,2026-07-02 13:35:47
887,16098,40265,0,2026-07-02 13:35:47
888,16095,40265,0,2026-07-02 13:35:47
889,16091,40265,0,2026-07-02 13:35:47
890,16089,40265,0,2026-07-02 13:35:47
891,16078,40265,0,2026-07-02 13:35:47
892,16076,40265,0,2026-07-02 13:35:47
893,16075,40265,0,2026-07-02 13:35:47
894,16071,40265,0,2026-07-02 13:35:47
895,16070,40265,0,2026-07-02 13:35:47
896,16058,40265,0,2026-07-02 13:35:47
897,16053,40265,0,2026-07-02 13:35:47
898,16049,40265,0,2026-07-02 13:35:47
899,16039,40265,0,2026-07-02 13:35:47
900,16035,40265,0,2026-07-02 13:35:47
901,16032,40265,0,2026-07-02 13:35:47
902,16029,40265,0,2026-07-02 13:35:47
903,16027,40265,0,2026-07-02 13:35:47
904,16026,40265,0,2026-07-02 13:35:47
905,16023,40265,0,2026-07-02 13:35:47
906,16021,40265,0,2026-07-02 13:35:47
907,16020,40265,0,2026-07-02 13:35:47
908,16015,40265,0,2026-07-02 13:35:47
909,16014,40265,0,2026-07-02 13:35:47
910,16013,40265,0,2026-07-02 13:35:47
911,16011,40265,0,2026-07-02 13:35:47
912,16006,40265,0,2026-07-02 13:35:47
913,15975,40265,0,2026-07-02 13:35:47
914,15973,40265,0,2026-07-02 13:35:47
915,15971,40265,0,2026-07-02 13:35:47
916,15958,40265,0,2026-07-02 13:35:47
917,15954,40265,0,2026-07-02 13:35:47
918,15951,40265,0,2026-07-02 13:35:47
919,15946,40265,0,2026-07-02 13:35:47
920,15944,40265,0,2026-07-02 13:35:47
921,15934,40265,0,2026-07-02 13:35:47
922,15935,40265,0,2026-07-02 13:35:47
923,15933,40265,0,2026-07-02 13:35:47
924,15923,40265,0,2026-07-02 13:35:47
925,15922,40265,0,2026-07-02 13:35:47
926,15921,40265,0,2026-07-02 13:35:47
927,15917,40265,0,2026-07-02 13:35:47
928,15916,40265,0,2026-07-02 13:35:47
929,15914,40265,0,2026-07-02 13:35:47
930,15913,40265,0,2026-07-02 13:35:47
931,15911,40265,0,2026-07-02 13:35:47
932,15902,40265,0,2026-07-02 13:35:47
933,15899,40265,0,2026-07-02 13:35:47
934,15898,40265,0,2026-07-02 13:35:47
935,15890,40265,0,2026-07-02 13:35:47
936,15884,40265,0,2026-07-02 13:35:47
937,15880,40265,0,2026-07-02 13:35:47
938,15873,40265,0,2026-07-02 13:35:47
939,15872,40265,0,2026-07-02 13:35:47
940,15868,40265,0,2026-07-02 13:35:47
941,15866,40265,0,2026-07-02 13:35:47
942,15858,40265,0,2026-07-02 13:35:47
943,15857,40265,0,2026-07-02 13:35:47
944,15854,40265,0,2026-07-02 13:35:47
945,15853,40265,0,2026-07-02 13:35:47
946,15852,40265,0,2026-07-02 13:35:47
947,15850,40265,0,2026-07-02 13:35:47
948,15849,40265,0,2026-07-02 13:35:47
949,15838,40265,0,2026-07-02 13:35:47
950,15837,40265,0,2026-07-02 13:35:47
951,15834,40265,0,2026-07-02 13:35:47
952,15833,40265,0,2026-07-02 13:35:47
953,15832,40265,0,2026-07-02 13:35:47
954,15826,40265,0,2026-07-02 13:35:47
955,15821,40265,0,2026-07-02 13:35:47
956,15820,40265,0,2026-07-02 13:35:47
957,15818,40265,0,2026-07-02 13:35:47
958,15816,40265,0,2026-07-02 13:35:47
959,15815,40265,0,2026-07-02 13:35:47
960,15704,40265,0,2026-07-02 13:35:47
961,15703,40265,0,2026-07-02 13:35:47
962,15700,40265,0,2026-07-02 13:35:47
963,15699,40265,0,2026-07-02 13:35:47
964,15685,40265,0,2026-07-02 13:35:47
965,15684,40265,0,2026-07-02 13:35:47
966,15679,40265,0,2026-07-02 13:35:47
967,15669,40265,0,2026-07-02 13:35:47
968,15667,40265,0,2026-07-02 13:35:47
969,15666,40265,0,2026-07-02 13:35:47
970,15637,40265,0,2026-07-02 13:35:47
971,15609,40265,0,2026-07-02 13:35:47
972,15608,40265,0,2026-07-02 13:35:47
973,15596,40265,0,2026-07-02 13:35:47
974,15595,40265,0,2026-07-02 13:35:47
975,15564,40265,0,2026-07-02 13:35:47
976,15563,40265,0,2026-07-02 13:35:47
977,15539,40265,0,2026-07-02 13:35:47
978,15537,40265,0,2026-07-02 13:35:47
979,15532,40265,0,2026-07-02 13:35:47
980,15529,40265,0,2026-07-02 13:35:47
981,15528,40265,0,2026-07-02 13:35:47
982,15527,40265,0,2026-07-02 13:35:47
983,15522,40265,0,2026-07-02 13:35:47
984,15521,40265,0,2026-07-02 13:35:47
985,15509,40265,0,2026-07-02 13:35:47
986,15486,40265,0,2026-07-02 13:35:47
987,15472,40265,0,2026-07-02 13:35:47
988,15469,40265,0,2026-07-02 13:35:47
989,15449,40265,0,2026-07-02 13:35:47
990,15439,40265,0,2026-07-02 13:35:47
991,15432,40265,0,2026-07-02 13:35:47
992,16128,40265,0,2026-07-02 13:35:47
993,16127,40265,0,2026-07-02 13:35:47
994,16123,40265,0,2026-07-02 13:35:47
995,16121,40265,0,2026-07-02 13:35:47
996,16120,40265,0,2026-07-02 13:35:47
997,16119,40265,0,2026-07-02 13:35:47
998,16115,40265,0,2026-07-02 13:35:47
999,16114,40265,0,2026-07-02 13:35:47
1000,16113,40265,0,2026-07-02 13:35:47
1001,16112,40265,0,2026-07-02 13:35:47
1002,16111,40265,0,2026-07-02 13:35:47
1003,16110,40265,0,2026-07-02 13:35:47
1004,16104,40265,0,2026-07-02 13:35:47
1005,16102,40265,0,2026-07-02 13:35:47
1006,16100,40265,0,2026-07-02 13:35:47
1007,16099,40265,0,2026-07-02 13:35:47
1008,16098,40265,0,2026-07-02 13:35:47
1009,16095,40265,0,2026-07-02 13:35:47
1010,16091,40265,0,2026-07-02 13:35:47
1011,16089,40265,0,2026-07-02 13:35:47
1012,16078,40265,0,2026-07-02 13:35:47
1013,16076,40265,0,2026-07-02 13:35:47
1014,16075,40265,0,2026-07-02 13:35:47
1015,16071,40265,0,2026-07-02 13:35:47
1016,16070,40265,0,2026-07-02 13:35:47
1017,16058,40265,0,2026-07-02 13:35:47
1018,16053,40265,0,2026-07-02 13:35:47
1019,16049,40265,0,2026-07-02 13:35:47
1020,16039,40265,0,2026-07-02 13:35:47
1021,16035,40265,0,2026-07-02 13:35:47
1022,16032,40265,0,2026-07-02 13:35:47
1023,16029,40265,0,2026-07-02 13:35:47
1024,16027,40265,0,2026-07-02 13:35:47
1025,16026,40265,0,2026-07-02 13:35:47
1026,16023,40265,0,2026-07-02 13:35:47
1027,16021,40265,0,2026-07-02 13:35:47
1028,16020,40265,0,2026-07-02 13:35:47
1029,16015,40265,0,2026-07-02 13:35:47
1030,16014,40265,0,2026-07-02 13:35:47
1031,16013,40265,0,2026-07-02 13:35:47
1032,16011,40265,0,2026-07-02 13:35:47
1033,16006,40265,0,2026-07-02 13:35:47
1034,15975,40265,0,2026-07-02 13:35:47
1035,15973,40265,0,2026-07-02 13:35:47
1036,15971,40265,0,2026-07-02 13:35:47
1037,15958,40265,0,2026-07-02 13:35:47
1038,15954,40265,0,2026-07-02 13:35:47
1039,15951,40265,0,2026-07-02 13:35:47
1040,15946,40265,0,2026-07-02 13:35:47
1041,15944,40265,0,2026-07-02 13:35:47
1042,15934,40265,0,2026-07-02 13:35:47
1043,15935,40265,0,2026-07-02 13:35:47
1044,15933,40265,0,2026-07-02 13:35:47
1045,15923,40265,0,2026-07-02 13:35:47
1046,15922,40265,0,2026-07-02 13:35:47
1047,15921,40265,0,2026-07-02 13:35:47
1048,15917,40265,0,2026-07-02 13:35:47
1049,15916,40265,0,2026-07-02 13:35:47
1050,15914,40265,0,2026-07-02 13:35:47
1051,15913,40265,0,2026-07-02 13:35:47
1052,15911,40265,0,2026-07-02 13:35:47
1053,15902,40265,0,2026-07-02 13:35:47
1054,15899,40265,0,2026-07-02 13:35:47
1055,15898,40265,0,2026-07-02 13:35:47
1056,15890,40265,0,2026-07-02 13:35:47
1057,15884,40265,0,2026-07-02 13:35:47
1058,15880,40265,0,2026-07-02 13:35:47
1059,15873,40265,0,2026-07-02 13:35:47
1060,15872,40265,0,2026-07-02 13:35:47
1061,15868,40265,0,2026-07-02 13:35:47
1062,15866,40265,0,2026-07-02 13:35:47
1063,15858,40265,0,2026-07-02 13:35:47
1064,15857,40265,0,2026-07-02 13:35:47
1065,15854,40265,0,2026-07-02 13:35:47
1066,15853,40265,0,2026-07-02 13:35:47
1067,15852,40265,0,2026-07-02 13:35:47
1068,15850,40265,0,2026-07-02 13:35:47
1069,15849,40265,0,2026-07-02 13:35:47
1070,15838,40265,0,2026-07-02 13:35:47
1071,15837,40265,0,2026-07-02 13:35:47
1072,15834,40265,0,2026-07-02 13:35:47
1073,15833,40265,0,2026-07-02 13:35:47
1074,15832,40265,0,2026-07-02 13:35:47
1075,15826,40265,0,2026-07-02 13:35:47
1076,15821,40265,0,2026-07-02 13:35:47
1077,15820,40265,0,2026-07-02 13:35:47
1078,15818,40265,0,2026-07-02 13:35:47
1079,15816,40265,0,2026-07-02 13:35:47
1080,15815,40265,0,2026-07-02 13:35:47
1081,15704,40265,0,2026-07-02 13:35:47
1082,15703,40265,0,2026-07-02 13:35:47
1083,15700,40265,0,2026-07-02 13:35:47
1084,15699,40265,0,2026-07-02 13:35:47
1085,15685,40265,0,2026-07-02 13:35:47
1086,15684,40265,0,2026-07-02 13:35:47
1087,15679,40265,0,2026-07-02 13:35:47
1088,15669,40265,0,2026-07-02 13:35:47
1089,15667,40265,0,2026-07-02 13:35:47
1090,15666,40265,0,2026-07-02 13:35:47
1091,15637,40265,0,2026-07-02 13:35:47
1092,15609,40265,0,2026-07-02 13:35:47
1093,15608,40265,0,2026-07-02 13:35:47
1094,15596,40265,0,2026-07-02 13:35:47
1095,15595,40265,0,2026-07-02 13:35:47
1096,15564,40265,0,2026-07-02 13:35:47
1097,15563,40265,0,2026-07-02 13:35:47
1098,15539,40265,0,2026-07-02 13:35:47
1099,15537,40265,0,2026-07-02 13:35:47
1100,15532,40265,0,2026-07-02 13:35:47
1101,15529,40265,0,2026-07-02 13:35:47
1102,15528,40265,0,2026-07-02 13:35:47
1103,15527,40265,0,2026-07-02 13:35:47
1104,15522,40265,0,2026-07-02 13:35:47
1105,15521,40265,0,2026-07-02 13:35:47
1106,15509,40265,0,2026-07-02 13:35:47
1107,15486,40265,0,2026-07-02 13:35:47
1108,15472,40265,0,2026-07-02 13:35:47
1109,15469,40265,0,2026-07-02 13:35:47
1110,15449,40265,0,2026-07-02 13:35:47
1111,15439,40265,0,2026-07-02 13:35:47
1112,15432,40265,0,2026-07-02 13:35:47
1113,16144,40265,0,2026-07-03 17:44:35
1114,16143,40265,0,2026-07-03 17:44:35
1115,16142,40265,0,2026-07-03 17:44:35
1116,16128,40265,0,2026-07-03 17:44:35
1117,16127,40265,0,2026-07-03 17:44:35
1118,16123,40265,0,2026-07-03 17:44:35
1119,16121,40265,0,2026-07-03 17:44:35
1120,16120,40265,0,2026-07-03 17:44:35
1121,16119,40265,0,2026-07-03 17:44:35
1122,16115,40265,0,2026-07-03 17:44:35
1123,16114,40265,0,2026-07-03 17:44:35
1124,16113,40265,0,2026-07-03 17:44:35
1125,16112,40265,0,2026-07-03 17:44:35
1126,16111,40265,0,2026-07-03 17:44:35
1127,16110,40265,0,2026-07-03 17:44:35
1128,16104,40265,0,2026-07-03 17:44:35
1129,16102,40265,0,2026-07-03 17:44:35
1130,16100,40265,0,2026-07-03 17:44:35
1131,16099,40265,0,2026-07-03 17:44:35
1132,16098,40265,0,2026-07-03 17:44:35
1133,16095,40265,0,2026-07-03 17:44:35
1134,16091,40265,0,2026-07-03 17:44:35
1135,16089,40265,0,2026-07-03 17:44:35
1136,16078,40265,0,2026-07-03 17:44:35
1137,16076,40265,0,2026-07-03 17:44:35
1138,16075,40265,0,2026-07-03 17:44:35
1139,16071,40265,0,2026-07-03 17:44:35
1140,16070,40265,0,2026-07-03 17:44:35
1141,16058,40265,0,2026-07-03 17:44:35
1142,16053,40265,0,2026-07-03 17:44:35
1143,16049,40265,0,2026-07-03 17:44:35
1144,16039,40265,0,2026-07-03 17:44:35
1145,16035,40265,0,2026-07-03 17:44:35
1146,16032,40265,0,2026-07-03 17:44:35
1147,16029,40265,0,2026-07-03 17:44:35
1148,16027,40265,0,2026-07-03 17:44:35
1149,16026,40265,0,2026-07-03 17:44:35
1150,16023,40265,0,2026-07-03 17:44:35
1151,16021,40265,0,2026-07-03 17:44:35
1152,16020,40265,0,2026-07-03 17:44:35
1153,16015,40265,0,2026-07-03 17:44:35
1154,16014,40265,0,2026-07-03 17:44:35
1155,16013,40265,0,2026-07-03 17:44:35
1156,16011,40265,0,2026-07-03 17:44:35
1157,16006,40265,0,2026-07-03 17:44:35
1158,15975,40265,0,2026-07-03 17:44:35
1159,15973,40265,0,2026-07-03 17:44:35
1160,15971,40265,0,2026-07-03 17:44:35
1161,15958,40265,0,2026-07-03 17:44:35
1162,15954,40265,0,2026-07-03 17:44:35
1163,15951,40265,0,2026-07-03 17:44:35
1164,15946,40265,0,2026-07-03 17:44:35
1165,15944,40265,0,2026-07-03 17:44:35
1166,15934,40265,0,2026-07-03 17:44:35
1167,15935,40265,0,2026-07-03 17:44:35
1168,15933,40265,0,2026-07-03 17:44:35
1169,15923,40265,0,2026-07-03 17:44:35
1170,15922,40265,0,2026-07-03 17:44:35
1171,15921,40265,0,2026-07-03 17:44:35
1172,15917,40265,0,2026-07-03 17:44:35
1173,15916,40265,0,2026-07-03 17:44:35
1174,15914,40265,0,2026-07-03 17:44:35
1175,15913,40265,0,2026-07-03 17:44:35
1176,15911,40265,0,2026-07-03 17:44:35
1177,15902,40265,0,2026-07-03 17:44:35
1178,15899,40265,0,2026-07-03 17:44:35
1179,15898,40265,0,2026-07-03 17:44:35
1180,15890,40265,0,2026-07-03 17:44:35
1181,15884,40265,0,2026-07-03 17:44:35
1182,15880,40265,0,2026-07-03 17:44:35
1183,15873,40265,0,2026-07-03 17:44:35
1184,15872,40265,0,2026-07-03 17:44:35
1185,15868,40265,0,2026-07-03 17:44:35
1186,15866,40265,0,2026-07-03 17:44:35
1187,15858,40265,0,2026-07-03 17:44:35
1188,15857,40265,0,2026-07-03 17:44:35
1189,15854,40265,0,2026-07-03 17:44:35
1190,15853,40265,0,2026-07-03 17:44:35
1191,15852,40265,0,2026-07-03 17:44:35
1192,15850,40265,0,2026-07-03 17:44:35
1193,15849,40265,0,2026-07-03 17:44:35
1194,15838,40265,0,2026-07-03 17:44:35
1195,15837,40265,0,2026-07-03 17:44:35
1196,15834,40265,0,2026-07-03 17:44:35
1197,15833,40265,0,2026-07-03 17:44:35
1198,15832,40265,0,2026-07-03 17:44:35
1199,15826,40265,0,2026-07-03 17:44:35
1200,15821,40265,0,2026-07-03 17:44:35
1201,15820,40265,0,2026-07-03 17:44:35
1202,15818,40265,0,2026-07-03 17:44:35
1203,15816,40265,0,2026-07-03 17:44:35
1204,15815,40265,0,2026-07-03 17:44:35
1205,15704,40265,0,2026-07-03 17:44:35
1206,15703,40265,0,2026-07-03 17:44:35
1207,15700,40265,0,2026-07-03 17:44:35
1208,15699,40265,0,2026-07-03 17:44:35
1209,15685,40265,0,2026-07-03 17:44:35
1210,15684,40265,0,2026-07-03 17:44:35
1211,15679,40265,0,2026-07-03 17:44:35
1212,15669,40265,0,2026-07-03 17:44:35
1213,15667,40265,0,2026-07-03 17:44:35
1214,15666,40265,0,2026-07-03 17:44:35
1215,15637,40265,0,2026-07-03 17:44:35
1216,15609,40265,0,2026-07-03 17:44:35
1217,15608,40265,0,2026-07-03 17:44:35
1218,15596,40265,0,2026-07-03 17:44:35
1219,15595,40265,0,2026-07-03 17:44:35
1220,15564,40265,0,2026-07-03 17:44:35
1221,15563,40265,0,2026-07-03 17:44:35
1222,15539,40265,0,2026-07-03 17:44:35
1223,15537,40265,0,2026-07-03 17:44:35
1224,15532,40265,0,2026-07-03 17:44:35
1225,15529,40265,0,2026-07-03 17:44:35
1226,15528,40265,0,2026-07-03 17:44:35
1227,15527,40265,0,2026-07-03 17:44:35
1228,15522,40265,0,2026-07-03 17:44:35
1229,15521,40265,0,2026-07-03 17:44:35
1230,15509,40265,0,2026-07-03 17:44:35
1231,15486,40265,0,2026-07-03 17:44:35
1232,15472,40265,0,2026-07-03 17:44:35
1233,15469,40265,0,2026-07-03 17:44:35
1234,15449,40265,0,2026-07-03 17:44:35
1235,15439,40265,0,2026-07-03 17:44:35
1236,15432,40265,0,2026-07-03 17:44:35
1237,16160,39314,0,2026-07-04 16:21:44
1238,16153,39314,0,2026-07-04 16:21:44
1239,16152,39314,0,2026-07-04 16:21:44
1240,16151,39314,0,2026-07-04 16:21:44
1241,16144,39314,0,2026-07-04 16:21:44
1242,16143,39314,0,2026-07-04 16:21:44
1243,16142,39314,0,2026-07-04 16:21:44
1244,16133,39314,0,2026-07-04 16:21:44
1245,16128,39314,0,2026-07-04 16:21:44
1246,16127,39314,0,2026-07-04 16:21:44
1247,16123,39314,0,2026-07-04 16:21:44
1248,16121,39314,0,2026-07-04 16:21:44
1249,16120,39314,0,2026-07-04 16:21:44
1250,16119,39314,0,2026-07-04 16:21:44
1251,16115,39314,0,2026-07-04 16:21:44
1252,16114,39314,0,2026-07-04 16:21:44
1253,16113,39314,0,2026-07-04 16:21:44
1254,16112,39314,0,2026-07-04 16:21:44
1255,16111,39314,0,2026-07-04 16:21:44
1256,16110,39314,0,2026-07-04 16:21:44
1257,16104,39314,0,2026-07-04 16:21:44
1258,16102,39314,0,2026-07-04 16:21:44
1259,16100,39314,0,2026-07-04 16:21:44
1260,16099,39314,0,2026-07-04 16:21:44
1261,16098,39314,0,2026-07-04 16:21:44
1262,16078,39314,0,2026-07-04 16:21:44
1263,16076,39314,0,2026-07-04 16:21:44
1264,16070,39314,0,2026-07-04 16:21:44
1265,16066,39314,0,2026-07-04 16:21:44
1266,16059,39314,0,2026-07-04 16:21:44
1267,16054,39314,0,2026-07-04 16:21:44
1268,16049,39314,0,2026-07-04 16:21:44
1269,16039,39314,0,2026-07-04 16:21:44
1270,16032,39314,0,2026-07-04 16:21:44
1271,16029,39314,0,2026-07-04 16:21:44
1272,16027,39314,0,2026-07-04 16:21:44
1273,16023,39314,0,2026-07-04 16:21:44
1274,16021,39314,0,2026-07-04 16:21:44
1275,16020,39314,0,2026-07-04 16:21:44
1276,16013,39314,0,2026-07-04 16:21:44
1277,16006,39314,0,2026-07-04 16:21:44
1278,15975,39314,0,2026-07-04 16:21:44
1279,15973,39314,0,2026-07-04 16:21:44
1280,15971,39314,0,2026-07-04 16:21:44
1281,15967,39314,0,2026-07-04 16:21:44
1282,15958,39314,0,2026-07-04 16:21:44
1283,15955,39314,0,2026-07-04 16:21:44
1284,15951,39314,0,2026-07-04 16:21:44
1285,15947,39314,0,2026-07-04 16:21:44
1286,15944,39314,0,2026-07-04 16:21:44
1287,15935,39314,0,2026-07-04 16:21:44
1288,15934,39314,0,2026-07-04 16:21:44
1289,15933,39314,0,2026-07-04 16:21:44
1290,15923,39314,0,2026-07-04 16:21:44
1291,15922,39314,0,2026-07-04 16:21:44
1292,15921,39314,0,2026-07-04 16:21:44
1293,15911,39314,0,2026-07-04 16:21:44
1294,15902,39314,0,2026-07-04 16:21:44
1295,15899,39314,0,2026-07-04 16:21:44
1296,15898,39314,0,2026-07-04 16:21:44
1297,15890,39314,0,2026-07-04 16:21:44
1298,15872,39314,0,2026-07-04 16:21:44
1299,15862,39314,0,2026-07-04 16:21:44
1300,15858,39314,0,2026-07-04 16:21:44
1301,15857,39314,0,2026-07-04 16:21:44
1302,15854,39314,0,2026-07-04 16:21:44
1303,15853,39314,0,2026-07-04 16:21:44
1304,15852,39314,0,2026-07-04 16:21:44
1305,15850,39314,0,2026-07-04 16:21:44
1306,15849,39314,0,2026-07-04 16:21:44
1307,15838,39314,0,2026-07-04 16:21:44
1308,15837,39314,0,2026-07-04 16:21:44
1309,15835,39314,0,2026-07-04 16:21:44
1310,15834,39314,0,2026-07-04 16:21:44
1311,15833,39314,0,2026-07-04 16:21:44
1312,15832,39314,0,2026-07-04 16:21:44
1313,15831,39314,0,2026-07-04 16:21:44
1314,15826,39314,0,2026-07-04 16:21:44
1315,15821,39314,0,2026-07-04 16:21:44
1316,15820,39314,0,2026-07-04 16:21:44
1317,15818,39314,0,2026-07-04 16:21:44
1318,15816,39314,0,2026-07-04 16:21:44
1319,15815,39314,0,2026-07-04 16:21:44
1320,15800,39314,0,2026-07-04 16:21:44
1321,15799,39314,0,2026-07-04 16:21:44
1322,15771,39314,0,2026-07-04 16:21:44
1323,15770,39314,0,2026-07-04 16:21:44
1324,15726,39314,0,2026-07-04 16:21:44
1325,15725,39314,0,2026-07-04 16:21:44
1326,15724,39314,0,2026-07-04 16:21:44
1327,15723,39314,0,2026-07-04 16:21:44
1328,15721,39314,0,2026-07-04 16:21:44
1329,15704,39314,0,2026-07-04 16:21:44
1330,15703,39314,0,2026-07-04 16:21:44
1331,15700,39314,0,2026-07-04 16:21:44
1332,15699,39314,0,2026-07-04 16:21:44
1333,15693,39314,0,2026-07-04 16:21:44
1334,15692,39314,0,2026-07-04 16:21:44
1335,15685,39314,0,2026-07-04 16:21:44
1336,15684,39314,0,2026-07-04 16:21:44
1337,15679,39314,0,2026-07-04 16:21:44
1338,15669,39314,0,2026-07-04 16:21:44
1339,15667,39314,0,2026-07-04 16:21:44
1340,15666,39314,0,2026-07-04 16:21:44
1341,15638,39314,0,2026-07-04 16:21:44
1342,15637,39314,0,2026-07-04 16:21:44
1343,15596,39314,0,2026-07-04 16:21:44
1344,15595,39314,0,2026-07-04 16:21:44
1345,15551,39314,0,2026-07-04 16:21:44
1346,15550,39314,0,2026-07-04 16:21:44
1347,15547,39314,0,2026-07-04 16:21:44
1348,15545,39314,0,2026-07-04 16:21:44
1349,15529,39314,0,2026-07-04 16:21:44
1350,15528,39314,0,2026-07-04 16:21:44
1351,15527,39314,0,2026-07-04 16:21:44
1352,15522,39314,0,2026-07-04 16:21:44
1353,15521,39314,0,2026-07-04 16:21:44
1354,15519,39314,0,2026-07-04 16:21:44
1355,15518,39314,0,2026-07-04 16:21:44
1356,15509,39314,0,2026-07-04 16:21:44
1357,15499,39314,0,2026-07-04 16:21:44
1358,15498,39314,0,2026-07-04 16:21:44
1359,15497,39314,0,2026-07-04 16:21:44
1360,15496,39314,0,2026-07-04 16:21:44
1361,15491,39314,0,2026-07-04 16:21:44
1362,15490,39314,0,2026-07-04 16:21:44
1363,15488,39314,0,2026-07-04 16:21:44
1364,15480,39314,0,2026-07-04 16:21:44
1365,15470,39314,0,2026-07-04 16:21:44
1366,16160,39314,0,2026-07-04 16:21:51
1367,16153,39314,0,2026-07-04 16:21:51
1368,16152,39314,0,2026-07-04 16:21:51
1369,16151,39314,0,2026-07-04 16:21:51
1370,16144,39314,0,2026-07-04 16:21:51
1371,16143,39314,0,2026-07-04 16:21:51
1372,16142,39314,0,2026-07-04 16:21:51
1373,16133,39314,0,2026-07-04 16:21:51
1374,16128,39314,0,2026-07-04 16:21:51
1375,16127,39314,0,2026-07-04 16:21:51
1376,16123,39314,0,2026-07-04 16:21:51
1377,16121,39314,0,2026-07-04 16:21:51
1378,16120,39314,0,2026-07-04 16:21:51
1379,16119,39314,0,2026-07-04 16:21:51
1380,16115,39314,0,2026-07-04 16:21:51
1381,16114,39314,0,2026-07-04 16:21:51
1382,16113,39314,0,2026-07-04 16:21:51
1383,16112,39314,0,2026-07-04 16:21:51
1384,16111,39314,0,2026-07-04 16:21:51
1385,16110,39314,0,2026-07-04 16:21:51
1386,16104,39314,0,2026-07-04 16:21:51
1387,16102,39314,0,2026-07-04 16:21:51
1388,16100,39314,0,2026-07-04 16:21:51
1389,16099,39314,0,2026-07-04 16:21:51
1390,16098,39314,0,2026-07-04 16:21:51
1391,16078,39314,0,2026-07-04 16:21:51
1392,16076,39314,0,2026-07-04 16:21:51
1393,16070,39314,0,2026-07-04 16:21:51
1394,16066,39314,0,2026-07-04 16:21:51
1395,16059,39314,0,2026-07-04 16:21:51
1396,16054,39314,0,2026-07-04 16:21:51
1397,16049,39314,0,2026-07-04 16:21:51
1398,16039,39314,0,2026-07-04 16:21:51
1399,16032,39314,0,2026-07-04 16:21:51
1400,16029,39314,0,2026-07-04 16:21:51
1401,16027,39314,0,2026-07-04 16:21:51
1402,16023,39314,0,2026-07-04 16:21:51
1403,16021,39314,0,2026-07-04 16:21:51
1404,16020,39314,0,2026-07-04 16:21:51
1405,16013,39314,0,2026-07-04 16:21:51
1406,16006,39314,0,2026-07-04 16:21:51
1407,15975,39314,0,2026-07-04 16:21:51
1408,15973,39314,0,2026-07-04 16:21:51
1409,15971,39314,0,2026-07-04 16:21:51
1410,15967,39314,0,2026-07-04 16:21:51
1411,15958,39314,0,2026-07-04 16:21:51
1412,15955,39314,0,2026-07-04 16:21:51
1413,15951,39314,0,2026-07-04 16:21:51
1414,15947,39314,0,2026-07-04 16:21:51
1415,15944,39314,0,2026-07-04 16:21:51
1416,15935,39314,0,2026-07-04 16:21:51
1417,15934,39314,0,2026-07-04 16:21:51
1418,15933,39314,0,2026-07-04 16:21:51
1419,15923,39314,0,2026-07-04 16:21:51
1420,15922,39314,0,2026-07-04 16:21:51
1421,15921,39314,0,2026-07-04 16:21:51
1422,15911,39314,0,2026-07-04 16:21:51
1423,15902,39314,0,2026-07-04 16:21:51
1424,15899,39314,0,2026-07-04 16:21:51
1425,15898,39314,0,2026-07-04 16:21:51
1426,15890,39314,0,2026-07-04 16:21:51
1427,15872,39314,0,2026-07-04 16:21:51
1428,15862,39314,0,2026-07-04 16:21:51
1429,15858,39314,0,2026-07-04 16:21:51
1430,15857,39314,0,2026-07-04 16:21:51
1431,15854,39314,0,2026-07-04 16:21:51
1432,15853,39314,0,2026-07-04 16:21:51
1433,15852,39314,0,2026-07-04 16:21:51
1434,15850,39314,0,2026-07-04 16:21:51
1435,15849,39314,0,2026-07-04 16:21:51
1436,15838,39314,0,2026-07-04 16:21:51
1437,15837,39314,0,2026-07-04 16:21:51
1438,15835,39314,0,2026-07-04 16:21:51
1439,15834,39314,0,2026-07-04 16:21:51
1440,15833,39314,0,2026-07-04 16:21:51
1441,15832,39314,0,2026-07-04 16:21:51
1442,15831,39314,0,2026-07-04 16:21:51
1443,15826,39314,0,2026-07-04 16:21:51
1444,15821,39314,0,2026-07-04 16:21:51
1445,15820,39314,0,2026-07-04 16:21:51
1446,15818,39314,0,2026-07-04 16:21:51
1447,15816,39314,0,2026-07-04 16:21:51
1448,15815,39314,0,2026-07-04 16:21:51
1449,15800,39314,0,2026-07-04 16:21:51
1450,15799,39314,0,2026-07-04 16:21:51
1451,15771,39314,0,2026-07-04 16:21:51
1452,15770,39314,0,2026-07-04 16:21:51
1453,15726,39314,0,2026-07-04 16:21:51
1454,15725,39314,0,2026-07-04 16:21:51
1455,15724,39314,0,2026-07-04 16:21:51
1456,15723,39314,0,2026-07-04 16:21:51
1457,15721,39314,0,2026-07-04 16:21:51
1458,15704,39314,0,2026-07-04 16:21:51
1459,15703,39314,0,2026-07-04 16:21:51
1460,15700,39314,0,2026-07-04 16:21:51
1461,15699,39314,0,2026-07-04 16:21:51
1462,15693,39314,0,2026-07-04 16:21:51
1463,15692,39314,0,2026-07-04 16:21:51
1464,15685,39314,0,2026-07-04 16:21:51
1465,15684,39314,0,2026-07-04 16:21:51
1466,15679,39314,0,2026-07-04 16:21:51
1467,15669,39314,0,2026-07-04 16:21:51
1468,15667,39314,0,2026-07-04 16:21:51
1469,15666,39314,0,2026-07-04 16:21:51
1470,15638,39314,0,2026-07-04 16:21:51
1471,15637,39314,0,2026-07-04 16:21:51
1472,15596,39314,0,2026-07-04 16:21:51
1473,15595,39314,0,2026-07-04 16:21:51
1474,15551,39314,0,2026-07-04 16:21:51
1475,15550,39314,0,2026-07-04 16:21:51
1476,15547,39314,0,2026-07-04 16:21:51
1477,15545,39314,0,2026-07-04 16:21:51
1478,15529,39314,0,2026-07-04 16:21:51
1479,15528,39314,0,2026-07-04 16:21:51
1480,15527,39314,0,2026-07-04 16:21:51
1481,15522,39314,0,2026-07-04 16:21:51
1482,15521,39314,0,2026-07-04 16:21:51
1483,15519,39314,0,2026-07-04 16:21:51
1484,15518,39314,0,2026-07-04 16:21:51
1485,15509,39314,0,2026-07-04 16:21:51
1486,15499,39314,0,2026-07-04 16:21:51
1487,15498,39314,0,2026-07-04 16:21:51
1488,15497,39314,0,2026-07-04 16:21:51
1489,15496,39314,0,2026-07-04 16:21:51
1490,15491,39314,0,2026-07-04 16:21:51
1491,15490,39314,0,2026-07-04 16:21:51
1492,15488,39314,0,2026-07-04 16:21:51
1493,15480,39314,0,2026-07-04 16:21:51
1494,15470,39314,0,2026-07-04 16:21:51
