id,sender,receiver,for_approval,is_deleted,create_date,modify_date
1,1,4,1,0,2025-03-24 14:31:43,2025-03-24 14:31:43
2,19,17,1,0,2025-03-24 15:22:28,2025-03-24 15:22:28
3,60,32,1,0,2025-03-24 18:00:36,2025-03-24 18:00:36
4,48,49,1,0,2025-03-25 17:50:28,2025-03-25 17:50:28
5,18,14,1,0,2025-03-26 13:04:47,2025-03-26 13:04:47
6,18,18,1,0,2025-03-26 13:50:47,2025-03-26 13:50:47
7,116,4,1,0,2025-03-27 00:35:51,2025-03-27 00:35:51
8,1,18,1,0,2025-04-03 00:36:28,2025-04-03 00:36:28
9,313,17,1,0,2025-04-07 17:14:53,2025-04-07 17:14:53
10,313,18,1,0,2025-04-07 17:16:30,2025-04-07 17:16:30
11,88,19,1,0,2025-04-07 17:51:03,2025-04-07 17:51:03
12,88,14,1,0,2025-04-07 18:01:43,2025-04-07 18:01:43
13,2,182,1,0,2025-04-08 13:27:59,2025-04-08 13:27:59
14,21,5,1,0,2025-04-19 17:10:38,2025-04-19 17:10:38
15,134,653,1,0,2025-04-22 10:52:37,2025-04-22 10:52:37
16,19,14,1,0,2025-04-24 17:30:01,2025-04-24 17:30:01
17,201,3,1,0,2025-04-24 18:23:25,2025-04-24 18:23:25
18,92,6,1,0,2025-04-25 13:18:29,2025-04-25 13:18:29
19,92,92,1,0,2025-04-25 13:18:44,2025-04-25 13:18:44
20,213,313,1,0,2025-04-26 15:10:00,2025-04-26 15:10:00
21,21,1,1,0,2025-04-26 19:22:23,2025-04-26 19:22:23
22,690,2,1,0,2025-05-05 12:17:01,2025-05-05 12:17:01
23,1926,1888,1,0,2025-05-15 22:48:22,2025-05-15 22:48:22
24,2151,924,1,0,2025-05-20 10:10:23,2025-05-20 10:10:23
25,2151,1759,1,0,2025-05-20 10:11:05,2025-05-20 10:11:05
26,2466,2087,1,0,2025-05-24 16:20:33,2025-05-24 16:20:33
27,653,1,1,0,2025-05-28 11:06:06,2025-05-28 11:06:06
28,4,14,1,0,2025-05-30 04:04:15,2025-05-30 04:04:15
29,2963,2880,1,0,2025-06-02 21:59:08,2025-06-02 21:59:08
30,19,1017,1,0,2025-06-03 17:17:23,2025-06-03 17:17:23
31,3273,996,1,0,2025-06-07 01:46:40,2025-06-07 01:46:40
32,3300,849,1,0,2025-06-07 11:41:01,2025-06-07 11:41:01
33,2670,17,1,0,2025-06-09 12:52:48,2025-06-09 12:52:48
34,3458,13,1,0,2025-06-09 14:32:32,2025-06-09 14:32:32
35,4070,2,1,0,2025-06-16 07:13:22,2025-06-16 07:13:22
37,2670,19,1,0,2025-06-18 16:40:06,2025-06-18 16:40:06
38,4589,3,1,0,2025-06-20 09:25:25,2025-06-20 09:25:25
39,4652,13,1,0,2025-06-20 16:28:13,2025-06-20 16:28:13
40,639,2605,1,0,2025-06-20 18:52:23,2025-06-20 18:52:23
41,4729,3109,1,0,2025-06-23 17:44:50,2025-06-23 17:44:50
42,134,1,1,0,2025-06-24 15:49:07,2025-06-24 15:49:07
43,4729,1571,1,0,2025-06-25 22:30:59,2025-06-25 22:30:59
44,5311,2605,1,0,2025-06-26 03:56:35,2025-06-26 03:56:35
45,4617,2,1,0,2025-06-26 14:45:51,2025-06-26 14:45:51
46,653,3109,1,0,2025-06-27 11:03:47,2025-06-27 11:03:47
47,3463,4729,1,0,2025-06-27 17:20:17,2025-06-27 17:20:17
48,3109,5014,1,0,2025-06-27 20:36:48,2025-06-27 20:36:48
49,5500,2905,1,0,2025-06-27 20:39:01,2025-06-27 20:39:01
50,5910,1485,1,0,2025-06-30 22:46:43,2025-06-30 22:46:43
51,134,1750,1,0,2025-07-01 10:23:37,2025-07-01 10:23:37
52,5972,1108,1,0,2025-07-01 12:22:47,2025-07-01 12:22:47
53,6571,1421,1,0,2025-07-05 10:44:05,2025-07-05 10:44:05
54,6638,5034,1,0,2025-07-05 21:24:31,2025-07-05 21:24:31
55,6980,2596,1,0,2025-07-08 01:19:40,2025-07-08 01:19:40
56,7017,5,1,0,2025-07-08 12:25:46,2025-07-08 12:25:46
57,7247,6,1,0,2025-07-09 21:06:39,2025-07-09 21:06:39
58,5688,7598,1,0,2025-07-12 16:41:23,2025-07-12 16:41:23
59,45,182,1,0,2025-07-15 13:50:18,2025-07-15 13:50:18
60,3225,3133,1,0,2025-07-15 16:01:33,2025-07-15 16:01:33
61,3225,6018,1,0,2025-07-15 16:01:51,2025-07-15 16:01:51
62,5014,19,1,0,2025-07-16 19:00:48,2025-07-16 19:00:48
63,8086,3684,1,0,2025-07-20 05:39:58,2025-07-20 05:39:58
64,8086,2159,1,0,2025-07-20 05:42:09,2025-07-20 05:42:09
65,1029,5207,1,0,2025-07-20 15:25:12,2025-07-20 15:25:12
66,8286,1421,1,0,2025-07-22 07:46:17,2025-07-22 07:46:17
67,8374,1883,1,0,2025-07-22 21:51:33,2025-07-22 21:51:33
68,8479,3599,1,0,2025-07-23 20:28:53,2025-07-23 20:28:53
69,8530,3878,1,0,2025-07-24 14:27:24,2025-07-24 14:27:24
70,8630,2205,1,0,2025-07-25 15:20:23,2025-07-25 15:20:23
71,8861,1468,1,0,2025-07-29 17:26:36,2025-07-29 17:26:36
72,9246,2205,1,0,2025-08-01 21:11:28,2025-08-01 21:11:28
73,3684,9297,1,0,2025-08-04 00:39:29,2025-08-04 00:39:29
74,653,7326,1,0,2025-08-04 13:01:08,2025-08-04 13:01:08
75,9801,2205,1,0,2025-08-06 01:59:08,2025-08-06 01:59:08
76,15,1790,1,0,2025-08-06 02:03:56,2025-08-06 02:03:56
77,3499,43,1,0,2025-08-06 15:37:39,2025-08-06 15:37:39
78,7257,8999,1,0,2025-08-06 23:26:49,2025-08-06 23:26:49
79,6018,182,1,0,2025-08-12 10:33:45,2025-08-12 10:33:45
80,10479,3335,1,0,2025-08-12 13:54:36,2025-08-12 13:54:36
81,3499,7863,1,0,2025-08-12 18:09:14,2025-08-12 18:09:14
82,8251,1640,1,0,2025-08-13 23:30:02,2025-08-13 23:30:02
83,10704,6,1,0,2025-08-14 09:36:08,2025-08-14 09:36:08
84,10682,22,1,0,2025-08-14 10:47:31,2025-08-14 10:47:31
85,1640,1640,1,0,2025-08-14 12:16:12,2025-08-14 12:16:12
86,10288,9387,1,0,2025-08-15 00:34:14,2025-08-15 00:34:14
87,10800,6306,1,0,2025-08-15 00:57:13,2025-08-15 00:57:13
88,10998,445,1,0,2025-08-17 03:47:18,2025-08-17 03:47:18
89,11122,1421,1,0,2025-08-18 11:09:07,2025-08-18 11:09:07
90,11206,8470,1,0,2025-08-19 07:48:59,2025-08-19 07:48:59
91,11223,653,1,0,2025-08-19 12:59:07,2025-08-19 12:59:07
92,8470,8470,1,0,2025-08-19 17:58:41,2025-08-19 17:58:41
93,11384,353,1,0,2025-08-20 22:32:08,2025-08-20 22:32:08
94,11823,1241,1,0,2025-08-24 18:44:00,2025-08-24 18:44:00
95,12147,1449,1,0,2025-08-27 11:56:44,2025-08-27 11:56:44
96,2,3463,1,0,2025-08-28 12:58:28,2025-08-28 12:58:28
97,12607,4766,1,0,2025-08-29 19:27:24,2025-08-29 19:27:24
98,12727,876,1,0,2025-08-30 13:09:28,2025-08-30 13:09:28
99,12759,9430,1,0,2025-08-30 15:34:52,2025-08-30 15:34:52
100,5014,5144,1,0,2025-09-01 18:11:28,2025-09-01 18:11:28
101,13430,13435,1,0,2025-09-02 23:36:47,2025-09-02 23:36:47
102,876,13076,1,0,2025-09-04 17:12:28,2025-09-04 17:12:28
103,14484,9614,1,0,2025-09-08 21:02:37,2025-09-08 21:02:37
104,4729,4729,1,0,2025-09-08 23:29:50,2025-09-08 23:29:50
105,15755,1830,1,0,2025-09-12 23:34:52,2025-09-12 23:34:52
106,16053,12649,1,0,2025-09-13 20:33:22,2025-09-13 20:33:22
107,1640,11209,1,0,2025-09-14 13:17:41,2025-09-14 13:17:41
108,17843,5469,1,0,2025-09-18 15:43:41,2025-09-18 15:43:41
109,18622,849,1,0,2025-09-20 19:29:09,2025-09-20 19:29:09
110,20028,5565,1,0,2025-09-24 19:46:34,2025-09-24 19:46:34
111,20210,5,1,0,2025-09-25 11:29:33,2025-09-25 11:29:33
112,20210,2,1,0,2025-09-25 11:30:42,2025-09-25 11:30:42
113,653,653,1,0,2025-09-25 16:05:15,2025-09-25 16:05:15
114,20998,849,1,0,2025-09-27 18:46:07,2025-09-27 18:46:07
115,5014,19169,1,0,2025-09-29 12:56:11,2025-09-29 12:56:11
116,13,17506,1,0,2025-09-29 13:03:51,2025-09-29 13:03:51
117,21611,18397,1,0,2025-09-29 17:32:00,2025-09-29 17:32:00
118,21791,3870,1,0,2025-09-29 20:55:51,2025-09-29 20:55:51
119,21628,1,1,0,2025-10-01 00:51:03,2025-10-01 00:51:03
120,22946,2,1,0,2025-10-03 18:31:26,2025-10-03 18:31:26
121,23440,11391,1,0,2025-10-05 10:38:18,2025-10-05 10:38:18
122,27458,26864,1,0,2025-10-15 22:13:05,2025-10-15 22:13:05
123,28534,18459,1,0,2025-10-18 21:22:13,2025-10-18 21:22:13
124,28998,3172,1,0,2025-10-20 11:12:19,2025-10-20 11:12:19
125,30371,21421,1,0,2025-10-24 02:53:42,2025-10-24 02:53:42
126,30971,2,1,0,2025-10-25 13:47:01,2025-10-25 13:47:01
127,23139,2497,1,0,2025-10-26 07:23:07,2025-10-26 07:23:07
128,31431,9117,1,0,2025-10-26 15:44:36,2025-10-26 15:44:36
129,31762,3430,1,0,2025-10-27 12:12:37,2025-10-27 12:12:37
130,14,14,1,0,2025-10-30 19:02:43,2025-10-30 19:02:43
131,1888,27908,1,0,2025-10-30 23:57:20,2025-10-30 23:57:20
132,33359,5,1,0,2025-10-31 07:46:19,2025-10-31 07:46:19
133,33872,15394,1,0,2025-10-31 21:41:05,2025-10-31 21:41:05
134,34228,13,1,0,2025-11-01 22:03:51,2025-11-01 22:03:51
135,8470,28152,1,0,2025-11-05 13:30:34,2025-11-05 13:30:34
136,35817,2905,1,0,2025-11-06 01:28:53,2025-11-06 01:28:53
137,37102,4504,1,0,2025-11-09 18:52:22,2025-11-09 18:52:22
138,38256,1750,1,0,2025-11-16 17:52:03,2025-11-16 17:52:03
139,38480,13,1,0,2025-11-17 13:30:31,2025-11-17 13:30:31
140,38597,5014,1,0,2025-11-17 18:58:44,2025-11-17 18:58:44
141,38588,17,1,0,2025-11-17 19:00:18,2025-11-17 19:00:18
142,38680,19,1,0,2025-11-19 12:07:47,2025-11-19 12:07:47
143,38680,38680,1,0,2025-11-19 12:10:34,2025-11-19 12:10:34
144,13,5014,1,0,2025-11-19 13:13:45,2025-11-19 13:13:45
145,13,13,1,0,2025-11-19 13:33:46,2025-11-19 13:33:46
146,13,653,1,0,2025-11-21 12:11:21,2025-11-21 12:11:21
147,38759,452,1,0,2025-11-26 15:14:31,2025-11-26 15:14:31
148,38759,5014,1,0,2025-11-26 15:14:47,2025-11-26 15:14:47
149,38800,38672,1,0,2025-11-29 11:45:32,2025-11-29 11:45:32
150,38593,653,1,0,2025-12-04 17:56:56,2025-12-04 17:56:56
151,38860,38872,1,0,2025-12-16 17:11:44,2025-12-16 17:11:44
152,38910,653,1,0,2025-12-23 17:52:37,2025-12-23 17:52:37
153,38910,13,1,0,2025-12-23 17:55:05,2025-12-23 17:55:05
154,38894,134,1,0,2025-12-29 17:44:39,2025-12-29 17:44:39
155,38894,2670,1,0,2025-12-29 17:53:19,2025-12-29 17:53:19
156,19,19,1,0,2025-12-31 17:31:02,2025-12-31 17:31:02
157,26656,38718,1,0,2026-01-03 14:51:43,2026-01-03 14:51:43
158,29366,134,1,0,2026-01-10 12:41:17,2026-01-10 12:41:17
159,13,18,1,0,2026-01-12 13:48:43,2026-01-12 13:48:43
160,38829,17,1,0,2026-01-23 16:08:03,2026-01-23 16:08:03
161,39072,18,1,0,2026-01-23 16:08:22,2026-01-23 16:08:22
162,39080,38872,1,0,2026-01-23 17:13:49,2026-01-23 17:13:49
163,27244,6706,1,0,2026-02-06 16:11:36,2026-02-06 16:11:36
164,27244,39013,1,0,2026-02-06 16:12:10,2026-02-06 16:12:10
165,38860,2670,1,0,2026-02-11 15:52:29,2026-02-11 15:52:29
166,38860,39169,1,0,2026-02-11 15:55:14,2026-02-11 15:55:14
167,38860,19,1,0,2026-02-17 16:28:33,2026-02-17 16:28:33
168,38829,13,1,0,2026-02-18 12:13:55,2026-02-18 12:13:55
169,39001,19,1,0,2026-02-21 12:36:27,2026-02-21 12:36:27
170,104,17,1,0,2026-03-06 17:29:30,2026-03-06 17:29:30
171,14655,182,1,0,2026-03-09 16:16:01,2026-03-09 16:16:01
172,39314,39314,1,0,2026-03-11 10:33:21,2026-03-11 10:33:21
173,639,39335,1,0,2026-03-11 15:05:27,2026-03-11 15:05:27
174,39072,39314,1,0,2026-03-16 18:17:27,2026-03-16 18:17:27
175,39001,1253,1,0,2026-03-18 14:43:01,2026-03-18 14:43:01
176,39001,134,1,0,2026-03-18 17:14:11,2026-03-18 17:14:11
177,39314,39001,1,0,2026-03-21 11:14:44,2026-03-21 11:14:44
178,39314,38941,1,0,2026-03-21 12:12:04,2026-03-21 12:12:04
179,39314,26656,1,0,2026-03-21 12:15:46,2026-03-21 12:15:46
180,26656,26656,1,0,2026-03-23 21:39:26,2026-03-23 21:39:26
181,39013,39013,1,0,2026-04-02 14:57:21,2026-04-02 14:57:21
182,39001,39001,1,0,2026-04-04 15:18:22,2026-04-04 15:18:22
183,39335,40054,1,0,2026-04-08 11:21:08,2026-04-08 11:21:08
184,40054,40054,1,0,2026-04-08 11:23:40,2026-04-08 11:23:40
185,40054,39314,1,0,2026-04-08 11:27:08,2026-04-08 11:27:08
186,38860,39072,1,0,2026-04-08 11:38:43,2026-04-08 11:38:43
187,39335,39013,1,0,2026-04-08 12:16:39,2026-04-08 12:16:39
188,39335,27244,1,0,2026-04-08 12:24:23,2026-04-08 12:24:23
189,19,13,1,0,2026-04-08 13:42:57,2026-04-08 13:42:57
190,39013,40054,1,0,2026-04-09 10:37:54,2026-04-09 10:37:54
191,40054,39001,1,0,2026-04-09 10:48:44,2026-04-09 10:48:44
192,27244,27244,1,0,2026-04-09 11:07:48,2026-04-09 11:07:48
193,5014,38941,1,0,2026-04-09 11:23:01,2026-04-09 11:23:01
194,39335,39340,1,0,2026-04-11 11:38:11,2026-04-11 11:38:11
195,39335,1485,1,0,2026-04-14 11:05:06,2026-04-14 11:05:06
196,40079,17,1,0,2026-04-27 18:37:49,2026-04-27 18:37:49
197,5014,134,1,0,2026-05-02 10:59:35,2026-05-02 10:59:35
198,39239,39314,1,0,2026-05-19 11:19:10,2026-05-19 11:19:10
199,39314,639,1,0,2026-05-19 11:42:48,2026-05-19 11:42:48
200,5014,26656,1,0,2026-05-21 15:46:20,2026-05-21 15:46:20
201,38872,38872,1,0,2026-05-27 13:09:42,2026-05-27 13:09:42
202,8545,639,1,0,2026-05-27 13:13:51,2026-05-27 13:13:51
203,8545,38860,1,0,2026-05-27 14:40:38,2026-05-27 14:40:38
204,38860,38860,1,0,2026-05-27 14:41:55,2026-05-27 14:41:55
205,8545,18,1,0,2026-05-27 14:45:41,2026-05-27 14:45:41
206,8545,12243,1,0,2026-05-27 14:54:53,2026-05-27 14:54:53
207,39314,5014,1,0,2026-05-27 15:21:03,2026-05-27 15:21:03
213,39314,20,1,0,2026-05-27 16:07:54,2026-05-27 16:07:54
215,8545,8545,1,0,2026-05-27 16:20:33,2026-05-27 16:20:33
216,8545,482,1,0,2026-05-27 16:25:23,2026-05-27 16:25:23
217,8545,17,1,0,2026-05-27 16:34:40,2026-05-27 16:34:40
218,18,484,1,0,2026-05-27 17:11:22,2026-05-27 17:11:22
219,639,39256,1,0,2026-05-28 18:04:40,2026-05-28 18:04:40
220,8545,40140,1,0,2026-05-29 15:59:38,2026-05-29 15:59:38
221,39256,912,1,0,2026-06-02 15:28:26,2026-06-02 15:28:26
222,39256,7216,1,0,2026-06-02 15:28:34,2026-06-02 15:28:34
223,39256,563,1,0,2026-06-02 15:30:12,2026-06-02 15:30:12
224,8545,40201,1,0,2026-06-03 12:11:35,2026-06-03 12:11:35
225,8545,39314,1,0,2026-06-03 13:20:17,2026-06-03 13:20:17
226,39256,8545,1,0,2026-06-03 14:40:18,2026-06-03 14:40:18
227,39256,39256,1,0,2026-06-03 14:40:30,2026-06-03 14:40:30
228,5014,639,1,0,2026-06-05 12:01:50,2026-06-05 12:01:50
229,8545,22,1,0,2026-06-05 12:04:36,2026-06-05 12:04:36
230,8545,57,1,0,2026-06-05 12:04:51,2026-06-05 12:04:51
231,39311,358,1,0,2026-06-06 11:01:57,2026-06-06 11:01:57
232,39311,38860,1,0,2026-06-06 11:30:37,2026-06-06 11:30:37
233,39311,39311,1,0,2026-06-06 11:30:49,2026-06-06 11:30:49
234,40223,18,1,0,2026-06-06 11:42:29,2026-06-06 11:42:29
235,40223,5014,1,0,2026-06-06 11:42:43,2026-06-06 11:42:43
236,39256,40085,1,0,2026-06-06 11:50:08,2026-06-06 11:50:08
237,40223,38872,1,0,2026-06-06 11:55:10,2026-06-06 11:55:10
238,40085,40137,1,0,2026-06-06 12:03:25,2026-06-06 12:03:25
239,40085,40119,1,0,2026-06-06 12:17:13,2026-06-06 12:17:13
240,38860,40223,1,0,2026-06-06 12:31:12,2026-06-06 12:31:12
241,8545,27,1,0,2026-06-08 14:59:05,2026-06-08 14:59:05
242,8545,327,1,0,2026-06-08 14:59:27,2026-06-08 14:59:27
243,8545,37,1,0,2026-06-08 15:06:26,2026-06-08 15:06:26
244,8545,143,1,0,2026-06-08 15:06:43,2026-06-08 15:06:43
245,40267,8545,1,0,2026-06-08 15:07:32,2026-06-08 15:07:32
246,8545,40119,1,0,2026-06-08 16:14:39,2026-06-08 16:14:39
247,8545,103,1,0,2026-06-08 16:18:25,2026-06-08 16:18:25
248,8545,434,1,0,2026-06-08 16:28:44,2026-06-08 16:28:44
249,40083,8545,1,0,2026-06-08 17:06:17,2026-06-08 17:06:17
250,38872,18,1,0,2026-06-09 11:08:24,2026-06-09 11:08:24
251,18,19,1,0,2026-06-09 11:10:06,2026-06-09 11:10:06
252,18,2,1,0,2026-06-09 11:11:32,2026-06-09 11:11:32
253,18,5044,1,0,2026-06-09 11:34:27,2026-06-09 11:34:27
254,18,113,1,0,2026-06-09 11:34:44,2026-06-09 11:34:44
255,18,385,1,0,2026-06-09 11:34:59,2026-06-09 11:34:59
256,18,39001,1,0,2026-06-09 11:35:59,2026-06-09 11:35:59
257,40279,3,1,0,2026-06-09 12:05:47,2026-06-09 12:05:47
258,40279,858,1,0,2026-06-09 12:05:57,2026-06-09 12:05:57
259,40279,277,1,0,2026-06-09 12:06:12,2026-06-09 12:06:12
260,40279,2,1,0,2026-06-09 12:06:57,2026-06-09 12:06:57
261,19,40279,1,0,2026-06-09 12:53:01,2026-06-09 12:53:01
264,40279,40083,1,0,2026-06-09 15:25:53,2026-06-09 15:25:53
265,40083,40083,1,0,2026-06-09 15:27:29,2026-06-09 15:27:29
266,40279,23,1,0,2026-06-09 15:45:00,2026-06-09 15:45:00
267,40265,38872,1,0,2026-06-09 15:56:09,2026-06-09 15:56:09
268,39256,40265,1,0,2026-06-09 16:48:34,2026-06-09 16:48:34
269,40279,36103,1,0,2026-06-09 17:35:41,2026-06-09 17:35:41
270,40279,22,1,0,2026-06-09 17:38:11,2026-06-09 17:38:11
271,40279,26,1,0,2026-06-09 17:38:43,2026-06-09 17:38:43
272,19,39314,1,0,2026-06-10 16:50:39,2026-06-10 16:50:39
273,38860,134,1,0,2026-06-10 18:12:44,2026-06-10 18:12:44
274,40323,113,1,0,2026-06-10 18:14:07,2026-06-10 18:14:07
275,40323,202,1,0,2026-06-10 18:14:14,2026-06-10 18:14:14
276,40323,18,1,0,2026-06-10 18:14:21,2026-06-10 18:14:21
277,40323,32884,1,0,2026-06-10 18:14:41,2026-06-10 18:14:41
278,40323,38860,1,0,2026-06-10 18:17:09,2026-06-10 18:17:09
279,40323,38872,1,0,2026-06-10 18:18:10,2026-06-10 18:18:10
280,40323,134,1,0,2026-06-10 18:18:21,2026-06-10 18:18:21
281,38872,134,1,0,2026-06-10 18:33:00,2026-06-10 18:33:00
282,40325,38872,1,0,2026-06-11 11:58:24,2026-06-11 11:58:24
283,40325,38545,1,0,2026-06-11 13:05:15,2026-06-11 13:05:15
284,40325,38860,1,0,2026-06-11 13:06:09,2026-06-11 13:06:09
285,40325,40085,1,0,2026-06-11 13:08:35,2026-06-11 13:08:35
286,40325,40325,1,0,2026-06-11 15:28:56,2026-06-11 15:28:56
287,40326,40325,1,0,2026-06-11 16:48:58,2026-06-11 16:48:58
288,40326,40326,1,0,2026-06-11 16:49:03,2026-06-11 16:49:03
289,40326,134,1,0,2026-06-11 16:50:39,2026-06-11 16:50:39
290,39256,134,1,0,2026-06-12 15:09:31,2026-06-12 15:09:31
291,39256,38860,1,0,2026-06-12 15:12:08,2026-06-12 15:12:08
292,40340,40279,1,0,2026-06-12 16:47:26,2026-06-12 16:47:26
293,38872,40331,1,0,2026-06-12 18:03:55,2026-06-12 18:03:55
294,40279,40352,1,0,2026-06-13 15:07:22,2026-06-13 15:07:22
295,40386,40388,1,0,2026-06-16 15:18:19,2026-06-16 15:18:19
296,40398,18,1,0,2026-06-16 18:20:59,2026-06-16 18:20:59
297,40085,40349,1,0,2026-06-18 12:28:53,2026-06-18 12:28:53
298,38860,18,1,0,2026-06-20 12:22:14,2026-06-20 12:22:14
299,19,134,1,0,2026-06-23 11:01:32,2026-06-23 11:01:32
300,19,39256,1,0,2026-06-23 15:51:18,2026-06-23 15:51:18
301,19,40265,1,0,2026-06-23 16:10:29,2026-06-23 16:10:29
302,19,33512,1,0,2026-06-23 16:33:39,2026-06-23 16:33:39
303,40473,38872,1,0,2026-06-24 12:14:33,2026-06-24 12:14:33
304,40295,40119,1,0,2026-06-24 13:22:52,2026-06-24 13:22:52
305,40085,40463,1,0,2026-06-24 13:27:16,2026-06-24 13:27:16
306,39072,40290,1,0,2026-06-29 15:45:48,2026-06-29 15:45:48
307,38872,40085,1,0,2026-06-29 15:46:03,2026-06-29 15:46:03
308,38872,39169,1,0,2026-06-29 15:46:10,2026-06-29 15:46:10
