id,name,user_defined,user_id,status,create_date,modify_date
1,Sales ,,,1,0000-00-00 00:00:00,0000-00-00 00:00:00
2,Markteing,,,1,0000-00-00 00:00:00,0000-00-00 00:00:00
3,IT,,,1,0000-00-00 00:00:00,0000-00-00 00:00:00
4,AI,1,,1,2024-10-21 13:29:10,2024-10-21 13:29:10
5,Quality,1,,1,2024-11-01 21:00:25,2024-11-01 21:00:25
6,Management,1,,1,2024-11-07 13:23:02,2024-11-07 13:23:02
7,Engineering - Software & QA,1,,1,2024-11-11 11:42:11,2024-11-11 11:42:11
8,Moto,1,,1,2024-11-12 17:46:52,2024-11-12 17:46:52
9,Design,1,,1,2024-11-13 15:31:39,2024-11-13 15:31:39
10,SERVICE,1,,1,2024-11-13 18:43:03,2024-11-13 18:43:03
11,production,1,,1,2024-12-02 15:02:30,2024-12-02 15:02:30
12,Product,1,,1,2024-12-08 20:54:43,2024-12-08 20:54:43
13,Product Management,1,,1,2024-12-08 21:02:21,2024-12-08 21:02:21
14,Digital Marketing,1,,1,2025-01-09 11:22:53,2025-01-09 11:22:53
15,web devlopment,1,,1,2025-01-21 18:02:17,2025-01-21 18:02:17
16,Admin,1,,1,2025-02-04 18:01:01,2025-02-04 18:01:01
17,tech,1,,1,2025-02-14 14:56:22,2025-02-14 14:56:22
18,webX,1,,1,2025-02-14 14:58:02,2025-02-14 14:58:02
19,dfgdfg,1,,1,2025-02-14 15:59:36,2025-02-14 15:59:36
20,Cleaning,1,,1,2025-03-04 17:59:54,2025-03-04 17:59:54
21,Web development,1,,1,2025-03-05 16:07:37,2025-03-05 16:07:37
22,ACCOUNTS,1,,1,2025-03-05 16:10:33,2025-03-05 16:10:33
23,Legal,1,,1,2025-03-05 16:13:11,2025-03-05 16:13:11
24,Estimation,1,,1,2025-03-05 16:20:29,2025-03-05 16:20:29
25,Tendering,1,,1,2025-03-05 16:36:12,2025-03-05 16:36:12
26,Graphics,1,,1,2025-03-05 16:36:27,2025-03-05 16:36:27
27,Project,1,,1,2025-03-05 16:37:52,2025-03-05 16:37:52
28,HR,1,,1,2025-03-05 16:39:34,2025-03-05 16:39:34
29,Regulatory Affairs,1,,1,2025-03-05 16:40:33,2025-03-05 16:40:33
30,Maintenance Dept,1,,1,2025-03-05 17:04:26,2025-03-05 17:04:26
31,International Tender,1,,1,2025-03-05 17:31:36,2025-03-05 17:31:36
32,Digital Markteing,1,,1,2025-03-05 17:39:59,2025-03-05 17:39:59
33,pp,1,,1,2025-03-06 01:15:58,2025-03-06 01:15:58
34,IT & Development,1,,1,2025-03-16 14:21:33,2025-03-16 14:21:33
36,Test,1,,1,2025-03-18 19:54:47,2025-03-18 19:54:47
37,Marketing & Communication,1,,1,2025-03-24 15:11:22,2025-03-24 15:11:22
38,Global Tender,1,,1,2025-03-24 17:02:08,2025-03-24 17:02:08
39,Asst. Manager,1,,1,2025-03-24 17:13:43,2025-03-24 17:13:43
40,technical,1,,1,2025-03-24 17:37:14,2025-03-24 17:37:14
41,Admin & Purchase,1,,1,2025-03-24 17:49:33,2025-03-24 17:49:33
42,COMMERCIAL DEPARTMENT,1,,1,2025-03-24 19:02:25,2025-03-24 19:02:25
43,Credit Control & Liaising,1,,1,2025-03-25 11:39:56,2025-03-25 11:39:56
44,Social Media,1,,1,2025-03-25 12:40:25,2025-03-25 12:40:25
45,Developer,1,,1,2025-03-25 13:09:18,2025-03-25 13:09:18
46,Personal Assistant,1,,1,2025-03-25 13:15:30,2025-03-25 13:15:30
47,"UX, Design",1,,1,2025-03-25 13:21:19,2025-03-25 13:21:19
48,Operations,1,,1,2025-03-25 18:29:42,2025-03-25 18:29:42
49,Automation,1,,1,2025-03-25 18:35:47,2025-03-25 18:35:47
50,Orthopedic,1,,1,2025-03-25 18:37:30,2025-03-25 18:37:30
51,Web Develop,1,,1,2025-03-25 18:44:44,2025-03-25 18:44:44
52,Electrical Engineer,1,,1,2025-03-26 10:36:29,2025-03-26 10:36:29
53,Litigation,1,,1,2025-03-28 22:14:42,2025-03-28 22:14:42
54,production manager,1,,1,2025-03-30 14:57:37,2025-03-30 14:57:37
55,Online sales,1,,1,2025-03-31 07:12:39,2025-03-31 07:12:39
56,Tours and Travel,1,,1,2025-03-31 13:54:04,2025-03-31 13:54:04
57,Clothing,1,,1,2025-03-31 15:52:42,2025-03-31 15:52:42
58,MIS,1,,1,2025-04-02 19:56:41,2025-04-02 19:56:41
59,QC,1,,1,2025-04-02 19:59:04,2025-04-02 19:59:04
60,Business Development,1,,1,2025-04-03 16:18:44,2025-04-03 16:18:44
61,HR and Admin,1,,1,2025-04-06 09:17:20,2025-04-06 09:17:20
62,Telecom and retail sales,1,,1,2025-04-12 11:52:32,2025-04-12 11:52:32
63,Banking and finance,1,,1,2025-04-12 12:02:40,2025-04-12 12:02:40
64,ele,1,,1,2025-04-12 14:58:29,2025-04-12 14:58:29
65,Personal Care & Beauty,1,,1,2025-04-17 02:51:21,2025-04-17 02:51:21
66,Plant Head,1,,1,2025-04-22 13:17:49,2025-04-22 13:17:49
67,marketing,1,,1,2025-04-23 15:30:25,2025-04-23 15:30:25
68,Cxe,1,,1,2025-04-24 11:44:08,2025-04-24 11:44:08
69,Backend,1,,1,2025-04-24 11:49:55,2025-04-24 11:49:55
70,Human Resources,1,,1,2025-04-24 11:54:53,2025-04-24 11:54:53
71,software developer,1,,1,2025-04-24 12:00:06,2025-04-24 12:00:06
72,Software Testing,1,134,1,2025-04-24 17:24:31,2025-04-24 17:24:31
73,Machine Operator,1,213,1,2025-04-26 14:58:18,2025-04-26 14:58:18
74,website Development,1,313,1,2025-04-26 15:08:26,2025-04-26 15:08:26
75,Video editing,1,837,1,2025-04-26 15:42:59,2025-04-26 15:42:59
76,Manufacturing,1,900,1,2025-04-27 23:47:11,2025-04-27 23:47:11
77,Labor,1,900,1,2025-04-27 23:49:08,2025-04-27 23:49:08
78,Logistics,1,900,1,2025-04-27 23:55:42,2025-04-27 23:55:42
79,Server Administration,1,901,1,2025-04-28 00:36:45,2025-04-28 00:36:45
80,web,1,13,1,2025-04-28 18:12:37,2025-04-28 18:12:37
81,purchase,1,111,1,2025-04-29 10:39:55,2025-04-29 10:39:55
82,"Graphic Designer, Video Editor and Social Media Manager",1,1071,1,2025-04-30 13:32:07,2025-04-30 13:32:07
83,Digital marketing operations,1,1173,1,2025-05-02 11:00:31,2025-05-02 11:00:31
84,Escalation,1,1227,1,2025-05-03 10:18:04,2025-05-03 10:18:04
85,Customer service,1,1227,1,2025-05-03 10:22:27,2025-05-03 10:22:27
86,sd,1,13,1,2025-05-03 16:57:57,2025-05-03 16:57:57
87,Itsm,1,1297,1,2025-05-04 12:40:50,2025-05-04 12:40:50
88,PRE-PRIMARY,1,1193,1,2025-05-05 20:18:52,2025-05-05 20:18:52
89,Front Desk Officer,1,111,1,2025-05-06 10:58:47,2025-05-06 10:58:47
90,Delivery boy,1,1449,1,2025-05-06 12:04:50,2025-05-06 12:04:50
91,Marketing & Communicati,1,1464,1,2025-05-06 17:03:49,2025-05-06 17:03:49
92,Driver,1,1485,1,2025-05-07 00:12:32,2025-05-07 00:12:32
93,office boy,1,1449,1,2025-05-07 10:32:00,2025-05-07 10:32:00
94,P,1,1503,1,2025-05-07 11:40:33,2025-05-07 11:40:33
95,CBSE SCHOOL,1,1193,1,2025-05-07 20:37:59,2025-05-07 20:37:59
96,UI/UX DESIGN,1,854,1,2025-05-07 21:14:05,2025-05-07 21:14:05
97,Merchandise,1,1548,1,2025-05-08 05:08:56,2025-05-08 05:08:56
98,Hvac,1,1551,1,2025-05-08 06:08:17,2025-05-08 06:08:17
99,DEX,1,1572,1,2025-05-08 13:44:03,2025-05-08 13:44:03
100,Finishing,1,1674,1,2025-05-11 08:23:42,2025-05-11 08:23:42
101,Bsa,1,1674,1,2025-05-11 08:26:14,2025-05-11 08:26:14
102,Ground staff,1,1682,1,2025-05-11 10:43:01,2025-05-11 10:43:01
103,General,1,1286,1,2025-05-11 11:45:00,2025-05-11 11:45:00
104,Graphic designer,1,1765,1,2025-05-13 10:02:02,2025-05-13 10:02:02
105,Associate,1,1779,1,2025-05-13 15:16:36,2025-05-13 15:16:36
106,Voice or Chat,1,1788,1,2025-05-13 16:18:37,2025-05-13 16:18:37
107,Data Management,1,1820,1,2025-05-14 07:49:15,2025-05-14 07:49:15
108,OPERATION,1,1846,1,2025-05-14 17:08:04,2025-05-14 17:08:04
109,Jewellery,1,1849,1,2025-05-14 18:09:21,2025-05-14 18:09:21
110,E COM,1,1856,1,2025-05-14 19:36:30,2025-05-14 19:36:30
111,Dofe,1,1906,1,2025-05-15 12:48:37,2025-05-15 12:48:37
112,t,1,1990,1,2025-05-17 15:46:30,2025-05-17 15:46:30
113,Creative,1,2035,1,2025-05-18 08:50:38,2025-05-18 08:50:38
114,Sales & Marketing,1,2043,1,2025-05-18 13:05:19,2025-05-18 13:05:19
115,Founders office,1,2090,1,2025-05-19 13:05:58,2025-05-19 13:05:58
116,HOTEL,1,1941,1,2025-05-19 13:45:44,2025-05-19 13:45:44
117,bpo,1,1851,1,2025-05-19 17:22:18,2025-05-19 17:22:18
118,Birth and death unit,1,2114,1,2025-05-19 17:46:25,2025-05-19 17:46:25
119,back office,1,1851,1,2025-05-19 18:16:12,2025-05-19 18:16:12
120,Sponsorship and Strategic Marketing,1,2147,1,2025-05-20 01:58:55,2025-05-20 01:58:55
121,Video editor,1,2168,1,2025-05-20 15:12:48,2025-05-20 15:12:48
122,medical,1,2219,1,2025-05-21 05:27:57,2025-05-21 05:27:57
123,Pharmacy,1,2232,1,2025-05-21 10:33:51,2025-05-21 10:33:51
124,Sales and marketing,1,2271,1,2025-05-21 16:14:13,2025-05-21 16:14:13
125,Ngo,1,2284,1,2025-05-21 21:04:22,2025-05-21 21:04:22
126,BC modal,1,2292,1,2025-05-21 22:15:43,2025-05-21 22:15:43
127,investments,1,2300,1,2025-05-21 23:32:43,2025-05-21 23:32:43
128,IT head,1,2350,1,2025-05-22 18:35:32,2025-05-22 18:35:32
129,HR department,1,2451,1,2025-05-24 11:56:06,2025-05-24 11:56:06
130,Vmc the mission Nutrition,1,2466,1,2025-05-24 16:17:32,2025-05-24 16:17:32
131,sales and development,1,2241,1,2025-05-26 15:35:11,2025-05-26 15:35:11
132,Account,1,2596,1,2025-05-26 16:33:26,2025-05-26 16:33:26
133,Telecalling,1,2621,1,2025-05-27 01:47:15,2025-05-27 01:47:15
134,HR Operations and client services,1,2647,1,2025-05-27 18:48:10,2025-05-27 18:48:10
135,FTTH,1,2667,1,2025-05-28 15:31:19,2025-05-28 15:31:19
136,Software Development,1,18,1,2025-05-29 12:03:46,2025-05-29 12:03:46
137,Service Management,1,2721,1,2025-05-29 13:27:03,2025-05-29 13:27:03
138,Vmware,1,2788,1,2025-05-30 11:28:47,2025-05-30 11:28:47
139,Advertising,1,2810,1,2025-05-30 13:35:28,2025-05-30 13:35:28
140,Representative Operations,1,2828,1,2025-05-30 18:00:38,2025-05-30 18:00:38
141,Accounts Payable,1,2856,1,2025-05-31 13:34:08,2025-05-31 13:34:08
142,Account & Finance,1,2856,1,2025-05-31 13:42:02,2025-05-31 13:42:02
143,Real estate,1,2880,1,2025-05-31 16:26:11,2025-05-31 16:26:11
144,Data Analyst,1,2883,1,2025-05-31 19:21:49,2025-05-31 19:21:49
145,Corporate Partnerships,1,2904,1,2025-06-01 20:46:49,2025-06-01 20:46:49
146,Esop funding,1,2904,1,2025-06-01 20:50:22,2025-06-01 20:50:22
147,fishmeal,1,2928,1,2025-06-02 12:25:20,2025-06-02 12:25:20
148,Record to report,1,2996,1,2025-06-03 12:28:28,2025-06-03 12:28:28
149,Web Developer,1,2,1,2025-06-03 13:37:31,2025-06-03 13:37:31
150,South Indian Food courts,1,3055,1,2025-06-04 03:16:36,2025-06-04 03:16:36
151,HR Operations,1,3071,1,2025-06-04 12:56:54,2025-06-04 12:56:54
152,security,1,3085,1,2025-06-04 15:52:56,2025-06-04 15:52:56
153,Construction,1,1759,1,2025-06-04 17:25:31,2025-06-04 17:25:31
154,HR Admin IT,1,3088,1,2025-06-04 18:28:37,2025-06-04 18:28:37
155,Health Care,1,3093,1,2025-06-05 00:02:20,2025-06-05 00:02:20
156,Pick up grocery and essential items from Blinkit partner stores.,1,3149,1,2025-06-05 14:52:34,2025-06-05 14:52:34
157,Bu,1,3159,1,2025-06-05 17:12:45,2025-06-05 17:12:45
158,TECHNICAL AND QUALITY,1,3218,1,2025-06-06 12:30:30,2025-06-06 12:30:30
159,CRM  & Planner and Admin,1,3225,1,2025-06-06 17:09:21,2025-06-06 17:09:21
160,Jr. Sales Executive,1,3225,1,2025-06-06 18:19:35,2025-06-06 18:19:35
161,Rural development department,1,3420,1,2025-06-09 00:14:27,2025-06-09 00:14:27
162,Procurement & Supply chain Management,1,2241,1,2025-06-09 14:25:06,2025-06-09 14:25:06
163,Recruitment,1,3466,1,2025-06-09 15:41:49,2025-06-09 15:41:49
164,S,1,2921,1,2025-06-09 16:54:43,2025-06-09 16:54:43
165,Warehouse logistics,1,2921,1,2025-06-10 17:07:47,2025-06-10 17:07:47
166,R&D,1,3599,1,2025-06-10 22:59:31,2025-06-10 22:59:31
167,Commerce,1,3605,1,2025-06-10 23:54:43,2025-06-10 23:54:43
168,Technical support Engineer,1,3652,1,2025-06-11 12:42:49,2025-06-11 12:42:49
169,Hr requiter,1,3668,1,2025-06-11 14:59:18,2025-06-11 14:59:18
170,Credit operation,1,3675,1,2025-06-11 16:35:48,2025-06-11 16:35:48
171,RISK AND CREDIT,1,3679,1,2025-06-11 16:54:53,2025-06-11 16:54:53
172,WBO,1,3679,1,2025-06-11 18:31:07,2025-06-11 18:31:07
173,Broadcast,1,3694,1,2025-06-11 19:11:44,2025-06-11 19:11:44
174,Teaching,1,3770,1,2025-06-12 12:10:26,2025-06-12 12:10:26
175,NOC,1,3806,1,2025-06-12 18:33:54,2025-06-12 18:33:54
176,House keeping,1,3822,1,2025-06-12 21:51:02,2025-06-12 21:51:02
177,A,1,3864,1,2025-06-13 14:19:19,2025-06-13 14:19:19
178,Designer,1,3923,1,2025-06-14 09:34:00,2025-06-14 09:34:00
179,Healthcare,1,4045,1,2025-06-15 22:56:12,2025-06-15 22:56:12
180,Tax,1,4091,1,2025-06-16 12:53:52,2025-06-16 12:53:52
181,Finanace,1,4119,1,2025-06-16 16:55:09,2025-06-16 16:55:09
182,Paytm,1,4119,1,2025-06-16 17:16:58,2025-06-16 17:16:58
183,q,1,4198,1,2025-06-17 12:03:52,2025-06-17 12:03:52
184,m,1,4198,1,2025-06-17 12:19:34,2025-06-17 12:19:34
185,Kitchen,1,4471,1,2025-06-19 12:18:32,2025-06-19 12:18:32
186,Finance,1,4516,1,2025-06-19 18:24:50,2025-06-19 18:24:50
187,Information Technology,1,4475,1,2025-06-19 19:46:43,2025-06-19 19:46:43
188,Designing,1,4632,1,2025-06-20 14:28:42,2025-06-20 14:28:42
189,Sales promoter,1,4655,1,2025-06-20 16:46:42,2025-06-20 16:46:42
190,Lab,1,4730,1,2025-06-21 15:10:54,2025-06-21 15:10:54
191,Fetal,1,4737,1,2025-06-21 16:24:29,2025-06-21 16:24:29
192,Frontend Developer,1,4984,1,2025-06-23 12:31:51,2025-06-23 12:31:51
193,React Developer,1,4984,1,2025-06-23 12:38:02,2025-06-23 12:38:02
194,Surgical,1,5072,1,2025-06-23 22:54:41,2025-06-23 22:54:41
195,Stitching,1,5096,1,2025-06-24 10:51:07,2025-06-24 10:51:07
196,Audit,1,5264,1,2025-06-25 21:04:14,2025-06-25 21:04:14
197,Event,1,3684,1,2025-06-26 12:12:41,2025-06-26 12:12:41
198,Events,1,3684,1,2025-06-26 12:19:48,2025-06-26 12:19:48
199,DESIGN AND DEVOLOPEMENT,1,5465,1,2025-06-27 11:18:44,2025-06-27 11:18:44
200,Opretion,1,5467,1,2025-06-27 11:20:10,2025-06-27 11:20:10
201,STORE,1,3792,1,2025-06-27 13:19:21,2025-06-27 13:19:21
202,Inspection management,1,5488,1,2025-06-27 17:24:09,2025-06-27 17:24:09
203,Homecare,1,5536,1,2025-06-28 09:05:32,2025-06-28 09:05:32
204,Mentance,1,5563,1,2025-06-28 10:58:31,2025-06-28 10:58:31
205,Salesman,1,5570,1,2025-06-28 11:29:19,2025-06-28 11:29:19
206,Human Resource,1,5611,1,2025-06-28 17:49:53,2025-06-28 17:49:53
207,Full Stack Development Using ReactJs,1,5615,1,2025-06-28 18:37:29,2025-06-28 18:37:29
208,saels,1,5654,1,2025-06-29 11:50:53,2025-06-29 11:50:53
209,E-commerce Executive,1,5771,1,2025-06-29 22:38:06,2025-06-29 22:38:06
210,Machanical,1,5818,1,2025-06-30 11:11:54,2025-06-30 11:11:54
211,Digital marketer,1,5978,1,2025-07-01 12:58:16,2025-07-01 12:58:16
212,Cinemas,1,6168,1,2025-07-02 16:21:44,2025-07-02 16:21:44
213,Tutor,1,3920,1,2025-07-03 05:45:13,2025-07-03 05:45:13
214,Store delivery head,1,6279,1,2025-07-03 13:38:19,2025-07-03 13:38:19
215,Sequrity head,1,6285,1,2025-07-03 14:15:41,2025-07-03 14:15:41
216,Driving,1,6288,1,2025-07-03 14:31:20,2025-07-03 14:31:20
217,cowork space,1,4025,1,2025-07-04 14:24:05,2025-07-04 14:24:05
218,Field Sales,1,3684,1,2025-07-04 15:00:27,2025-07-04 15:00:27
219,Lab technician,1,6489,1,2025-07-04 19:43:53,2025-07-04 19:43:53
220,C,1,4025,1,2025-07-04 19:51:52,2025-07-04 19:51:52
221,Finance and account,1,6568,1,2025-07-05 10:25:10,2025-07-05 10:25:10
222,Administration,1,3684,1,2025-07-05 12:02:20,2025-07-05 12:02:20
223,Hospital,1,6606,1,2025-07-05 16:31:37,2025-07-05 16:31:37
224,Delivery,1,6616,1,2025-07-05 17:06:20,2025-07-05 17:06:20
225,Mantance,1,6618,1,2025-07-05 17:31:43,2025-07-05 17:31:43
226,RECRUITMENT AND SELECTION,1,6032,1,2025-07-05 17:59:28,2025-07-05 17:59:28
227,Cybersecurity,1,6670,1,2025-07-06 02:57:13,2025-07-06 02:57:13
228,Cloud Security,1,6670,1,2025-07-06 03:19:53,2025-07-06 03:19:53
229,Data Science,1,6757,1,2025-07-06 19:45:53,2025-07-06 19:45:53
230,Visual effects paint artist,1,6909,1,2025-07-07 15:52:43,2025-07-07 15:52:43
231,Master data management,1,6945,1,2025-07-07 21:12:37,2025-07-07 21:12:37
232,Instamart,1,7038,1,2025-07-08 13:45:24,2025-07-08 13:45:24
233,Consultancy,1,7042,1,2025-07-08 14:12:48,2025-07-08 14:12:48
234,ACC,1,6993,1,2025-07-08 18:08:18,2025-07-08 18:08:18
235,Collections,1,7087,1,2025-07-08 18:53:11,2025-07-08 18:53:11
236,Research and development,1,5247,1,2025-07-08 18:53:40,2025-07-08 18:53:40
237,Insurance,1,7087,1,2025-07-08 18:58:31,2025-07-08 18:58:31
238,Sales Manager,1,7192,1,2025-07-09 15:58:21,2025-07-09 15:58:21
239,Assistant Sales Manager,1,7192,1,2025-07-09 16:14:12,2025-07-09 16:14:12
240,Accounts Intern,1,7192,1,2025-07-09 16:43:06,2025-07-09 16:43:06
241,Maintenance,1,7219,1,2025-07-09 17:02:54,2025-07-09 17:02:54
242,G,1,2427,1,2025-07-09 21:28:18,2025-07-09 21:28:18
243,Management and Sales,1,7330,1,2025-07-10 15:37:42,2025-07-10 15:37:42
244,Retaition,1,7353,1,2025-07-10 17:54:27,2025-07-10 17:54:27
245,N,1,4939,1,2025-07-10 21:54:25,2025-07-10 21:54:25
246,Mangement,1,7390,1,2025-07-10 22:17:17,2025-07-10 22:17:17
247,MECHANICAL ENG,1,7261,1,2025-07-11 10:43:24,2025-07-11 10:43:24
248,Full Stack Developer Intern,1,7163,1,2025-07-11 12:46:36,2025-07-11 12:46:36
249,MERN Stack Intern,1,7163,1,2025-07-11 12:53:26,2025-07-11 12:53:26
250,E-commerce Executive / Store Manager - Divine Decor,1,7163,1,2025-07-11 12:57:59,2025-07-11 12:57:59
251,Nursing,1,3964,1,2025-07-11 20:40:46,2025-07-11 20:40:46
252,After sales service,1,1581,1,2025-07-12 07:36:31,2025-07-12 07:36:31
253,Kitchen Staff,1,5688,1,2025-07-12 17:25:35,2025-07-12 17:25:35
254,Sales promotion,1,7604,1,2025-07-12 21:30:51,2025-07-12 21:30:51
255,Quality Analyst,1,7631,1,2025-07-13 23:37:38,2025-07-13 23:37:38
256,Exam Conducting staff,1,7682,1,2025-07-14 10:56:02,2025-07-14 10:56:02
257,IT Department,1,7682,1,2025-07-14 10:57:50,2025-07-14 10:57:50
258,computer operator,1,7846,1,2025-07-15 12:52:21,2025-07-15 12:52:21
259,Quality check and internal audit,1,7882,1,2025-07-15 16:17:29,2025-07-15 16:17:29
260,Java  developer,1,7966,1,2025-07-17 11:48:46,2025-07-17 11:48:46
261,Exchange technology/ IT infrastructure,1,2483,1,2025-07-23 12:22:37,2025-07-23 12:22:37
262,Fitness trainer,1,8470,1,2025-07-23 17:57:40,2025-07-23 17:57:40
263,Civil Engineering,1,8940,1,2025-07-30 08:56:14,2025-07-30 08:56:14
264,Building Services,1,8940,1,2025-07-30 08:58:11,2025-07-30 08:58:11
265,Medical billing,1,8990,1,2025-07-30 14:16:26,2025-07-30 14:16:26
266,Luxury fashion readymade garments textile showroom,1,9007,1,2025-07-30 17:52:05,2025-07-30 17:52:05
267,Textile industry showroom,1,9007,1,2025-07-30 18:04:15,2025-07-30 18:04:15
268,Facilities management,1,9007,1,2025-07-30 18:10:24,2025-07-30 18:10:24
269,Area sales manager,1,9221,1,2025-08-01 17:39:01,2025-08-01 17:39:01
270,Web Development Internship,1,9270,1,2025-08-01 23:45:59,2025-08-01 23:45:59
271,Operations Manager,1,3684,1,2025-08-03 13:04:59,2025-08-03 13:04:59
272,Education,1,9514,1,2025-08-03 22:49:43,2025-08-03 22:49:43
273,Asmin,1,9717,1,2025-08-05 15:04:24,2025-08-05 15:04:24
274,ATM,1,9509,1,2025-08-05 20:45:57,2025-08-05 20:45:57
275,Kirana store,1,9766,1,2025-08-05 21:00:55,2025-08-05 21:00:55
276,Facility Service Center,1,9901,1,2025-08-06 20:11:36,2025-08-06 20:11:36
277,Security & admin,1,9947,1,2025-08-07 09:35:23,2025-08-07 09:35:23
279,Account Onboarding Executive,1,1672,1,2025-08-07 17:17:48,2025-08-07 17:17:48
280,FCRM,1,10076,1,2025-08-08 14:20:55,2025-08-08 14:20:55
281,Loan ops,1,10127,1,2025-08-08 22:25:46,2025-08-08 22:25:46
282,Hospitality,1,10197,1,2025-08-09 18:35:31,2025-08-09 18:35:31
283,O&M Energy,1,9829,1,2025-08-11 10:19:48,2025-08-11 10:19:48
284,O & M,1,9829,1,2025-08-11 10:25:52,2025-08-11 10:25:52
285,Quality Control,1,10588,1,2025-08-13 11:21:48,2025-08-13 11:21:48
286,Other,1,8470,1,2025-08-15 14:03:54,2025-08-15 14:03:54
287,In field,1,11062,1,2025-08-17 21:23:31,2025-08-17 21:23:31
288,Maid,1,11200,1,2025-08-19 02:06:53,2025-08-19 02:06:53
289,CPC Operation,1,11218,1,2025-08-19 12:04:26,2025-08-19 12:04:26
290,Petrol pump,1,11232,1,2025-08-19 14:16:55,2025-08-19 14:16:55
291,Kyc,1,11260,1,2025-08-19 21:01:38,2025-08-19 21:01:38
292,Human resource intern,1,11248,1,2025-08-19 22:25:05,2025-08-19 22:25:05
293,Architecture,1,11295,1,2025-08-20 09:36:35,2025-08-20 09:36:35
294,Consultant,1,11335,1,2025-08-20 13:55:02,2025-08-20 13:55:02
295,retail sales,1,11384,1,2025-08-20 21:57:27,2025-08-20 21:57:27
296,EDP,1,11424,1,2025-08-21 11:32:18,2025-08-21 11:32:18
297,Network,1,11477,1,2025-08-21 18:07:41,2025-08-21 18:07:41
298,Boilers manufacturer,1,3810,1,2025-08-22 20:02:52,2025-08-22 20:02:52
299,Coustomer support,1,11601,1,2025-08-22 21:27:58,2025-08-22 21:27:58
300,Home Care,1,11525,1,2025-08-22 22:42:43,2025-08-22 22:42:43
301,Cafe,1,11720,1,2025-08-23 19:39:51,2025-08-23 19:39:51
302,Warehouse,1,11747,1,2025-08-24 10:53:43,2025-08-24 10:53:43
303,Dispatch,1,11809,1,2025-08-24 15:42:46,2025-08-24 15:42:46
304,Stock mangement,1,12002,1,2025-08-26 16:25:27,2025-08-26 16:25:27
305,Interior and exterior designing,1,12457,1,2025-08-28 22:24:40,2025-08-28 22:24:40
306,Store manager,1,12588,1,2025-08-29 17:25:39,2025-08-29 17:25:39
307,Store marking,1,12687,1,2025-08-30 11:12:12,2025-08-30 11:12:12
308,Proprietor,1,13042,1,2025-09-01 08:06:44,2025-09-01 08:06:44
309,Airtel extreme,1,13086,1,2025-09-01 12:10:04,2025-09-01 12:10:04
310,Google sales employee,1,13179,1,2025-09-01 21:00:07,2025-09-01 21:00:07
311,Energy and resources,1,13302,1,2025-09-02 12:16:27,2025-09-02 12:16:27
312,Utility  operation,1,13430,1,2025-09-02 22:55:23,2025-09-02 22:55:23
313,Power palant RMHS,1,13430,1,2025-09-02 23:00:33,2025-09-02 23:00:33
314,Distributor,1,13543,1,2025-09-03 12:27:11,2025-09-03 12:27:11
315,Restaurant,1,3357,1,2025-09-05 15:20:35,2025-09-05 15:20:35
316,Mom's pizza,1,3357,1,2025-09-05 15:22:27,2025-09-05 15:22:27
317,"Store, Paint shop",1,13854,1,2025-09-06 08:14:32,2025-09-06 08:14:32
318,Assistant manager,1,14267,1,2025-09-07 18:49:31,2025-09-07 18:49:31
319,Retail Operations / Data Management,1,14371,1,2025-09-08 11:34:34,2025-09-08 11:34:34
320,Foundry machine shop,1,14477,1,2025-09-08 20:37:21,2025-09-08 20:37:21
321,Food and beverage,1,14632,1,2025-09-09 11:28:48,2025-09-09 11:28:48
322,Sales property,1,14679,1,2025-09-09 13:48:31,2025-09-09 13:48:31
323,Cloud support,1,14684,1,2025-09-09 14:12:17,2025-09-09 14:12:17
324,Administration and Accounts,1,14702,1,2025-09-09 15:41:21,2025-09-09 15:41:21
325,SKBC,1,14856,1,2025-09-09 23:13:46,2025-09-09 23:13:46
326,WFM,1,14903,1,2025-09-10 05:59:06,2025-09-10 05:59:06
327,Data Operator,1,14655,1,2025-09-10 10:35:31,2025-09-10 10:35:31
328,Biotechnology,1,14981,1,2025-09-10 12:24:53,2025-09-10 12:24:53
329,Cashier,1,15143,1,2025-09-10 22:17:32,2025-09-10 22:17:32
330,Promotion and marketing,1,15259,1,2025-09-11 11:34:48,2025-09-11 11:34:48
331,Team mangement,1,15355,1,2025-09-11 16:57:59,2025-09-11 16:57:59
332,रिटेलर मैनेजर,1,15363,1,2025-09-11 17:57:20,2025-09-11 17:57:20
333,Finance and marketing,1,15393,1,2025-09-11 18:38:36,2025-09-11 18:38:36
334,MICROFAINANCE,1,15426,1,2025-09-11 20:22:46,2025-09-11 20:22:46
335,Sales governance,1,15431,1,2025-09-11 20:35:18,2025-09-11 20:35:18
336,Fsd,1,15428,1,2025-09-11 21:10:13,2025-09-11 21:10:13
337,Delivery management,1,15602,1,2025-09-12 13:17:23,2025-09-12 13:17:23
338,Application support,1,15672,1,2025-09-12 19:03:01,2025-09-12 19:03:01
339,Oil and gas,1,15744,1,2025-09-12 23:20:52,2025-09-12 23:20:52
340,Sr. Excutive engineer,1,15784,1,2025-09-13 07:37:49,2025-09-13 07:37:49
341,Credit card,1,15843,1,2025-09-13 11:31:11,2025-09-13 11:31:11
342,Telecom Sales,1,15921,1,2025-09-13 14:51:12,2025-09-13 14:51:12
343,Programming,1,15937,1,2025-09-13 16:03:24,2025-09-13 16:03:24
344,Quality assurance,1,16013,1,2025-09-13 19:14:52,2025-09-13 19:14:52
345,Postpaid,1,16022,1,2025-09-13 19:19:03,2025-09-13 19:19:03
346,Owner,1,16095,1,2025-09-13 23:46:18,2025-09-13 23:46:18
347,Domestic,1,16265,1,2025-09-14 15:01:55,2025-09-14 15:01:55
348,Ro Water Purifier,1,16371,1,2025-09-14 20:17:27,2025-09-14 20:17:27
349,Kitchen Appliances,1,16371,1,2025-09-14 20:25:13,2025-09-14 20:25:13
350,Expo company,1,16615,1,2025-09-15 11:52:53,2025-09-15 11:52:53
351,Finance and Accounts,1,16630,1,2025-09-15 12:48:02,2025-09-15 12:48:02
352,Prepress,1,16715,1,2025-09-15 16:27:23,2025-09-15 16:27:23
353,Supervisor,1,14644,1,2025-09-16 00:11:17,2025-09-16 00:11:17
354,Area Business Collection Manager,1,17011,1,2025-09-16 13:29:03,2025-09-16 13:29:03
355,Content Writting,1,15401,1,2025-09-16 21:42:15,2025-09-16 21:42:15
356,Product development,1,17172,1,2025-09-16 21:59:09,2025-09-16 21:59:09
357,FMCG,1,17252,1,2025-09-16 22:50:07,2025-09-16 22:50:07
358,Safety officer,1,17281,1,2025-09-17 00:41:41,2025-09-17 00:41:41
359,Radiology and Nuclear Medicine Depts,1,17474,1,2025-09-17 16:31:23,2025-09-17 16:31:23
360,Sales & operations,1,17476,1,2025-09-17 16:42:04,2025-09-17 16:42:04
361,Life insurance,1,17494,1,2025-09-17 17:00:39,2025-09-17 17:00:39
362,Executive,1,17506,1,2025-09-17 18:07:58,2025-09-17 18:07:58
363,Financial inclusion,1,17437,1,2025-09-17 18:46:47,2025-09-17 18:46:47
364,Two wheelar recovery,1,17524,1,2025-09-17 19:04:15,2025-09-17 19:04:15
365,Store incharge,1,17567,1,2025-09-17 21:06:02,2025-09-17 21:06:02
366,MICRO banking,1,17587,1,2025-09-17 21:42:31,2025-09-17 21:42:31
367,Customer support,1,17699,1,2025-09-18 06:44:03,2025-09-18 06:44:03
368,Asset management,1,17722,1,2025-09-18 08:43:34,2025-09-18 08:43:34
369,Receptionist,1,17739,1,2025-09-18 10:17:40,2025-09-18 10:17:40
370,motar insurance,1,17765,1,2025-09-18 12:21:32,2025-09-18 12:21:32
371,Sales executive,1,17806,1,2025-09-18 14:29:05,2025-09-18 14:29:05
372,"Back office Operation, Operation, Verification operation",1,17844,1,2025-09-18 15:56:54,2025-09-18 15:56:54
373,Back office operation,1,17844,1,2025-09-18 16:01:17,2025-09-18 16:01:17
374,Home loan,1,17898,1,2025-09-18 17:25:20,2025-09-18 17:25:20
375,System Engineer,1,17956,1,2025-09-18 19:47:35,2025-09-18 19:47:35
376,Project Management,1,17997,1,2025-09-18 21:12:07,2025-09-18 21:12:07
377,Marchent service,1,18172,1,2025-09-19 12:15:36,2025-09-19 12:15:36
378,Service manager,1,18221,1,2025-09-19 14:20:15,2025-09-19 14:20:15
379,Data Entry & Research Executive,1,18258,1,2025-09-19 16:32:02,2025-09-19 16:32:02
380,Sales & Marketing Executive,1,18258,1,2025-09-19 16:33:52,2025-09-19 16:33:52
381,Client Relationship Manager,1,18258,1,2025-09-19 16:35:19,2025-09-19 16:35:19
382,Collection Executive,1,18702,1,2025-09-21 00:20:55,2025-09-21 00:20:55
383,Tool room,1,19018,1,2025-09-22 01:04:13,2025-09-22 01:04:13
384,Inventory management,1,11689,1,2025-09-22 11:19:18,2025-09-22 11:19:18
385,Billing executive,1,19184,1,2025-09-22 13:44:48,2025-09-22 13:44:48
386,IT Engineer and founder,1,19295,1,2025-09-22 19:49:07,2025-09-22 19:49:07
387,sales and promotions,1,19517,1,2025-09-23 12:33:44,2025-09-23 12:33:44
388,Apollo pharmacy,1,19521,1,2025-09-23 12:44:59,2025-09-23 12:44:59
389,Packaging,1,11689,1,2025-09-23 12:55:30,2025-09-23 12:55:30
390,Working Capital,1,19562,1,2025-09-23 14:23:55,2025-09-23 14:23:55
391,Accountant,1,19789,1,2025-09-24 07:17:13,2025-09-24 07:17:13
392,Fashion,1,3357,1,2025-09-24 11:54:15,2025-09-24 11:54:15
393,Compliance executive,1,19973,1,2025-09-24 16:44:18,2025-09-24 16:44:18
394,Branch Banking,1,20179,1,2025-09-25 09:55:03,2025-09-25 09:55:03
395,Retail branch banking,1,20179,1,2025-09-25 09:58:21,2025-09-25 09:58:21
396,Outbound,1,8066,1,2025-09-25 10:00:55,2025-09-25 10:00:55
397,Digital Marketing & Graphic Design,1,20275,1,2025-09-25 14:53:55,2025-09-25 14:53:55
398,Branch manager,1,20331,1,2025-09-25 17:42:22,2025-09-25 17:42:22
399,Us Mortgage,1,20568,1,2025-09-26 12:24:28,2025-09-26 12:24:28
400,Fraud Analysis,1,20568,1,2025-09-26 12:31:40,2025-09-26 12:31:40
401,Pre Engineering building manufacturing company,1,20968,1,2025-09-27 16:36:53,2025-09-27 16:36:53
402,Technician,1,21081,1,2025-09-28 04:18:56,2025-09-28 04:18:56
403,Quality Analyst & Designer,1,21271,1,2025-09-28 16:19:31,2025-09-28 16:19:31
404,Content Designer,1,21271,1,2025-09-28 16:22:45,2025-09-28 16:22:45
405,Head of Design,1,21271,1,2025-09-28 16:26:03,2025-09-28 16:26:03
406,Panel,1,21309,1,2025-09-28 17:53:57,2025-09-28 17:53:57
407,E commerce manager,1,21454,1,2025-09-29 01:05:21,2025-09-29 01:05:21
408,Sports,1,21465,1,2025-09-29 02:15:37,2025-09-29 02:15:37
409,Amazon warehouse,1,21478,1,2025-09-29 05:13:06,2025-09-29 05:13:06
410,"Accountant &salary, hr assistant",1,21490,1,2025-09-29 08:21:17,2025-09-29 08:21:17
411,Marketing manager,1,21709,1,2025-09-29 17:24:41,2025-09-29 17:24:41
412,patent and research associate,1,21768,1,2025-09-29 19:58:18,2025-09-29 19:58:18
413,Loan sales,1,21775,1,2025-09-29 20:12:54,2025-09-29 20:12:54
414,Operation executive,1,21828,1,2025-09-29 22:15:46,2025-09-29 22:15:46
415,Web Developer internship,1,22037,1,2025-09-30 14:09:09,2025-09-30 14:09:09
416,Retail and accounting,1,19375,1,2025-10-01 21:05:29,2025-10-01 21:05:29
417,Broadband,1,22859,1,2025-10-03 14:39:42,2025-10-03 14:39:42
418,Sells,1,22887,1,2025-10-03 15:47:09,2025-10-03 15:47:09
419,Backend office,1,22943,1,2025-10-03 18:20:37,2025-10-03 18:20:37
420,Relationship educative,1,15391,1,2025-10-03 18:23:12,2025-10-03 18:23:12
421,Collection office,1,15391,1,2025-10-03 18:25:37,2025-10-03 18:25:37
422,Sales & Distribution,1,22977,1,2025-10-03 20:24:53,2025-10-03 20:24:53
423,Hotel Operations,1,23057,1,2025-10-03 23:45:52,2025-10-03 23:45:52
424,US Health Care,1,23116,1,2025-10-04 05:57:20,2025-10-04 05:57:20
425,Policy renewal,1,23049,1,2025-10-04 09:45:07,2025-10-04 09:45:07
426,Sarvice manager,1,23175,1,2025-10-04 12:10:58,2025-10-04 12:10:58
427,Telicalling,1,23183,1,2025-10-04 13:10:28,2025-10-04 13:10:28
428,A/v Production,1,23212,1,2025-10-04 15:11:18,2025-10-04 15:11:18
429,Devlopment,1,23447,1,2025-10-05 11:14:19,2025-10-05 11:14:19
430,Mortgage,1,23510,1,2025-10-05 15:18:20,2025-10-05 15:18:20
431,Operations and Marketing,1,23573,1,2025-10-05 19:10:56,2025-10-05 19:10:56
432,Fitter,1,23813,1,2025-10-06 13:15:40,2025-10-06 13:15:40
433,Insurance and financial,1,23893,1,2025-10-06 15:53:23,2025-10-06 15:53:23
434,Training,1,23894,1,2025-10-06 16:02:00,2025-10-06 16:02:00
435,Electrical supervisor General,1,24083,1,2025-10-06 22:58:05,2025-10-06 22:58:05
436,IT Operations & Services,1,14631,1,2025-10-06 23:14:55,2025-10-06 23:14:55
437,Help Desk Manager,1,14631,1,2025-10-06 23:18:14,2025-10-06 23:18:14
438,Sales and distribution,1,24267,1,2025-10-07 11:21:01,2025-10-07 11:21:01
439,Sustainable development Enviornment health and safety,1,24380,1,2025-10-07 14:59:46,2025-10-07 14:59:46
440,Agents,1,24599,1,2025-10-07 22:33:14,2025-10-07 22:33:14
441,Operation department,1,24722,1,2025-10-08 14:22:50,2025-10-08 14:22:50
442,Engineering - Software,1,24948,1,2025-10-08 21:41:01,2025-10-08 21:41:01
443,Fraud Risk Management,1,25010,1,2025-10-08 23:44:21,2025-10-08 23:44:21
444,Marketing and promotions,1,25173,1,2025-10-09 13:40:04,2025-10-09 13:40:04
445,OMS,1,25213,1,2025-10-09 16:02:51,2025-10-09 16:02:51
446,Branch operations,1,25215,1,2025-10-09 16:13:17,2025-10-09 16:13:17
447,Production chemist,1,25291,1,2025-10-09 19:34:45,2025-10-09 19:34:45
448,Marketing head,1,25500,1,2025-10-10 11:04:06,2025-10-10 11:04:06
449,Web Designer,1,25732,1,2025-10-10 23:11:40,2025-10-10 23:11:40
450,Web engineer,1,25732,1,2025-10-10 23:13:57,2025-10-10 23:13:57
451,Two wheeler loan,1,25788,1,2025-10-11 01:52:24,2025-10-11 01:52:24
452,Sales promotion and marketing,1,25876,1,2025-10-11 12:52:04,2025-10-11 12:52:04
453,Data entry,1,25890,1,2025-10-11 13:12:42,2025-10-11 13:12:42
454,Gold loan,1,25928,1,2025-10-11 15:20:20,2025-10-11 15:20:20
455,Lpdc,1,25987,1,2025-10-11 18:26:46,2025-10-11 18:26:46
456,RF testing,1,26117,1,2025-10-12 09:36:44,2025-10-12 09:36:44
457,Liability sales,1,26152,1,2025-10-12 11:30:23,2025-10-12 11:30:23
458,Chargeback,1,26237,1,2025-10-12 15:28:19,2025-10-12 15:28:19
459,DPES,1,26262,1,2025-10-12 16:58:16,2025-10-12 16:58:16
460,Credit underwriting,1,26442,1,2025-10-13 12:50:09,2025-10-13 12:50:09
461,Supply chain and Operations,1,26571,1,2025-10-13 18:19:28,2025-10-13 18:19:28
462,Sales engineer,1,26602,1,2025-10-13 20:30:34,2025-10-13 20:30:34
463,Home collection,1,26779,1,2025-10-14 10:42:03,2025-10-14 10:42:03
464,Resq,1,26933,1,2025-10-14 16:31:28,2025-10-14 16:31:28
465,Telle caller,1,26968,1,2025-10-14 18:38:10,2025-10-14 18:38:10
466,Vehicle refinance,1,26982,1,2025-10-14 19:38:05,2025-10-14 19:38:05
467,Loyalty,1,27140,1,2025-10-15 08:42:40,2025-10-15 08:42:40
468,Retail auditor,1,27140,1,2025-10-15 08:46:17,2025-10-15 08:46:17
469,Store picker,1,27292,1,2025-10-15 15:01:15,2025-10-15 15:01:15
470,Sales management system,1,27304,1,2025-10-15 15:20:10,2025-10-15 15:20:10
471,Sales department,1,27346,1,2025-10-15 16:57:28,2025-10-15 16:57:28
472,Product and operations,1,27418,1,2025-10-15 20:39:05,2025-10-15 20:39:05
473,Counter sales boy,1,5378,1,2025-10-16 12:14:06,2025-10-16 12:14:06
474,Quality and printing,1,27660,1,2025-10-16 14:12:28,2025-10-16 14:12:28
475,Microfinance,1,27857,1,2025-10-16 22:18:35,2025-10-16 22:18:35
476,stylist,1,27948,1,2025-10-17 00:53:49,2025-10-17 00:53:49
477,Export,1,28044,1,2025-10-17 12:21:08,2025-10-17 12:21:08
478,Import oprations,1,28044,1,2025-10-17 12:22:41,2025-10-17 12:22:41
479,Operations and management,1,28124,1,2025-10-17 15:48:06,2025-10-17 15:48:06
480,Business Operations,1,28267,1,2025-10-17 23:38:43,2025-10-17 23:38:43
481,Fashion consultant,1,28427,1,2025-10-18 15:43:57,2025-10-18 15:43:57
482,Rebel dog,1,28797,1,2025-10-19 19:13:12,2025-10-19 19:13:12
483,Clerk,1,29148,1,2025-10-20 19:16:53,2025-10-20 19:16:53
484,Sales and service,1,29232,1,2025-10-21 00:33:15,2025-10-21 00:33:15
485,Cashiasr,1,29339,1,2025-10-21 14:02:21,2025-10-21 14:02:21
486,Sales officer,1,29354,1,2025-10-21 14:16:20,2025-10-21 14:16:20
487,Assurance,1,29380,1,2025-10-21 15:29:06,2025-10-21 15:29:06
488,Workforce management,1,29380,1,2025-10-21 15:30:16,2025-10-21 15:30:16
489,Senior Business Manager & Client success,1,29695,1,2025-10-22 12:23:24,2025-10-22 12:23:24
490,Senior Business Manager & Customer Support,1,29695,1,2025-10-22 12:29:03,2025-10-22 12:29:03
491,Deputy manager,1,29934,1,2025-10-23 01:00:35,2025-10-23 01:00:35
492,Education counselor,1,30030,1,2025-10-23 11:41:10,2025-10-23 11:41:10
493,Fleet and Maintenance,1,3816,1,2025-10-23 20:23:16,2025-10-23 20:23:16
494,Hotel management,1,30451,1,2025-10-24 11:02:23,2025-10-24 11:02:23
495,Debt Recovery Agent,1,30514,1,2025-10-24 13:32:36,2025-10-24 13:32:36
496,MEP Consultancy,1,30753,1,2025-10-24 22:00:27,2025-10-24 22:00:27
497,Medical training ( Dept. of Obst. & Gynae),1,30816,1,2025-10-25 00:52:26,2025-10-25 00:52:26
498,QSR,1,28095,1,2025-10-25 08:35:06,2025-10-25 08:35:06
499,Development,1,28030,1,2025-10-25 11:46:36,2025-10-25 11:46:36
500,Grn,1,30987,1,2025-10-25 14:05:33,2025-10-25 14:05:33
501,Environment Laboratory,1,31066,1,2025-10-25 17:50:30,2025-10-25 17:50:30
502,Airtel Prepaid,1,30512,1,2025-10-25 18:11:27,2025-10-25 18:11:27
503,Building and infrastructure,1,31159,1,2025-10-25 22:34:04,2025-10-25 22:34:04
504,Accountant cum receptionist,1,31184,1,2025-10-26 00:53:07,2025-10-26 00:53:07
505,Branding Department,1,31353,1,2025-10-26 12:54:32,2025-10-26 12:54:32
506,Design and Build,1,31353,1,2025-10-26 13:00:30,2025-10-26 13:00:30
507,Virtual,1,31355,1,2025-10-26 13:01:33,2025-10-26 13:01:33
508,Debt recovery,1,31381,1,2025-10-26 13:44:40,2025-10-26 13:44:40
509,Site supervisor,1,31411,1,2025-10-26 14:59:42,2025-10-26 14:59:42
510,Maintenance store,1,31459,1,2025-10-26 17:42:04,2025-10-26 17:42:04
511,Accounts receivables & Bookkeeper,1,31691,1,2025-10-27 09:03:21,2025-10-27 09:03:21
512,Export Import,1,31732,1,2025-10-27 11:59:57,2025-10-27 11:59:57
513,Brand promotion,1,31802,1,2025-10-27 13:49:41,2025-10-27 13:49:41
514,Production Management,1,21460,1,2025-10-27 16:58:06,2025-10-27 16:58:06
515,Classic marketing,1,31890,1,2025-10-27 17:10:08,2025-10-27 17:10:08
516,Merchandising,1,31888,1,2025-10-27 17:18:47,2025-10-27 17:18:47
517,Opretions,1,31943,1,2025-10-27 19:25:40,2025-10-27 19:25:40
518,Maintenance.,1,32025,1,2025-10-27 22:27:02,2025-10-27 22:27:02
519,X-ray,1,32224,1,2025-10-28 11:40:49,2025-10-28 11:40:49
520,Web developper,1,32262,1,2025-10-28 12:33:33,2025-10-28 12:33:33
521,UAT,1,32270,1,2025-10-28 13:10:21,2025-10-28 13:10:21
522,store operation,1,32341,1,2025-10-28 15:43:33,2025-10-28 15:43:33
523,Internal audit,1,32383,1,2025-10-28 16:52:21,2025-10-28 16:52:21
524,Assembly,1,32436,1,2025-10-28 19:46:15,2025-10-28 19:46:15
525,Shipping,1,33089,1,2025-10-29 22:43:00,2025-10-29 22:43:00
526,QA Test,1,134,1,2025-10-30 16:20:34,2025-10-30 16:20:34
527,QA Analyst,1,134,1,2025-10-30 16:33:45,2025-10-30 16:33:45
528,GST,1,33485,1,2025-10-31 10:50:46,2025-10-31 10:50:46
529,Agency Department,1,33498,1,2025-10-31 11:13:57,2025-10-31 11:13:57
530,Brand promoter,1,33523,1,2025-10-31 12:03:49,2025-10-31 12:03:49
531,Marketing and Business Development,1,33733,1,2025-10-31 17:19:30,2025-10-31 17:19:30
532,Harness Section,1,33828,1,2025-10-31 20:33:25,2025-10-31 20:33:25
533,Commissioning Engineer,1,33828,1,2025-10-31 20:35:02,2025-10-31 20:35:02
534,L&D,1,33864,1,2025-10-31 21:45:32,2025-10-31 21:45:32
535,Technical expert,1,33933,1,2025-11-01 00:29:27,2025-11-01 00:29:27
536,Store and dispatch,1,34211,1,2025-11-01 20:38:55,2025-11-01 20:38:55
537,Sbi card,1,34284,1,2025-11-02 02:53:05,2025-11-02 02:53:05
538,Bath,1,34517,1,2025-11-02 20:33:16,2025-11-02 20:33:16
539,Jr ui ux designer,1,34558,1,2025-11-02 22:00:53,2025-11-02 22:00:53
540,Tata motors,1,34810,1,2025-11-03 17:28:36,2025-11-03 17:28:36
541,Electrician,1,34827,1,2025-11-03 17:38:37,2025-11-03 17:38:37
542,Operation and maintenance,1,34929,1,2025-11-03 22:50:25,2025-11-03 22:50:25
543,SME business loan,1,35272,1,2025-11-04 17:52:17,2025-11-04 17:52:17
544,Product and process Credit,1,35300,1,2025-11-04 19:01:31,2025-11-04 19:01:31
545,Presales,1,35321,1,2025-11-04 19:59:01,2025-11-04 19:59:01
546,Personal loans,1,35482,1,2025-11-05 10:23:55,2025-11-05 10:23:55
547,Debt Management,1,35552,1,2025-11-05 12:58:25,2025-11-05 12:58:25
548,Risk Management,1,35552,1,2025-11-05 13:05:41,2025-11-05 13:05:41
549,Customer Service Delivery,1,35552,1,2025-11-05 13:14:15,2025-11-05 13:14:15
550,Field inspection,1,35670,1,2025-11-05 17:53:44,2025-11-05 17:53:44
551,Water supply,1,35670,1,2025-11-05 18:00:34,2025-11-05 18:00:34
552,Salse officer,1,35680,1,2025-11-05 18:13:51,2025-11-05 18:13:51
553,Equipment,1,35689,1,2025-11-05 18:24:47,2025-11-05 18:24:47
554,Marketing analytics associate,1,35863,1,2025-11-06 09:10:54,2025-11-06 09:10:54
555,Fainnce,1,36070,1,2025-11-06 16:40:58,2025-11-06 16:40:58
556,Document verificatio,1,36128,1,2025-11-06 18:54:43,2025-11-06 18:54:43
557,Customer service executive,1,36150,1,2025-11-06 19:43:17,2025-11-06 19:43:17
558,Business & Financial Analytics,1,36258,1,2025-11-07 01:05:48,2025-11-07 01:05:48
559,Monitoring & Operating,1,36747,1,2025-11-08 14:19:25,2025-11-08 14:19:25
560,Logistics & customer service,1,37053,1,2025-11-09 16:13:31,2025-11-09 16:13:31
561,Cards,1,37353,1,2025-11-10 13:18:06,2025-11-10 13:18:06
562,Planning and Billing,1,37446,1,2025-11-10 16:28:10,2025-11-10 16:28:10
563,Laboratory technician,1,37451,1,2025-11-10 16:47:45,2025-11-10 16:47:45
564,Process,1,37597,1,2025-11-11 07:58:08,2025-11-11 07:58:08
565,Service & Sales,1,37597,1,2025-11-11 08:09:07,2025-11-11 08:09:07
566,Casa,1,37683,1,2025-11-11 12:15:16,2025-11-11 12:15:16
567,Hotlisting,1,37701,1,2025-11-11 12:53:06,2025-11-11 12:53:06
568,Team Member,1,37808,1,2025-11-11 17:44:03,2025-11-11 17:44:03
569,Assistant ML Engineer L1,1,37848,1,2025-11-11 20:04:21,2025-11-11 20:04:21
570,E-commerce,1,37886,1,2025-11-11 21:47:39,2025-11-11 21:47:39
571,Retail finance services,1,37916,1,2025-11-11 23:11:47,2025-11-11 23:11:47
572,AML,1,38050,1,2025-11-13 17:07:01,2025-11-13 17:07:01
573,Health insurance,1,38060,1,2025-11-14 15:43:30,2025-11-14 15:43:30
574,DPAR,1,38097,1,2025-11-15 15:23:39,2025-11-15 15:23:39
575,Waste Management,1,38149,1,2025-11-15 22:56:20,2025-11-15 22:56:20
576,Full Stack Developer,1,38326,1,2025-11-17 02:40:21,2025-11-17 02:40:21
577,Lending,1,38381,1,2025-11-17 10:10:59,2025-11-17 10:10:59
578,Personal and business loan,1,38381,1,2025-11-17 10:13:47,2025-11-17 10:13:47
579,Operational Excellence,1,38417,1,2025-11-17 11:19:02,2025-11-17 11:19:02
580,Sales and collection,1,38425,1,2025-11-17 11:30:30,2025-11-17 11:30:30
581,Costumer service,1,38483,1,2025-11-17 13:26:44,2025-11-17 13:26:44
582,Cd loan,1,38578,1,2025-11-17 17:25:45,2025-11-17 17:25:45
590,okay data,1,26656,1,2025-11-22 23:23:30,2025-11-22 23:23:30
609,rakesh,1,38593,1,2025-11-29 12:28:29,2025-11-29 12:28:29
611,EDP',1,40279,1,2026-06-15 14:58:10,2026-06-15 14:58:10
612,[object Object],1,40452,1,2026-06-19 16:03:06,2026-06-19 16:03:06
613,BDE,1,40349,1,2026-06-23 18:55:11,2026-06-23 18:55:11
614,QA,1,40473,1,2026-06-24 12:19:55,2026-06-24 12:19:55
615,QA and QC,1,40505,1,2026-06-29 13:39:22,2026-06-29 13:39:22
616,asfasfsda,1,40449,1,2026-06-30 13:17:59,2026-06-30 13:17:59
617,Station Controller,1,39072,1,2026-06-30 17:52:24,2026-06-30 17:52:24
618,Utility operation,1,40265,1,2026-07-01 11:35:11,2026-07-01 11:35:11
619,Credit advisor,1,40473,1,2026-07-01 12:18:33,2026-07-01 12:18:33
620,shubham department,,,1,2026-07-03 18:15:00,2026-07-03 18:15:00
621,Engineering,,,1,2026-07-04 11:11:06,2026-07-04 11:11:06
622,Mobile Development,,,1,2026-07-04 13:48:22,2026-07-04 13:48:22
623,Data Engineering,,,1,2026-07-04 17:14:36,2026-07-04 17:14:36
624,Software Engineering,,,1,2026-07-04 17:36:38,2026-07-04 17:36:38
625,Platform Engineering,,,1,2026-07-06 13:14:51,2026-07-06 13:14:51
626,Application Development,,,1,2026-07-06 13:15:32,2026-07-06 13:15:32
627,Backend Development,,,1,2026-07-06 13:22:51,2026-07-06 13:22:51
628,Technology,,,1,2026-07-07 16:17:02,2026-07-07 16:17:02
629,Teacher,1,40662,1,2026-07-09 18:40:58,2026-07-09 18:40:58
