id,experience,company,rating,review,doc,link,added_by,status,approved,expiry,show_review,is_deleted,show_home,create_date,modify_date
1,1,2,5,Exemplary leader whose visionary approach has significantly contributed to our organisation's comprehensive growth.,,,0,1,1,2025-05-23 17:49:44,,0,0,2025-05-20 17:49:44,2025-05-20 17:49:44
3,34,3,4,"\""Engaging and rejuvenating, Dance with Me deftly blends fitness and fun, providing an invigorating experience.\""",,,0,1,1,2025-03-28 18:20:24,,0,0,2025-03-25 18:20:24,
7,1,2,5,"He is a visionary leader with a dynamic and strategic approach to business. His working style is marked by professionalism, innovation, and a strong commitment to excellence. He leads with integrity, making well-informed decisions that drive the company's growth. His ability to inspire and motivate the team fosters a positive and productive work environment. Always approachable and supportive, he values teamwork and encourages creativity, ensuring the organization stays ahead in the industry.",[],,1,1,1,2025-03-28 17:57:18,,0,0,2025-03-25 17:57:18,
9,46,46,5,"Exceptional at documentation, onboarding, and miscellaneous tasks. Demonstrates strong work ethic and effective management skills.",,,0,1,1,2025-03-28 18:34:23,,0,0,2025-03-25 18:34:23,
10,34,3,5,"The company honored me as the Best Employee of the Month. I am very happy with my company.\r\nI am working in Med Freshe Pvt Ltd from last 5+ year as a Senior Graphic designer this company is very supportive and growing day by day, wonderful place to work & good environment.\r\nThe Company management and office environment is very corporative & supportive. The company gives incentives and bonuses every year each employee and also rewarded me for employee of the month.","[\""uploads\/document\/1742965845_4141e210f9be3bc850e1.jpg\""]",,0,1,1,2025-03-29 10:47:28,,0,0,2025-03-26 10:47:28,
11,34,3,5,I am very happy that my company has been awarded the Karma Yogi Award by UNG.\r\n\r\nAny amount of praise for my company would be less.,"[\""uploads\/document\/1742966142_23772071136acec0a3ce.jpg\""]",,0,1,1,2025-03-29 10:50:18,,0,0,2025-03-26 10:50:18,
12,67,108,3,"\""Rudraksh is an exceptional, goal-driven employee, consistently meeting targets, proving to be a valuable asset to our organization.\""",,,0,1,0,,,0,0,2025-03-26 13:34:23,
13,69,108,4,"\""Exceptional employee, Rudaksh consistently meets targets, proving himself a valuable asset to the company.\""",,,0,1,1,2025-03-29 13:39:16,,0,0,2025-03-26 13:39:16,
15,73,92,5,requiredrequiredrequiredrequiredrequiredrequired,[],,1,1,1,2025-04-01 00:00:00,,0,0,2025-03-27 17:03:02,
21,,213,5,He is great and innovative worker in my company.,[],,1,1,1,2025-04-03 16:03:54,,0,0,2025-03-31 16:03:54,
22,,213,5,He is great and innovative worker in my company.,[],,1,1,1,2025-04-03 16:03:57,,0,0,2025-03-31 16:03:57,
23,,213,5,He is great and innovative worker in my company.,[],,1,1,1,2025-04-03 16:04:37,,0,0,2025-03-31 16:04:37,
25,115,213,5,Your problem-solving skills have proven invaluable in situations that require innovative solutions.,,,0,1,1,2025-04-06 12:23:17,,0,0,2025-04-03 12:23:17,
27,123,2,5,"Plan budgets and digital marketing strategies, execute them effectively, and achieve expected results. A result-oriented and trend-setting online marketer.","[\""uploads\/document\/1747052241_7b2d99d7807f4f40ae21.jpg\""]",https://www.collarcheck.com/,0,1,1,2025-05-30 13:51:24,,0,0,2025-05-27 13:51:24,2025-05-27 13:51:24
28,162,5,4,Rudraksh is a great assest to the organisation,,,0,1,1,2025-04-27 12:48:54,,0,0,2025-04-24 12:48:54,
29,162,5,5,best employee,,,0,1,0,,,0,0,2025-04-24 16:28:19,
31,165,653,4,He was good employee.,[],,1,1,1,2025-04-27 17:45:21,,0,0,2025-04-24 17:45:21,2025-04-24 17:45:21
32,39,5,5,"I am from here since 2015, and punctual dedicated to my work.",,,0,1,1,,,0,0,2025-04-25 12:37:43,2025-04-25 12:37:43
33,39,5,5,"This company has demonstrated exceptional performance and contributed significantly to its industry, earning well-deserved recognition. A reputation for excellence is evident in their recent award, a testament to their hard work and dedication.","[\""uploads\/document\/1745566298_50c3b83615105945d25b.jpg\""]",,0,1,0,,,0,0,2025-04-25 13:01:38,2025-04-25 13:01:38
34,115,213,5,"Your work at ABC Fabrics has played a vital role in creating seamless, intuitive designs. Your problem-solving and creativity shine through in every project. Keep refining time management and increasing involvement in user testing to keep pushing your designs to the next level.",,,0,1,1,2025-04-29 15:37:36,,0,0,2025-04-26 15:37:36,2025-04-26 15:37:36
35,171,5,4,"Your work as a UI/UX Developer at Narula Exports has been impressive. You've effectively combined creativity with functionality, delivering user-friendly designs. Your collaboration with the team and ability to adapt to changes has been key. Focus on improving time management and user testing for continued growth.",,,0,1,1,,,0,0,2025-04-26 15:39:33,2025-04-26 15:39:33
36,172,3,5,"At Medfreshe, your contributions as a UI/UX Developer have enhanced the overall user experience significantly. Your designs are both innovative and user-centered. Great teamwork and adaptability have been standout qualities. Keep honing your skills in time management and user testing for further impact.",,,0,1,1,,,0,0,2025-04-26 15:40:05,2025-04-26 15:40:05
37,115,213,4,"Awesome work on UI/UX designs! Your creativity and understanding of user needs have truly elevated the product. Your team collaboration is excellent. Moving forward, improving time management and increasing user testing involvement will take your skills even further. Keep it going!",,,0,1,1,,,0,0,2025-04-26 15:42:59,2025-04-26 15:42:59
38,171,5,5,"Great work on your UI/UX designs! Your creativity and user-centric approach have improved the overall product experience. Your collaboration with teams is spot on. For growth, focus on time management and enhancing user testing involvement. Keep it up!",,,0,1,1,,,0,0,2025-04-26 15:45:53,2025-04-26 15:45:53
39,175,653,5,He was good employee.,[],,1,1,1,2025-05-03 11:46:15,,0,0,2025-04-30 11:46:15,2025-04-30 12:52:08
40,175,653,3,Hii,"[\""uploads\/document\/1746256460_2c30eed4a207e288eff6.png\""]",Collar Check,1,1,1,2025-05-06 12:44:20,,0,0,2025-05-03 12:44:20,2025-05-03 12:49:08
41,175,653,4,Hi Avi,"[\""uploads\/document\/1746256838_fce092bf18364f7721ef.jpg\""]",https://www.facebook.com/,1,1,1,2025-05-06 12:50:38,,0,0,2025-05-03 12:50:38,2025-05-03 12:50:38
42,187,2,5,"Your work has consistently delivered exceptional results in improving CollarCheck’s online presence. The efforts on on-page and technical SEO have significantly improved the website’s search visibility and performance.\n\nYou have efficiently managed the social media content calendar, ensured daily posts, conducted trend analysis, and optimized social media, resulting in significantly improved engagement and visibility.\n\nAdditionally, managing Meta ad campaigns for brand awareness, engagement, and lead generation has led to noticeable improvements in campaign performance, reduced costs, and increased ROI.\n\nA quick learner with strong dedication to your work, your proactive approach and problem-solving skills are truly commendable. I have observed a strong eagerness to learn, and your commitment to continuous growth is highly appreciated. Keep up the great work!",,,0,1,2,,,0,0,2025-05-12 23:22:23,2025-05-12 23:22:23
43,175,653,4,Hii,[],,1,1,1,2025-05-20 11:11:08,,0,0,2025-05-17 11:11:08,2025-05-17 11:11:08
44,175,653,5,Hii,[],,1,1,1,2025-05-20 11:12:10,,0,0,2025-05-17 11:12:10,2025-05-17 11:12:10
45,175,653,5,hii,[],,1,1,1,2025-05-20 11:12:51,,0,0,2025-05-17 11:12:51,2025-05-17 11:12:51
46,187,2,5,"As a Social Media Executive, Ravi consistently demonstrated efficiency and a proactive approach to tasks. His positive work attitude and professional behaviour contributed to a collaborative team environment. He effectively managed social media platforms, enhancing our online presence. Overall, his performance was commendable, showing reliability and dedication to his role within the company.\r\nWe wish him best of luck for his future.",[],,1,1,1,2025-05-23 12:53:20,,0,0,2025-05-20 12:53:20,2025-05-20 12:53:20
47,162,5,5,.,[],,1,1,1,2025-05-25 02:40:20,,0,0,2025-05-22 02:40:20,2025-05-22 02:40:20
48,148,2,5,"As a Quality Assurance Engineer, I am committed to delivering high-quality, reliable software across web and mobile platforms. I bring a detail-oriented mindset to both manual and automated testing, with hands-on experience using tools like Selenium, Appium, JIRA, and Postman. I have worked extensively on mobile application testing (Android & iOS), focusing on functionality, usability, and compatibility across devices. I create clear, efficient test cases, actively collaborate with developers to resolve issues, and contribute to sprint planning to align QA efforts with product goals. With strong analytical skills and a user-focused approach, I ensure every release meets the highest standards of performance and stability.",,,0,1,0,,,0,0,2025-05-29 11:19:28,2025-05-29 11:19:28
49,25,2,4,"Mohit Played a key role in transforming Collarcheck from an idea into reality with my frontend development skills. He contributed and led a team in refining the platform, fixing bugs, optimizing workflows, and introducing new features. Working closely with developers, designers, and management, helped enhance its quality and user experience.",,https://www.collarcheck.com/,0,1,0,,,0,0,2025-05-29 12:50:05,2025-05-29 12:50:05
50,63,2,4,"Kartik Mehra  has been a good addition to the team at Collar Check! His skills in UI development, attention to detail, and creativity have really helped shape the platform's look and feel. Whether it's designing intuitive interfaces with Figma or fine-tuning front-end elements with HTML, CSS, and Next.js, their work always brings a polished and engaging experience for users.\r\n\r\nTheir collaboration with developers,and management has been seamless, making the entire development process more efficient and enjoyable.\r\n\r\nOverall, a great team player and a true asset to Collar Check!",,,0,1,1,2025-07-14 17:57:24,,0,0,2025-07-11 17:57:24,2025-07-11 17:57:24
51,98,2,5,"As a Talent Recruiter, demonstrates strong efficiency in sourcing and hiring for both IT and non-IT positions, effectively meeting the company’s staffing needs. Maintains a positive attitude and exhibits excellent verbal communication skills, facilitating smooth interactions with candidates and hiring managers. Consistently contributes to the recruitment process with professionalism and dedication, ensuring timely and quality talent acquisition.",,,0,1,2,,,0,0,2025-05-29 12:52:31,2025-05-29 12:52:31
52,197,2,5,"A highly creative and reliable team member.\""\r\n\r\nWe're pleased to share our feedback for Prashant, who worked with us as a Social Media & Video Editor.\r\n\r\nFrom day one, they brought strong creativity, attention to detail, and a deep understanding of social media trends. Their ability to translate ideas into visually engaging content helped increase our engagement across platforms.\r\n\r\n🎯 Key strengths:\r\n\r\nDelivers high-quality videos under tight deadlines\r\n\r\nBrings fresh ideas to every campaign\r\n\r\nWorks well with cross-functional teams\r\n\r\nAlways open to feedback and quick to adapt\r\n\r\nIt’s been a pleasure having them on our team. We highly recommend them for any content-driven, creative role.",,,0,1,0,,,0,0,2025-05-29 16:50:20,2025-05-29 16:50:20
53,25,2,5,"Mohit played a pivotal role in evolving Collar check from concept to completion through his strong frontend development expertise. He effectively led a team to refine the platform by addressing bugs, optimizing workflows, and adding valuable features. His collaborative approach with developers, designers, and management significantly improved the platform’s quality and user experience. Mohit’s dedication and leadership were instrumental in the project’s success. We wish him continued success in all his future endeavors.",[],,1,1,1,2025-06-13 13:41:05,,0,0,2025-06-10 13:41:05,2025-06-10 13:41:05
54,2,2,5,"Rakesh Maurya has been a key contributor to the successful development of the Collar Check platform, from concept to completion through his strong backend development expertise. As a Senior Backend Developer, he was instrumental in designing robust architecture, optimizing database performance, and ensuring API reliability. He effectively led initiatives to resolve critical issues, streamline backend processes, and integrate essential features. Rakesh’s collaborative mindset and seamless coordination with frontend developers, designers, and management greatly enhanced the platform’s stability and performance. His dedication and technical leadership were key to the project’s success. We sincerely thank him and wish him continued success in all his future endeavors.",,https://www.collarcheck.com/,0,1,1,,,0,0,2025-06-12 18:07:27,2025-06-12 18:07:27
55,175,653,4,He was good employee with dedicated achievement.,[],,1,1,1,2025-06-19 15:09:47,,0,0,2025-06-16 15:09:47,2025-06-16 15:09:47
56,637,2,4,"Collar Check is a reputable company for IT engineers, known for its supportive work environment and professional growth opportunities. The company fosters innovation and values employee contributions, making it an excellent choice for IT professionals seeking career development. Overall, Collar Check demonstrates strong commitment to both employee satisfaction and industry standards.",,,0,0,0,,,0,0,2025-06-27 10:43:11,2025-06-27 10:43:11
57,634,653,5,Hi,,,0,1,1,2025-07-21 12:49:27,,0,0,2025-07-18 12:49:27,2025-07-18 12:49:27
58,164,653,4,Hii,,,0,1,2,,,0,0,2025-07-01 10:58:43,2025-07-01 10:58:43
59,98,2,5,"Efficiently managing the company’s recruitment process, ensuring alignment with organizational needs. Demonstrates expertise in identifying and sourcing qualified talent to meet role requirements. Maintains clear communication with candidates and hiring managers, facilitating smooth hiring procedures. Contributes to building a strong workforce by delivering timely and suitable recruitment solutions. Highly dependable in supporting the company’s talent acquisition goals with professionalism and accuracy.",,,0,1,1,2025-07-06 13:31:35,,0,0,2025-07-03 13:31:35,2025-07-03 13:31:35
60,724,2,4,I have join collarcheck as a flutter developer.,,,0,1,0,,,0,0,2025-07-04 16:01:13,2025-07-04 16:01:13
61,850,5688,5,"We started with one small kitchen and a big dream — to serve fresh, flavorful food to every home in Udaipur. Today, with 10+ digital food brands under one roof, we’re changing how Udaipur eats. Quality, speed, and customer love — that’s our recipe for success.\""\r\n#ChoudharyFoodHouse #CEOMessage #UdaipurFood #MukeshChoudhary",,https://linktr.ee/choudharyfoodhouse.official,0,1,1,2025-07-15 17:13:29,,0,0,2025-07-12 17:13:29,2025-07-12 17:13:29
62,850,5688,5,"Mukesh Choudhary is a dynamic leader whose vision has propelled Choudhary Food House Pvt. Ltd. into a trusted name in Udaipur’s food industry. His passion and hands-on approach drive innovation in cloud kitchen automation and elevate customer service standards. Committed to quality, team development, and local employment, he balances business growth with community impact. Mukesh exemplifies leadership with both heart and foresight, making him a commendable CEO. Highly recommended.",[],,1,1,1,2025-07-15 17:05:46,,0,0,2025-07-12 17:05:46,2025-07-12 17:08:04
63,885,13,3,test,[],,1,1,1,2025-07-27 12:19:50,,0,0,2025-07-24 12:19:50,2025-07-24 12:19:50
64,568,13,3,"This company offers an amazing environment with excellent career growth opportunities. Their projects are well-managed and provide valuable experience, making it an ideal choice for long-term career development. Highly recommended for professionals seeking a supportive and forward-thinking workplace.","[\""uploads\/document\/1754389590_f02b9390c968c35b076e.png\""]",https://www.collarcheck.com,0,1,1,,,0,0,2025-08-05 15:56:30,2025-08-05 15:56:30
65,634,653,5,"He's so confident employee where completed all task within timeline and deciated as well, I really proub to get this kind of candidate for our organisation. ",[],,1,1,1,2025-08-09 17:57:25,,0,0,2025-08-06 17:57:25,2025-08-06 17:57:25
66,637,2,4,"As a Software developer for CollarCheck, I am responsible for developing robust APIs, solving complex problems, and collaborating closely with the frontend team to develop new modules. Additionally, I am working admin panel to facilitate data analysis and generate insightful dashboards. My role requires strong coding skills, effective communication, and a focus on delivering scalable, efficient solutions to support the overall project goals.",,https://www.collarcheck.com,0,1,1,2025-09-07 15:44:59,0,0,0,2025-09-04 15:44:59,2025-09-04 15:44:59
67,1237,13,5,He can multitask like an entire team. A real one man army.,[],,1,1,0,2025-09-02 15:01:37,,0,0,2025-08-30 15:01:37,2025-08-30 15:01:37
68,634,653,4,Amazing,,,0,1,2,,,0,0,2025-09-04 18:09:22,2025-09-04 18:09:22
69,634,653,4,Amazing,,,0,1,2,,,0,0,2025-09-04 18:11:26,2025-09-04 18:11:26
70,1793,3357,5,Nice & Talented Guy,[],,1,1,1,2025-09-27 12:38:55,0,0,0,2025-09-24 12:38:55,2025-09-24 12:38:55
71,1793,3357,5,Nice work space of individual \r\nEnvironment is friendly,,,0,1,1,2025-09-27 12:40:14,0,0,0,2025-09-24 12:40:14,2025-09-24 12:40:14
72,455,2,5,"The customer’s issues were efficiently resolved, and a tailored solution was provided to meet their needs. The onboarding process was completed successfully. Overall, the project was managed professionally, ensuring customer satisfaction and smooth implementation.","[\""uploads\/document\/1758700670_cc04391588f8ff5b7ab2.jpg\""]",,0,1,0,,,0,0,2025-09-24 13:27:50,2025-09-24 13:27:50
73,634,653,4,Hi,,,0,1,1,2025-11-04 10:56:40,0,0,0,2025-11-01 10:56:40,2025-11-01 10:56:40
74,2998,653,5,Rudraksh Achived the sales tareget. we are happy for him,,,0,1,1,2025-11-04 14:04:09,0,0,0,2025-11-01 14:04:09,2025-11-01 14:04:09
75,422,2,4,txcfgc  cfgtcfg g,,,0,1,0,,,0,0,2025-11-06 18:07:19,2025-11-06 18:07:19
76,422,2,4,The employee was excellent and performed tasks efficiently. Demonstrated strong work ethic and reliability throughout. A valuable team member with consistent quality output. Highly recommended for future roles.,,,0,1,0,,,0,0,2025-11-06 18:24:46,2025-11-06 18:24:46
77,422,2,4,"An exceptional employee who consistently demonstrates responsibility and reliability. They eagerly embrace challenges and new tasks, showing adaptability and a proactive attitude. Their dedication and sensible approach contribute significantly to team success and overall productivity. A valuable asset to any organization.","[\""uploads\/document\/1762507815_c0b6e38ce0d197a84f89.jpg\""]",https://www.collarcheck.com,0,1,0,,,0,0,2025-11-07 15:00:15,2025-11-07 15:00:15
78,422,2,4,dsdsdsv sdds,"[\""uploads\/document\/1762511794_ff39d4b042b2199822dd.jpg\""]",https://www.collarcheck.com,0,1,0,,,0,0,2025-11-07 16:06:34,2025-11-07 16:06:34
79,123,2,4,"Managed performance marketing and led the marketing team to successfully execute Meta and Google Ads campaigns, achieving recordable results. Created impactful content and provided guidance for ad reel production, enhancing campaign effectiveness. Increased user engagement and website traffic through strategic marketing initiatives. Demonstrated strong leadership and expertise in digital advertising to drive measurable growth and brand visibility.",,,0,1,0,,,0,0,2025-11-20 12:31:54,2025-11-20 12:31:54
80,483,2,5,"Based on your working experience in collar check, you demonstrate strong attention to detail and accuracy, essential for quality control in this area. Your consistent performance ensures reliable product standards and enhances overall operational efficiency. Continued focus on improving inspection techniques and staying updated with industry best practices will further strengthen your expertise. Overall, your contribution is valuable and contributes positively to maintaining high-quality outputs. I would rate your experience as proficient and reliable.",,,0,1,0,,,0,0,2025-11-20 17:02:20,2025-11-20 17:02:20
81,2913,653,4,Test,[],,1,1,1,2025-12-04 11:49:25,0,0,0,2025-12-01 11:49:25,2025-12-01 11:49:25
82,455,2,5,"I efficiently resolve client issues by delivering clear, well-structured solutions. My approach prioritizes timely and practical problem-solving, ensuring high client satisfaction. I consistently demonstrate professionalism and a strong commitment to quality service, contributing to seamless sales operations and positive client relationships.","[\""uploads\/document\/1764657172_c38a00fe6815359f3e56.png\""]",,0,1,0,,,0,0,2025-12-02 12:02:52,2025-12-02 12:02:52
83,2912,653,4,Good Employee,"[\""uploads\/document\/1764831578_d06be718f8879b1842c4.png\""]",,1,1,1,2025-12-07 12:29:38,0,0,0,2025-12-04 12:29:38,2025-12-04 12:29:38
84,123,2,4,"Huge appreciation for managing our Meta Ads and Google Ads. His hard work, smart optimisation, and consistent monitoring have helped us achieve exactly the results we were aiming for. We truly appreciate the dedication, attention to detail, and performance he brings to every campaign. Great work and keep it up.",,,0,1,0,,,0,0,2025-12-05 11:55:53,2025-12-05 11:55:53
85,11,5,4,change my review 1 time,,,0,1,0,,,0,0,2025-12-29 11:37:49,2025-12-29 11:37:49
86,3657,1673,5,drhgsryrr,,setest,0,1,0,,,0,0,2026-01-15 16:42:23,2026-01-15 16:42:23
87,3657,1673,4,drhgsryrr,,setest,0,1,0,,,0,0,2026-01-15 16:42:57,2026-01-15 16:42:57
88,3657,1673,3,drhgsryrr,,setest,0,1,0,,,0,0,2026-01-15 16:43:11,2026-01-15 16:43:11
89,3657,1673,3,hello how r you,,setest,0,1,0,,,0,0,2026-01-15 16:43:41,2026-01-15 16:43:41
90,3625,38941,5,this is dummy testing review by rohan user account to company,"[\""uploads\/document\/f90806712666d086fee5337912b16e38c1bc29f1abe0005085bf3dd604e4d41e.pdf\""]",https://collarcheckbeta.com/employee/rohan-prajapati-cce160562,0,0,1,2026-01-31 12:01:48,0,0,0,2026-01-28 12:01:48,2026-01-28 17:23:16
91,3625,38941,5,test,"[\""uploads\/document\/80c59ea17e9601b8165266872483aa8d7e0eeab67b6d85e589ce1ec01e82f899.png\""]",https://collarcheckbeta.com/employee/rohan-prajapati-cce160562,0,1,1,2026-01-31 16:16:24,0,0,0,2026-01-28 16:16:24,2026-01-28 18:02:40
92,3625,38941,4,hey,,https://collarcheckbeta.com/employee,0,1,1,2026-01-31 16:57:49,0,0,0,2026-01-28 16:57:49,2026-01-28 18:03:14
93,3625,38941,5,dummy,,https://collarcheckbeta.com/employee/rohan-prajapati-cce160562,0,1,2,2026-01-19 12:27:36,0,0,0,2026-01-16 12:27:36,2026-01-16 12:27:36
94,3625,38941,5,8522154,,,0,1,2,2026-01-31 14:24:21,0,0,0,2026-01-28 14:24:21,2026-01-28 17:21:12
95,3625,38941,5,Company to user dummy review with 5 star rating,"[\""uploads\/document\/80c59ea17e9601b8165266872483aa8d7e0eeab67b6d85e589ce1ec01e82f899.png\""]",https://collarcheckbeta.com/employee/rohan-prajapati-cce160562,1,1,2,2026-01-19 18:19:33,0,0,0,2026-01-16 18:19:33,2026-01-16 18:19:33
96,3550,38844,4,test,[],,1,1,1,2026-01-20 16:14:46,0,0,0,2026-01-17 16:14:46,2026-01-17 16:15:37
97,3661,38941,5,testing review,"[\""uploads\/document\/80c59ea17e9601b8165266872483aa8d7e0eeab67b6d85e589ce1ec01e82f899.png\""]",https://collarcheckbeta.com/employee/rohan-prajapati-cce160562,1,1,0,2026-01-23 14:55:27,0,0,0,2026-01-20 14:55:27,2026-01-20 14:55:27
98,3682,39058,4,Test,"[\""uploads\/document\/9a951f31da3157bbe508022fd3548adb9de533bd9e4b101c22a3e441023cccd5.pdf\""]",https://linkedin/in/vivek,0,1,0,,,0,0,2026-01-21 15:19:34,2026-01-21 15:19:34
99,3682,39058,4,Test,"[\""uploads\/document\/9a951f31da3157bbe508022fd3548adb9de533bd9e4b101c22a3e441023cccd5.pdf\""]",https://linkedin/in/vivek,0,1,0,,,0,0,2026-01-21 15:20:30,2026-01-21 15:20:30
100,3683,1485,4,shdhdhh,,dhehhd,0,1,0,,,0,0,2026-01-21 15:21:53,2026-01-21 15:21:53
101,3676,2,4,dfeasFEASF,,awadr,0,1,0,,,1,0,2026-01-21 17:45:28,2026-01-21 17:45:28
102,3690,39072,4,sdgf sf sdf sd sdfs,,,0,1,1,2026-01-25 11:55:34,0,0,0,2026-01-22 11:55:34,2026-01-22 11:59:18
103,3690,39072,3,asdas,,,0,1,2,,,0,0,2026-01-22 12:01:18,2026-01-22 12:01:18
104,3642,653,4,test new test,,,0,1,1,,,0,0,2026-01-30 15:17:38,2026-01-30 15:17:38
105,3701,1673,4,sghjdhgjfdg,,gresagetge,0,1,0,,,1,0,2026-01-22 18:35:16,2026-01-22 18:35:16
106,3701,1673,4,sghjdhgjfdg,,gresagetge,0,1,0,,,1,0,2026-01-22 18:39:02,2026-01-22 18:39:02
107,3696,39072,4,test review,,,0,1,1,2026-04-03 15:24:51,0,0,0,2026-03-31 15:24:51,2026-03-31 15:24:51
108,568,13,5,fddf xcffdfdfd dffdfd dffdfd dffdfd dffddf,"[\""uploads\/document\/25d5f97fe165b3a6b8c9d3cbae2b1e934e01064cecee381af3d2b7e2ee515f4d.jpg\""]",https://www.collarcheck.com,0,1,1,,,0,0,2026-01-23 12:50:25,2026-01-23 12:50:25
109,3704,39072,4,Brilliant,,,0,1,1,2026-01-26 13:33:13,0,0,0,2026-01-23 13:33:13,2026-01-23 13:33:13
110,3690,39072,4,test,,,0,1,1,2026-03-06 11:12:26,0,0,0,2026-03-03 11:12:26,2026-03-03 11:12:26
111,3705,39072,4,Test ES S SG Sgsd gg a aa sag  af af sf,,,0,1,0,,,0,0,2026-01-23 14:59:14,2026-06-09 12:54:03
112,3696,39072,4,test revie for rmsi company,,,0,1,1,2026-01-31 12:45:57,0,0,0,2026-01-28 12:45:57,2026-01-28 12:45:57
113,3696,39072,4,test revie for rmsi company,,,0,1,1,2026-04-02 13:30:35,0,0,0,2026-03-30 13:30:35,2026-03-30 13:30:35
114,3669,38941,2,Deputy test review,"[\""uploads\/document\/7b15d74abe6cb78688642a35cfa3c7bbe1d5afd5aed0f9420c06fcff5c2d1acb.pdf\""]",https://collarcheckbeta.com/employee/rohan-prajapati-cce160562,0,1,1,2026-01-31 14:31:01,0,0,0,2026-01-28 13:31:01,2026-01-28 18:43:58
115,3642,653,4,check this review today,,,0,1,0,,,0,0,2026-01-31 13:12:38,2026-01-31 13:12:38
116,3704,39072,4,test,[],,1,1,1,2026-02-03 14:48:31,0,0,0,2026-01-31 14:48:31,2026-01-31 14:48:31
117,3704,39072,4,test,[],,1,1,1,2026-02-03 14:48:48,0,0,0,2026-01-31 14:48:48,2026-01-31 14:48:48
118,3710,39100,3,test review,,,0,1,1,2026-02-03 15:55:56,0,0,0,2026-01-31 15:55:56,2026-01-31 16:11:07
119,3655,39013,4,test zening,,,0,1,1,2026-02-03 16:28:52,0,0,0,2026-01-31 16:28:52,2026-01-31 16:36:41
120,3655,39013,5,test for review,,https://collarcheckbeta.com/employee,0,1,1,2026-02-09 12:33:19,0,0,0,2026-02-06 12:33:19,2026-02-06 12:33:19
121,3655,39013,4,test,,,0,1,2,,,0,0,2026-02-06 13:02:36,2026-02-06 13:02:36
122,3737,39081,5,He's brilliant to handle team and work hard to achieve his task.,[],,1,1,1,2026-02-09 16:50:10,0,0,0,2026-02-06 16:50:10,2026-02-06 16:50:10
123,3736,2,4,very good company,,dsf,0,1,0,,,0,0,2026-02-09 13:13:07,2026-02-09 13:13:07
124,3736,2,5,very good company zjvfd,,dsf,0,1,0,,,0,0,2026-02-09 13:13:57,2026-02-09 13:13:57
125,3736,2,3,for nbtesting only AJ skdkfj shfwsfh hsjkhdf bsjdfj basjdfjd bajbdjqwebd,,dsf,0,1,0,,,0,0,2026-02-09 13:14:45,2026-02-09 13:14:45
126,3736,2,3,for nbtesting only AJ skdkfj shfwsfh hsjkhdf bsjdfj basjdfjd bajbdjqwebd,,dsf,0,1,0,,,0,0,2026-02-09 13:19:22,2026-02-09 13:19:22
127,3736,2,4,testing,,sdcvd,0,1,0,,,0,0,2026-02-09 13:20:14,2026-02-09 13:20:14
128,3736,2,2,testing,,sd,0,1,0,,,0,0,2026-02-09 13:23:05,2026-02-09 13:23:05
129,3736,2,4,hello,,,0,1,0,,,0,0,2026-02-09 13:26:04,2026-02-09 13:26:04
130,3741,5,5,weerer,,,0,1,0,,,0,0,2026-02-09 17:07:28,2026-02-09 17:07:28
131,3741,5,3,addqw,,,0,1,0,,,0,0,2026-02-09 17:08:02,2026-02-09 17:08:02
132,3741,5,1,wqeqwq,,,0,1,1,,,0,0,2026-02-09 17:08:28,2026-02-09 17:08:28
133,3625,38985,5,good experience,[],,1,1,1,2026-02-14 17:13:27,0,0,0,2026-02-11 17:13:27,2026-02-11 17:13:27
134,3748,38985,3,asdfas asf af,[],,1,1,1,2026-02-14 18:14:24,0,0,0,2026-02-11 18:14:24,2026-02-11 18:14:24
135,3705,39072,5,Test,,,0,1,0,,,0,0,2026-02-11 18:20:44,2026-02-11 18:20:44
136,3705,39072,5,Hey Jadoo,,,0,1,1,2026-02-15 11:14:03,0,0,0,2026-02-12 11:14:03,2026-02-12 11:14:03
137,3705,39072,4,Test 1,,,0,1,1,2026-02-15 11:13:45,0,0,0,2026-02-12 11:13:45,2026-02-12 11:13:45
138,3705,39072,0,test,,,0,1,1,2026-04-10 12:13:06,0,0,0,2026-04-07 12:13:06,2026-04-07 12:13:06
139,3741,5,4,ghfghfh,,,0,1,0,,,0,0,2026-02-13 12:59:20,2026-02-13 12:59:20
140,3741,5,4,vdffvg,,,0,1,1,,,0,0,2026-02-13 13:03:01,2026-02-13 13:03:01
141,3741,5,4,bnbnjbg,,,0,1,0,,,0,0,2026-02-13 14:33:31,2026-02-13 14:33:31
142,3710,39100,5,review test,,,0,1,0,,,0,0,2026-02-13 16:09:52,2026-02-13 16:09:52
143,3655,39013,5,review test,,,0,1,1,2026-06-06 11:11:13,0,0,0,2026-06-03 11:11:13,2026-06-03 11:11:13
144,3669,38941,4,fgfgsdfgsdfgafg,,,0,1,0,,,0,0,2026-02-13 16:31:11,2026-02-13 16:31:11
145,3705,39072,1,Test,,,0,1,1,2026-04-10 11:40:54,0,0,0,2026-04-07 11:40:54,2026-04-07 11:40:54
146,3705,39072,1,Test,,,0,1,1,2026-04-09 17:09:47,0,0,0,2026-04-06 17:09:47,2026-04-06 17:11:29
147,3705,39072,5,Brialliant,,,0,1,0,,,0,0,2026-02-13 17:12:15,2026-02-13 17:12:15
148,3705,39072,5,Vivek,,,0,1,2,,,0,0,2026-02-13 17:13:02,2026-02-13 17:13:02
149,3705,39072,4,Here’s an extended and rewritten version of your text with bullet points:\n\nTesting is a crucial part of quality assurance (QA) to ensure software reliability and performance. Repeated QA tests help identify bugs an  QA,"[\""uploads\/document\/5e4d40fcd8b22453a5da2d32533b128f2565f3fc7a4d1647a93c86cdbb4be37a.pdf\""]",,0,1,1,2026-04-09 17:01:15,0,0,0,2026-04-06 17:01:15,2026-04-06 17:01:15
150,3741,5,4,"hello, how are you",,,0,1,1,,,0,0,2026-02-13 18:56:46,2026-02-13 18:56:46
151,3757,1485,4,hello this is rating fore blinkit,,,0,1,0,,,0,0,2026-02-14 10:55:16,2026-02-14 10:55:16
152,3757,1485,3,this is for testing,,,0,1,0,,,0,0,2026-02-14 10:55:57,2026-02-14 10:55:57
153,3741,5,4,helo this is for narula rating,,,0,1,0,,,0,0,2026-02-14 10:57:16,2026-02-14 10:57:16
154,3741,5,2,this is for testing,,,0,1,1,,,0,0,2026-02-14 11:33:51,2026-02-14 11:33:51
155,3757,1485,3,this is for testing only,,,0,1,0,,,0,0,2026-02-14 11:34:29,2026-02-14 11:34:29
156,3741,5,4,hello I am flutter developer with 4 nyeares experience of developing cross-platform mobile application for Android and iOS,,,0,1,1,,,0,0,2026-02-14 16:03:52,2026-02-14 16:03:52
157,3741,20288,4,hi,,,0,1,0,,,0,0,2026-02-19 14:42:32,2026-02-19 14:42:32
158,3696,39072,3,sdada,,,0,1,1,2026-04-02 12:31:36,0,0,0,2026-03-30 12:31:36,2026-03-30 12:43:31
159,3696,39072,4,gfdgdg,,https://google.com,0,1,1,2026-04-02 12:30:13,0,0,0,2026-03-30 12:30:13,2026-03-30 12:43:06
160,3705,39072,5,Excellent,,,0,1,1,2026-03-27 17:17:53,0,0,0,2026-03-24 17:17:53,2026-03-24 17:20:05
161,3777,38941,5,test,,,0,1,1,2026-03-27 11:57:49,0,0,0,2026-03-24 11:57:49,2026-03-24 11:57:49
162,3753,19,3,edfg,[],,1,1,1,2026-02-24 15:07:44,0,0,0,2026-02-21 15:07:44,2026-02-21 15:07:44
163,3741,20288,4,this is for testing p[urose,"[\""uploads\/document\/211cde9ec06aa5f1fbe5cf3dc902268101a7bc29fa37afc4ea66510049010afc.pdf\""]",,0,1,0,,,0,0,2026-02-21 16:50:32,2026-02-21 16:50:32
164,3741,20288,4,today review,"[\""uploads\/document\/211cde9ec06aa5f1fbe5cf3dc902268101a7bc29fa37afc4ea66510049010afc.pdf\""]",,0,1,0,,,0,0,2026-02-23 14:19:07,2026-02-23 14:19:07
165,3804,38985,5,good work,[],,1,1,1,2026-02-28 16:45:01,0,0,0,2026-02-25 16:45:01,2026-02-25 16:45:01
166,3810,39305,5,There are employees who complete tasks and then there’s Punch who carries responsibility like it’s his own. We never had to question his intent or his effort. He earned our trust every single day.,[],,1,1,1,2026-02-28 19:19:16,0,0,0,2026-02-25 19:19:16,2026-02-25 19:19:16
167,3822,38941,5,Very Professional,,,0,1,1,2026-03-06 12:29:38,0,0,0,2026-03-03 12:29:38,2026-03-03 12:29:38
168,3825,39256,5,test review,,,0,1,1,2026-03-08 16:53:07,0,0,0,2026-03-05 16:53:07,2026-03-05 16:53:07
169,3826,39256,4, gf g asd asdgf agf ,[],,1,1,1,2026-03-08 16:55:22,0,0,0,2026-03-05 16:55:22,2026-03-05 16:55:22
170,3825,39314,4,dummy review,[],,1,1,1,2026-03-09 17:41:25,0,0,0,2026-03-06 17:41:25,2026-03-06 17:41:25
171,3695,39072,5,Cool,,,0,1,2,,,0,0,2026-03-09 13:40:46,2026-03-09 13:40:46
172,3850,39340,5,REVIEW REQUEST,,,0,1,0,,,0,0,2026-03-11 11:05:41,2026-03-11 11:05:41
173,3851,39340,4,good work flow ,[],,1,1,1,2026-03-14 11:07:43,0,0,0,2026-03-11 11:07:43,2026-03-11 11:07:43
174,3852,39340,5,very professional ux developer,,,0,1,0,,,0,0,2026-03-11 11:53:34,2026-03-11 11:53:34
175,3852,39340,5,good work ,"[\""uploads\/document\/9d3a165f3c519772b00e4097502f64c76b4438f26483cee6078d046610d8c52f.pdf\""]",https://collarcheck-v3.vercel.app/,1,1,1,2026-03-14 11:56:19,0,0,1,2026-03-11 11:56:19,2026-03-11 11:56:19
176,3854,0,3,goood work flow .....,,https://collarcheck-v3.vercel.app/,0,1,0,,,0,0,2026-03-11 13:27:21,2026-03-11 13:27:21
177,3764,38941,4,fffsfsfsfsf fsfsf,"[\""uploads\/document\/ef88691576d9656a368e5652a333f412c77da6b4ee723d0c4f134af67c957c3f.pdf\""]",fsfsffsf ,1,1,1,2026-03-14 15:07:44,0,0,0,2026-03-11 15:07:44,2026-03-11 15:07:44
178,3764,38941,4,fssfs sfsfsfs,"[\""uploads\/document\/ef88691576d9656a368e5652a333f412c77da6b4ee723d0c4f134af67c957c3f.pdf\""]",https://www.collarcheck.com/login,1,1,1,2026-03-14 15:08:37,0,0,0,2026-03-11 15:08:37,2026-03-11 15:08:37
179,3764,639,4,"An excellent employee who demonstrates strong work ethic and dedication. Consistently shows reliability and a positive attitude towards tasks. Their hardworking nature contributes significantly to team success. With continued growth and experience, they have great potential for further responsibilities. Overall, a valuable asset to the organization.",[],,1,1,1,2026-03-14 15:13:12,0,0,0,2026-03-11 15:13:12,2026-03-11 15:13:12
180,3769,639,3,"With a strong foundation shared with VS Code, Cursor IDE offers seamless compatibility with nearly all VS Code themes, empowering users to tailor their coding environment to personal preferences. Understanding that the ideal theme varies by individual—based on factors like color palette, contrast, and eye strain—Cursor enables a customizable, comfortable development experience. Backed by expertise in HTML5, CSS3, JavaScript, React.js, Flutter, and agile methodologies, we prioritize versatile tools that enhance productivity and user comfort across diverse projects.",[],,1,1,1,2026-03-14 15:33:44,0,0,0,2026-03-11 15:33:44,2026-03-11 15:33:44
181,3775,639,3,sfaa,[],,1,1,1,2026-03-14 15:50:50,0,0,0,2026-03-11 15:50:50,2026-03-11 15:50:50
182,3809,39256,5,this is only for testing,,,0,1,0,,,0,0,2026-03-12 11:18:31,2026-03-12 11:18:31
183,3809,39256,5,assistant testing,,,0,1,0,,,0,0,2026-03-12 11:20:19,2026-03-12 11:20:19
184,3809,39256,4,hello,,,0,1,0,,,0,0,2026-03-12 11:21:02,2026-03-12 11:21:02
185,3809,39256,5,this is testing for assistant manager,,,0,1,0,,,0,0,2026-03-12 11:54:38,2026-03-12 11:54:38
186,3809,39256,5,testing,,,0,1,0,,,0,0,2026-03-12 11:59:07,2026-03-12 11:59:07
187,3809,39256,5,this is testing for assistant manager,,,0,1,0,,,0,0,2026-03-12 12:03:21,2026-03-12 12:03:21
188,3809,39256,5,hello,,,0,1,0,,,0,0,2026-03-12 12:14:24,2026-03-12 12:14:24
189,3809,39256,5,claim administer,,,0,1,0,,,0,0,2026-03-12 12:17:05,2026-03-12 12:17:05
190,3809,39256,4,softsrware,,,0,1,2,,,0,0,2026-03-12 12:18:53,2026-03-12 12:18:53
191,3852,39340,3,add review for gaurav company,,,0,1,0,,,0,0,2026-03-12 12:23:00,2026-03-12 12:23:00
192,3837,39256,4,review for report analitics,,,0,1,2,,,0,0,2026-03-12 12:24:02,2026-03-12 12:24:02
193,3837,39256,4,review for production officier,,,0,1,1,2026-03-27 12:43:24,0,0,0,2026-03-24 12:43:24,2026-03-24 18:45:32
194,3842,39256,3,review for camera assistance,,,0,1,2,,,0,0,2026-03-12 13:02:38,2026-03-12 13:02:38
195,3842,39256,4,this is second review for camera assistance,,,0,1,2,,,0,0,2026-03-12 13:03:36,2026-03-12 13:03:36
196,3842,39256,5,review for sales manager Europe joined date 5th march,,,0,1,1,2026-03-22 15:21:40,0,0,0,2026-03-19 15:21:40,2026-03-19 15:21:40
197,3842,39256,4,review for sales manager Europe joining date 28th dec,,,0,1,1,2026-03-22 15:20:02,0,0,0,2026-03-19 15:20:02,2026-03-19 15:20:02
198,3822,38941,4,fhttp://localhost:3001/dashboard/company/employments?tab=1http://localhost:3001/dashboard/company/employments?tab=1http://localhost:3001/dashboard/company/employments?tab=1,"[\""uploads\/document\/ef88691576d9656a368e5652a333f412c77da6b4ee723d0c4f134af67c957c3f.pdf\""]",,1,1,1,2026-03-15 15:50:44,0,0,0,2026-03-12 15:50:44,2026-03-12 15:50:44
199,3822,38941,4,dadddaad,"[\""uploads\/document\/ef88691576d9656a368e5652a333f412c77da6b4ee723d0c4f134af67c957c3f.pdf\""]",http://localhost:3001/dashboard/company/employments?tab=1,1,1,1,2026-03-15 15:50:54,0,0,0,2026-03-12 15:50:54,2026-03-12 15:50:54
200,3822,38941,4,fofl ,"[\""uploads\/document\/ef88691576d9656a368e5652a333f412c77da6b4ee723d0c4f134af67c957c3f.pdf\""]",fsfsfsf,1,1,1,2026-03-15 16:14:42,0,0,0,2026-03-12 16:14:42,2026-03-12 16:14:42
201,3844,39256,4,good,[],,1,1,1,2026-03-16 15:32:24,0,0,0,2026-03-13 15:32:24,2026-03-13 17:11:03
202,3857,38941,4,fsfss fsfs sfsfsf ,[],,1,1,1,2026-03-21 12:51:08,0,1,0,2026-03-18 12:51:08,2026-03-18 12:51:08
203,3782,639,3,adadada ,[],,1,1,1,2026-03-21 12:51:29,0,0,0,2026-03-18 12:51:29,2026-03-18 12:51:29
204,3857,38941,4,"Dada is an experienced professional currently serving as Head of Department (HOD). Skilled in a broad range of technologies and methodologies including HTML5, CSS3, JavaScript, React.js, Flutter development, and Rational DOORS, Dada combines technical expertise with leadership capabilities. Familiar with frameworks and concepts such as ERISA, Waterfall, JBA, PWM, and WFO, Dada effectively manages projects and teams to deliver high-quality results. Known for applying practical exercises and hands-on testing, Dada ensures continuous skill enhancement and team performance optimization.",[],,1,1,1,2026-03-21 12:55:10,0,1,0,2026-03-18 12:55:10,2026-03-18 12:55:10
205,3842,39314,5,last review,[],,1,1,1,2026-03-21 13:11:32,0,0,0,2026-03-18 13:11:32,2026-03-18 13:11:32
206,3843,39314,4,hsh sfgh fgh sdfh sfd,[],,1,1,1,2026-03-21 13:14:52,0,0,0,2026-03-18 13:14:52,2026-03-18 13:14:52
207,3844,39314,5,jyu dfj dfjd dgf dgh,[],,1,1,1,2026-03-21 13:17:06,0,0,0,2026-03-18 13:17:06,2026-03-18 13:17:06
208,3809,39314,5,fg sdfg sfdgs sgdfg,[],,1,1,1,2026-03-21 13:42:39,0,0,0,2026-03-18 13:42:39,2026-03-18 13:42:39
209,3829,39314,5,hdfghjdfghddj,[],,1,1,1,2026-03-21 14:21:34,0,0,0,2026-03-18 14:21:34,2026-03-18 14:21:34
210,3835,39314,5,ghjd hsf dsd,[],,1,1,1,2026-03-21 14:22:23,0,0,0,2026-03-18 14:22:23,2026-03-18 14:22:23
211,3853,39314,5,vcadgbvzsdfcbdfbaddb b ,[],,1,1,1,2026-03-21 14:23:17,0,0,0,2026-03-18 14:23:17,2026-03-18 14:23:17
212,3778,39314,4,d asgas adsf asasdf,[],,1,1,1,2026-03-21 15:09:21,0,0,0,2026-03-18 15:09:21,2026-03-18 15:09:21
213,3822,38941,5,Good,[],,1,1,1,2026-03-22 14:45:28,0,0,0,2026-03-19 14:45:28,2026-03-19 14:45:28
214,3867,39256,5,gdsgdgd dgdgddgdg,[],,1,1,1,2026-03-22 15:18:11,0,0,0,2026-03-19 15:18:11,2026-03-19 15:19:20
215,3833,39256,3,lkml,,,0,1,2,,,0,0,2026-03-20 15:36:05,2026-03-20 15:36:05
216,0,0,0,"Hello,it is best",,,0,1,0,,,0,0,2026-03-20 18:10:25,2026-03-31 11:15:02
225,3495,2,0,testing do,,,0,1,0,,,0,0,2026-03-21 12:02:49,2026-03-21 13:24:14
226,63,2,0,asd  asa sf,,,0,1,0,,,0,0,2026-03-21 12:47:27,2026-03-21 12:47:27
228,3600,13,0,"hi, how are you",,,0,1,0,,,0,0,2026-03-21 14:25:33,2026-03-21 14:25:33
229,3600,13,0,"hi, how are you",,,0,1,0,,,0,0,2026-03-21 14:26:35,2026-03-21 14:26:55
230,4448,13,0,"hi, how are you",,,0,1,1,,,0,0,2026-03-21 14:27:09,2026-04-04 11:37:22
231,3642,653,0,This is testing for the review,,,0,1,0,,,0,0,2026-03-21 18:39:07,2026-03-24 11:37:51
232,0,0,0,Hello,,,0,1,0,,,0,0,2026-03-23 10:25:23,2026-03-31 11:07:19
233,0,0,0,Hey nice work,,,0,1,0,,,0,0,2026-03-23 10:44:28,2026-03-31 11:04:13
234,3642,653,0,Hello,,,0,1,0,,,0,0,2026-03-24 11:38:38,2026-03-24 11:38:38
235,3819,38941,4,ad a agf asdf,[],,1,1,1,2026-03-27 11:59:11,0,0,0,2026-03-24 11:59:11,2026-03-24 11:59:11
236,3836,39256,4,ag dfg sdfgs sfgd dsfg dg,,,0,1,2,,,0,0,2026-03-24 12:20:24,2026-03-24 12:20:24
237,3867,39256,3,fdvzfvgs,[],,1,1,1,2026-03-27 14:37:15,0,0,0,2026-03-24 14:37:15,2026-03-24 14:37:15
238,3833,39256,4,bbnxsdfgnhs,"[\""uploads\/document\/7b15d74abe6cb78688642a35cfa3c7bbe1d5afd5aed0f9420c06fcff5c2d1acb.pdf\""]",sfgnhsfgvnhsf,1,1,1,2026-03-27 14:43:03,0,0,0,2026-03-24 14:43:03,2026-03-24 14:43:03
239,3833,39256,4,bbnxsdfgnhs rakesh maurya,"[\""uploads\/document\/7b15d74abe6cb78688642a35cfa3c7bbe1d5afd5aed0f9420c06fcff5c2d1acb.pdf\""]",sfgnhsfgvnhsf,1,1,1,2026-03-27 14:44:03,0,0,0,2026-03-24 14:44:03,2026-03-24 14:44:03
240,3867,39256,5,this is new review for iLyas,[],,1,1,1,2026-03-27 14:54:04,0,0,0,2026-03-24 14:54:04,2026-03-24 14:54:04
241,3495,2,0,Hello,,,0,1,1,,,0,0,2026-03-21 12:02:49,2026-03-21 13:24:14
242,63,2,0,Hello dfgdf esdgt,,,0,1,0,,,0,0,2026-03-24 18:35:56,2026-03-24 18:35:56
243,63,2,0,Hello dfgdf esdgt,,,0,1,0,,,0,0,2026-03-24 18:42:58,2026-03-24 18:42:58
244,3867,39256,5,sfdg sdfg xsfgs,[],,1,1,1,2026-03-27 18:46:15,0,0,0,2026-03-24 18:46:15,2026-03-24 18:46:15
245,3867,39256,4,this is for testing,[],,1,1,1,2026-03-28 10:58:47,0,0,0,2026-03-25 10:58:47,2026-03-25 10:58:47
246,3837,39256,5,flka lkl ak lkjdlkj ldj  llsdfkl aldfj lkjasdflkj sd;lf jfdlkj adjfla  flka lkl ak lkjdlkj ldj  llsdfkl aldfj lkjasdflkj sd;lf jfdlkj adjfla  flka lkl ak lkjdlkj ldj  llsdfkl aldfj lkjasdflkj sd;lf jfdlkj adjfla  flka lkl ak lkjdlkj ldj  llsdfkl aldfj lkjasdflkj sd;lf jfdlkj adjfla  flka lkl ak lkjdlkj ldj  llsdfkl aldfj lkjasdflkj sd;lf jfdlkj adjfla  flka lkl ak lkjdlkj ldj  llsdfkl aldfj lkjasdflkj sd;lf jfdlkj adjfla  flka lkl ak lkjdlkj ldj  llsdfkl aldfj lkjasdflkj sd;lf jfdlkj adjfla  flka lkl ak lkjdlkj ldj  llsdfkl aldfj lkjasdflkj sd;lf jfdlkj adjfla  flka lkl ak lkjdlkj ldj  llsdfkl aldfj lkjasdflkj sd;lf jfdlkj adjfla  flka lkl ak lkjdlkj ldj  llsdfkl aldfj lkjasdflkj sd;lf jfdlkj adjfla  flka lkl ak lkjdlkj ldj  llsdfkl aldfj lkjasdflkj sd;lf jfdlkj adjfla  flka lkl ak lkjdlkj ldj  llsdfkl aldfj lkjasdflkj sd;lf jfdlkj adjfla  flka lkl ak lkjdlkj ldj  llsdfkl aldfj lkjasdflkj sd;lf jfdlkj adjfla  flka lkl ak lkjdlkj ldj  llsdfkl aldfj lkjasdflkj sd;lf jfdlkj adjfla  flka lkl ak lkjdlkj ldj  llsdfkl aldfj lkjasdflkj sd;lf jfdlkj adjfla  flka lkl ak lkjdlkj ldj  llsdfkl aldfj lkjasdflkj sd;lf jfdlkj adjfla  flka lkl ak lkjdlkj ldj  llsdfkl aldfj lkjasdflkj sd;lf jfdlkj adjfla  flka lkl ak lkjdlkj ldj  llsdfkl aldfj lkjasdflkj sd;lf jfdlkj adjfla  flka lkl ak lkjdlkj ldj  llsdfkl aldfj lkjasdflkj sd;lf jfdlkj adjfla  flka lkl ak lkjdlkj ldj  llsdfkl aldfj lkjasdflkj sd;lf jfdlkj adjfla  flka lkl ak lkjdlkj ldj  llsdfkl aldfj lkjasdflkj sd;lf jfdlkj adjfla  flka lkl ak lkjdlkj ldj  llsdfkl aldfj lkjasdflkj sd;lf jfdlkj adjfla  flka lkl ak lkjdlkj ldj  llsdfkl aldfj lkjasdflkj sd;lf jfdlkj adjfla  flka lkl ak lkjdlkj ldj  llsdfkl aldfj lkjasdflkj sd;lf jfdlkj adjfla  flka lkl ak lkjdlkj ldj  llsdfkl aldfj lkjasdflkj sd;lf jfdlkj adjfla  flka lkl ak lkjdlkj ldj  llsdfkl aldfj lkjasdflkj sd;lf jfdlkj adjfla,,,0,1,1,2026-03-28 11:47:05,0,0,0,2026-03-25 11:47:05,2026-03-25 11:47:05
247,3837,39256,1,bad,[],,1,1,1,2026-03-28 11:23:05,0,0,0,2026-03-25 11:23:05,2026-03-25 11:23:05
248,3837,39256,5,good good,[],,1,1,1,2026-03-28 11:24:40,0,0,0,2026-03-25 11:24:40,2026-03-25 11:24:40
249,3837,39256,4,good very good,[],,1,1,1,2026-03-28 11:27:00,0,0,0,2026-03-25 11:27:00,2026-03-25 11:27:00
250,3837,39256,5,very nice,[],,1,1,1,2026-03-28 11:33:46,0,0,0,2026-03-25 11:33:46,2026-03-25 11:33:46
251,3835,39256,5,wer. wef,,,0,1,1,2026-03-28 11:42:29,0,0,0,2026-03-25 11:42:29,2026-03-25 11:43:43
252,3833,39256,4,badfgasd,[],,1,1,1,2026-03-28 11:54:25,0,0,0,2026-03-25 11:54:25,2026-03-25 11:54:25
253,3826,39256,5,NEW REVIEW FROM EMPLOYEE,[],,1,1,1,2026-03-28 11:59:31,0,0,0,2026-03-25 11:59:31,2026-03-25 11:59:31
254,3867,39256,5,IlYAS SHAIKH Review,[],,1,1,1,2026-03-28 12:01:41,0,0,0,2026-03-25 12:01:41,2026-03-25 12:01:41
255,3867,39256,5,new review for IlYAS shaikh,[],,1,1,1,2026-03-28 12:02:17,0,0,0,2026-03-25 12:02:17,2026-03-25 12:02:17
256,3826,39256,5,review 1,[],,1,1,1,2026-03-28 12:09:10,0,0,0,2026-03-25 12:09:10,2026-03-25 12:09:10
257,3826,39256,5,review 2,[],,1,1,1,2026-03-28 12:09:32,0,0,0,2026-03-25 12:09:32,2026-03-25 12:09:32
258,3704,39072,4,jdjhdghjf,[],,1,1,1,2026-03-28 13:17:28,0,0,0,2026-03-25 13:17:28,2026-03-25 13:17:28
259,3718,39072,3,dgfjdgjdgh dfhg,[],,1,1,1,2026-03-28 13:17:45,0,0,0,2026-03-25 13:17:45,2026-03-25 13:17:45
260,3705,39072,5,jhkfkfghkghjlg;lgk;l.hjk.,[],,1,1,1,2026-03-28 13:18:07,0,0,0,2026-03-25 13:18:07,2026-03-25 13:18:07
261,3859,39072,4,ykfjkfhkdgch fghk hklg,[],,1,1,1,2026-03-28 13:18:31,0,0,0,2026-03-25 13:18:31,2026-03-25 13:18:31
262,3704,39072,4,fgsdfhbz sdhf dfjy,[],,1,1,1,2026-03-28 13:18:52,0,0,0,2026-03-25 13:18:52,2026-03-25 13:18:52
263,3705,39072,4,rtj dth fgsh gs dfg   dyj dj,[],,1,1,1,2026-03-28 13:19:23,0,0,0,2026-03-25 13:19:23,2026-03-25 13:19:23
264,3859,39072,5,"6589ormy ity, uo",[],"fghjk f,gyhju",1,1,1,2026-03-28 13:19:39,0,0,0,2026-03-25 13:19:39,2026-03-25 13:19:39
265,3704,39072,4,dsf gear sdrfg sd,[],shgf sth,1,1,1,2026-03-28 13:20:20,0,0,0,2026-03-25 13:20:20,2026-03-25 13:20:20
266,3822,38941,5,hsft sdfh,[],sdfhg sdh,1,1,1,2026-03-28 13:20:58,0,0,0,2026-03-25 13:20:58,2026-03-25 13:20:58
267,3817,38941,4,hbsdfh sdf,[],,1,1,1,2026-03-28 13:21:15,0,1,0,2026-03-25 13:21:15,2026-03-25 13:21:15
268,3822,38941,5,ghjdhgj dgjh df,[],fgjh dghj,1,1,1,2026-03-28 13:21:38,0,0,0,2026-03-25 13:21:38,2026-03-25 13:21:38
269,3855,38941,5,wre yerth,[],,1,1,1,2026-03-28 13:22:00,0,0,0,2026-03-25 13:22:00,2026-03-25 13:22:00
270,3856,38941,5,gfhs dfgh dfg zsdfyh mi8,[],,1,1,1,2026-03-28 13:22:18,0,0,0,2026-03-25 13:22:18,2026-03-25 13:22:18
271,3857,38941,5,weg sfgh sfgde sd,"[\""uploads\/document\/7b15d74abe6cb78688642a35cfa3c7bbe1d5afd5aed0f9420c06fcff5c2d1acb.pdf\""]",sdfhg dfhg,1,1,1,2026-03-28 14:32:23,0,1,0,2026-03-25 14:32:23,2026-03-25 14:32:23
272,3822,38941,5,fdgsd sgfd sdf,"[\""uploads\/document\/f90806712666d086fee5337912b16e38c1bc29f1abe0005085bf3dd604e4d41e.pdf\""]",sdfg sdfg,1,1,1,2026-03-28 14:33:23,0,0,0,2026-03-25 14:33:23,2026-03-25 14:33:23
273,3765,38941,5,sfgsd fg,"[\""uploads\/document\/f90806712666d086fee5337912b16e38c1bc29f1abe0005085bf3dd604e4d41e.pdf\""]",sfdg sgf,1,1,1,2026-03-28 14:59:44,0,0,0,2026-03-25 14:59:44,2026-03-25 14:59:44
274,3876,39072,4,test,[],,1,1,1,2026-03-29 12:08:53,0,0,0,2026-03-26 12:08:53,2026-03-26 12:59:18
276,3495,2,0,Hello this is testing form company side,,,1,1,1,2026-03-29 13:35:02,0,0,0,2026-03-26 13:35:02,2026-03-26 13:35:02
277,3495,2,0,Hello this is testing form company side,,,1,1,1,2026-03-29 13:36:15,0,0,0,2026-03-26 13:36:15,2026-03-26 13:36:15
278,3495,2,0,Hello this is testing form company side,,,1,1,1,2026-03-29 13:37:55,0,0,0,2026-03-26 13:37:55,2026-03-26 13:37:55
279,3495,2,0,Hello this is testing form company side,,,1,1,1,2026-03-29 13:38:36,0,0,0,2026-03-26 13:38:36,2026-03-26 13:38:36
280,3495,2,0,This is testing for the review in company,,,1,1,1,2026-03-29 13:40:32,0,0,0,2026-03-26 13:40:32,2026-03-26 13:44:52
281,3819,38941,4,hello,,,0,1,0,,,0,0,2026-03-26 14:50:07,2026-03-26 14:50:07
282,3819,38941,3,this is for testing only,,,0,1,0,,,0,0,2026-03-26 14:50:46,2026-03-26 14:50:46
283,63,2,0,"Hi, I am a UI developer ji nbjinljbljb jl",,,0,1,0,,,0,0,2026-03-26 16:11:57,2026-06-09 12:06:56
284,938,0,0,"Hi, I am a UI developer in the Innotech.",,,0,1,0,,,0,0,2026-03-26 16:13:26,2026-03-26 16:13:26
285,938,13,0,Working on the frontend developer position,,,0,1,0,,,0,0,2026-03-26 16:14:31,2026-05-22 15:19:08
286,938,13,0,Testing frontend developer position uction engineer planning,,,0,1,0,,,0,0,2026-03-26 16:14:59,2026-05-22 15:02:25
287,3833,39256,4,test,,,0,1,1,2026-04-25 17:26:56,0,0,0,2026-04-22 17:26:56,2026-04-22 17:26:56
288,3495,2,0,Testing frontend developer position ssss,,,1,1,1,2026-03-29 16:45:42,0,0,0,2026-03-26 16:45:42,2026-03-26 16:45:42
289,3495,2,0,Testing frontend developer position ssss,,,1,1,1,2026-03-29 16:46:19,0,0,0,2026-03-26 16:46:19,2026-03-26 16:46:19
290,3833,39256,2,testsser,,,0,1,1,2026-04-24 18:02:47,0,0,0,2026-04-21 18:02:47,2026-04-21 18:02:47
291,3836,39256,5,asdf sh sdhfs sdfg sdfg sdfg sdfg xfg f,"[\""uploads\/document\/7b15d74abe6cb78688642a35cfa3c7bbe1d5afd5aed0f9420c06fcff5c2d1acb.pdf\""]",https://collarcheckbeta.com/employee/rohan-prajapati-cce160562,0,1,1,2026-05-09 17:11:19,0,0,0,2026-05-06 17:11:19,2026-05-06 17:11:19
292,3822,38941,5,dfa gf afdga ggas asd,"[\""uploads\/document\/7b15d74abe6cb78688642a35cfa3c7bbe1d5afd5aed0f9420c06fcff5c2d1acb.pdf\""]",https://collarcheckbeta.com/employee/rohan-prajapati-cce160562,0,1,1,2026-04-02 13:35:50,0,0,0,2026-03-30 13:35:50,2026-03-30 13:35:50
293,3822,38941,5,new review,,,0,1,1,2026-04-02 13:39:38,0,0,0,2026-03-30 13:39:38,2026-03-30 13:39:38
294,3822,38941,5,this is new,,,0,1,1,2026-04-02 13:41:59,0,0,0,2026-03-30 13:41:59,2026-03-30 14:46:28
295,3833,39256,3,test11,,,0,1,1,2026-04-02 14:52:21,0,0,0,2026-03-30 14:52:21,2026-03-30 14:52:21
296,3841,39256,0,fssf,,,1,1,1,2026-04-02 15:41:42,0,0,0,2026-03-30 15:41:42,2026-03-30 18:22:44
297,0,0,0,bdsdfsfs,,,0,1,0,,,0,0,2026-03-30 15:42:07,2026-03-30 15:42:07
298,3833,39256,4,evening,,,0,1,1,2026-04-02 17:51:58,0,0,0,2026-03-30 17:51:58,2026-03-30 17:51:58
299,3495,2,0,Testing frontend developer position ssss,,,1,1,1,2026-04-03 11:05:30,0,0,0,2026-03-31 11:05:30,2026-03-31 11:05:30
300,0,0,0,afsfs,,,0,1,0,,,0,0,2026-03-31 11:05:35,2026-03-31 11:05:35
301,0,0,0,afsfs,,,0,1,0,,,0,0,2026-03-31 11:05:39,2026-03-31 11:05:39
302,0,0,0,sffs,,,0,1,0,,,0,0,2026-03-31 11:19:27,2026-03-31 11:19:27
303,0,0,0,Heyyy Nice work,,,0,1,0,,,0,0,2026-03-31 11:20:29,2026-03-31 11:20:29
304,0,0,0,Heyyy,,,0,1,0,,,0,0,2026-03-31 11:22:41,2026-03-31 11:22:41
308,3877,0,5,hello,,,0,1,0,,,0,0,2026-03-31 11:30:01,2026-03-31 11:30:01
310,3882,39256,0,Heyyy good review,,,0,1,1,2026-04-04 18:45:15,0,0,0,2026-04-01 18:45:15,2026-04-01 18:46:01
311,0,0,0,Testing review new 3,,,0,1,0,,,0,0,2026-03-31 11:38:03,2026-03-31 11:38:03
312,3880,38941,0,Testing review new 4,,,0,1,0,,,0,0,2026-03-31 11:42:13,2026-03-31 11:42:13
313,3880,38941,0,Testing review new 44,,,0,1,1,2026-04-23 11:11:07,0,0,0,2026-04-20 11:11:07,2026-04-20 11:11:07
315,3880,38941,0,Testing review new 4,,,0,1,1,2026-04-05 16:03:01,0,0,0,2026-04-02 16:03:01,2026-04-02 16:03:00
316,3880,38941,0,Testing review new 4,,,0,1,1,2026-04-05 15:49:49,0,0,0,2026-04-02 15:49:49,2026-04-02 16:01:20
317,3882,39256,0,New Rating 1,,,0,1,1,2026-04-04 18:39:43,0,0,0,2026-04-01 18:39:43,2026-04-01 18:39:43
322,3882,39256,0,Yash 4,,,0,1,1,2026-04-04 16:16:18,0,0,0,2026-04-01 16:16:18,2026-04-02 11:35:28
324,3833,39256,5,hi mrming check my review,,,0,1,1,2026-04-05 16:02:16,0,0,0,2026-04-02 16:02:16,2026-04-02 16:02:16
325,3875,38860,4,She was good employee,[],,1,1,1,2026-04-05 13:08:59,0,0,0,2026-04-02 13:08:59,2026-04-02 13:08:59
326,3705,39072,3,He is good employee,"[\""uploads\/document\/5e4d40fcd8b22453a5da2d32533b128f2565f3fc7a4d1647a93c86cdbb4be37a.pdf\""]",,1,1,1,2026-04-05 13:10:25,0,0,0,2026-04-02 13:10:25,2026-04-02 13:10:25
327,3690,39072,4,He was Mastermind and handled the team very smoothly,"[\""uploads\/document\/fd6b91ef16cfbcfe0b2903fa6d3a0bad579fe3df462ae289feab4b8af2dc3fe5.pdf\""]",,1,1,1,2026-04-05 13:14:56,0,0,0,2026-04-02 13:14:56,2026-04-02 13:14:56
328,3690,38860,4,You are very talented and will be remembered forever,[],,1,1,1,2026-04-05 13:16:07,0,0,0,2026-04-02 13:16:07,2026-04-02 13:16:07
329,3833,19,3,25,[],,1,1,1,2026-04-05 13:18:04,0,0,0,2026-04-02 13:18:04,2026-04-02 13:18:04
330,3877,38860,4,Good employee,[],,1,1,1,2026-04-05 13:21:21,0,0,0,2026-04-02 13:21:21,2026-04-02 13:21:21
331,3859,39072,4,hjvg,[],,1,1,1,2026-04-05 13:31:07,0,0,0,2026-04-02 13:31:07,2026-04-02 13:32:50
332,3859,38860,4,ctfu  c ,[],,1,1,1,2026-04-05 13:34:04,0,0,0,2026-04-02 13:34:04,2026-04-02 13:34:04
333,4439,39001,5,we fear,[],,1,1,1,2026-04-05 13:38:27,0,0,0,2026-04-02 13:38:27,2026-04-02 13:38:27
334,3882,39001,5,whfjewhf,[],,1,1,1,2026-04-05 14:28:10,0,0,0,2026-04-02 14:28:10,2026-04-02 14:28:10
335,3826,39256,5,test,[],,1,1,1,2026-04-05 15:09:54,0,0,0,2026-04-02 15:09:54,2026-04-02 15:09:54
336,3880,38941,0,Testing 1,,,0,1,1,2026-04-05 15:31:18,0,0,0,2026-04-02 15:31:18,2026-04-02 16:01:52
337,3867,39256,4,this isn only for testing,[],,1,1,1,2026-04-05 15:49:30,0,0,0,2026-04-02 15:49:30,2026-04-02 15:49:30
338,3880,38941,0,New,,,0,1,1,2026-04-05 16:05:02,0,0,0,2026-04-02 16:05:02,2026-04-02 16:05:02
339,3880,38941,0,uyfigcguciyiuguuil,,,0,1,1,2026-04-05 18:05:45,0,0,0,2026-04-02 18:05:45,2026-04-02 18:05:45
340,3819,38941,5,this review for flutter developer,,,0,1,1,2026-04-24 11:28:13,0,0,0,2026-04-21 11:28:13,2026-04-21 11:28:13
341,3874,39013,3,he is a good employee ,[],,1,1,1,2026-04-07 12:22:23,0,0,0,2026-04-04 12:22:23,2026-04-04 12:22:23
342,3741,20288,4,sgdhdh,,,0,1,0,,,0,0,2026-04-06 10:20:10,2026-04-06 10:20:10
343,3570,13,0,sfs,,,0,1,0,,,0,0,2026-04-06 11:53:21,2026-04-06 11:53:21
344,3570,13,0,gfs,,,0,1,0,,,0,0,2026-04-06 12:00:23,2026-04-06 12:00:23
345,3570,13,0,g,,,0,1,0,,,0,0,2026-04-06 12:01:52,2026-04-06 12:01:52
346,3704,39072,4,Test,"[\""uploads\/document\/5e4d40fcd8b22453a5da2d32533b128f2565f3fc7a4d1647a93c86cdbb4be37a.pdf\""]",www.collarcheck.com,1,1,1,2026-04-09 17:15:21,0,0,0,2026-04-06 17:15:21,2026-04-06 17:15:21
347,4441,38941,0,test review,,,0,1,1,2026-04-18 17:13:43,0,0,0,2026-04-15 17:13:43,2026-04-15 17:13:43
348,3819,38941,4,sharing image for testing,"[\""uploads\/document\/91fd438173e0bbb9f76dc1cccd884eaa2f7a7b14a54f57c90f256ee59a4002c3.pdf\""]",,0,1,1,2026-04-14 15:57:50,0,0,0,2026-04-11 15:57:50,2026-04-11 15:57:50
349,4500,39314,3,goodbye note,[],,1,1,1,2026-04-11 16:30:26,0,0,0,2026-04-08 16:30:26,2026-04-08 16:30:26
350,3752,39314,4,very professional and smart worker,[],,1,1,1,2026-04-11 19:04:08,0,0,0,2026-04-08 19:04:08,2026-04-08 19:04:08
351,3836,39314,5,fabulous ,[],,1,1,1,2026-04-12 12:30:10,0,0,0,2026-04-09 12:30:10,2026-04-09 12:30:10
352,3841,39314,3,good good,[],,1,1,1,2026-04-12 12:46:46,0,0,0,2026-04-09 12:46:46,2026-04-09 12:46:46
353,3704,39072,2,gf  srt,"[\""uploads\/document\/bd5d2ed25c8a985d3dfa4cbdc7cad319ab33090a4a526b5db07979bee90cdb2c.png\""]",,0,1,1,2026-04-25 12:00:11,0,0,0,2026-04-22 12:00:11,2026-04-22 12:00:11
354,3695,39072,0,"If you want, I can also show you:\r\n\r\n✅ Visual diagram of trust calculation\r\n✅ Cleaner refactored version (senior-level refactor)\r\n✅ TypeScript typed version\r\n✅ Performance-optimized version\r\n\r\nJust tell me 👍.\r\n\r\nIf you want, I can also show you: ✅ Visual diagram of trust calculation ✅ Cleaner refactored version (senior-level refactor) ✅ TypeScript typed version ✅ Performance-optimized version Just tell me 👍.\r\n\r\n\r\nIf you want, I can also show you: ✅ Visual diagram of trust calculation ✅ Cleaner refactored version (senior-level refactor) ✅ TypeScript typed version ✅ Performance-optimized version Just tell me 👍.\r\n\r\nIf you want, I can also show you: ✅ Visual diagram of trust calculation ✅ Cleaner refactored version (senior-level refactor) ✅ TypeScript typed version ✅ Performance-optimized version Just tell me 👍.",,,0,1,1,2026-04-13 11:32:25,0,0,0,2026-04-10 11:32:25,2026-04-10 12:19:39
358,3695,39072,0,"If you want, I can also show you:\r\n\r\n✅ Visual diagram of trust calculation\r\n✅ Cleaner refactored version (senior-level refactor)\r\n✅ TypeScript typed version\r\n✅ Performance-optimized version\r\n\r\nJust tell me 👍.\r\n\r\nIf you want, I can also show you: ✅ Visual diagram of trust calculation ✅ Cleaner refactored version (senior-level refactor) ✅ TypeScript typed version ✅ Performance-optimized version Just tell me 👍.\r\n\r\n\r\nIf you want, I can also show you: ✅ Visual diagram of trust calculation ✅ Cleaner refactored version (senior-level refactor) ✅ TypeScript typed version ✅ Performance-optimized version Just tell me 👍.\r\n\r\nIf you want, I can also show you: ✅ Visual diagram of trust calculation ✅ Cleaner refactored version (senior-level refactor) ✅ TypeScript typed version ✅ Performance-optimized version Just tell me 👍.\r\n\r\nIf you want, I can also show you: ✅ Visual diagram of trust calculation ✅ Cleaner refactored version (senior-level refactor) ✅ TypeScript typed version ✅ Performance-optimized version Jus",,,0,1,0,,,0,0,2026-04-10 12:10:16,2026-04-10 12:14:50
359,637,2,0,,,,1,1,1,2026-04-13 12:10:30,0,0,0,2026-04-10 12:10:30,2026-04-10 12:10:30
360,637,2,0,Review for testing,,,1,1,1,2026-04-13 12:11:38,0,0,0,2026-04-10 12:11:38,2026-04-10 12:11:38
361,637,2,0,Review for testing 325,,,0,1,0,,,0,0,2026-04-10 12:15:56,2026-04-10 12:15:56
362,637,2,0,Review for testing 325,,,0,1,0,,,0,0,2026-04-10 12:17:56,2026-04-10 12:17:56
363,637,2,0,,,,0,1,0,,,0,0,2026-04-10 12:18:27,2026-04-20 11:06:39
364,3695,39072,0,,,,0,1,1,2026-04-13 12:36:07,0,0,0,2026-04-10 12:36:07,2026-04-10 12:36:07
365,3695,39072,0,Testing,,,0,1,1,2026-04-13 15:19:07,0,0,0,2026-04-10 15:19:07,2026-04-10 15:30:50
366,3695,39072,0,ssfsfs,,,0,1,1,2026-04-13 12:37:15,0,0,0,2026-04-10 12:37:15,2026-04-10 12:37:15
371,3867,39256,5,fgeswrgw3rtgw,[],,1,1,1,2026-04-13 12:59:52,0,0,0,2026-04-10 12:59:52,2026-04-10 12:59:52
372,3814,39256,0,Review for testing history 2,,,1,1,1,2026-04-13 13:03:31,0,0,0,2026-04-10 13:03:31,2026-04-10 13:12:29
374,3695,39072,0,Testing 2,,,1,1,1,2026-04-13 15:31:39,0,0,0,2026-04-10 15:31:39,2026-04-10 15:31:39
375,3695,39072,0,Testing 3,,,0,1,0,,,0,0,2026-04-10 15:32:44,2026-04-10 15:32:44
376,3695,39072,0,New Yash,,,0,1,1,2026-04-13 16:00:44,0,0,0,2026-04-10 16:00:44,2026-04-10 16:00:44
377,3695,39072,0,fsfsfs,,,0,1,1,2026-04-13 17:06:43,0,0,0,2026-04-10 17:06:43,2026-04-11 11:00:34
378,3695,39072,0,,,,0,1,0,,,0,0,2026-04-10 17:07:31,2026-04-10 17:08:17
379,3695,39072,0,tst,,,0,1,0,,,0,0,2026-04-11 10:51:37,2026-04-11 10:51:37
380,3695,39072,0,tewsty,,,0,1,0,,,0,0,2026-04-11 10:52:17,2026-04-11 10:52:17
381,3695,39072,0,Mew yash,,,0,1,1,2026-04-14 10:58:41,0,0,0,2026-04-11 10:58:41,2026-04-11 10:58:41
382,4448,13,0,"hi, how are you. testing review",,,0,1,0,,,0,0,2026-03-21 14:27:09,2026-04-20 10:47:36
383,3876,39072,4,Test,"[\""uploads\/document\/5e4d40fcd8b22453a5da2d32533b128f2565f3fc7a4d1647a93c86cdbb4be37a.pdf\""]",,1,1,1,2026-04-14 18:36:30,0,0,0,2026-04-11 18:36:30,2026-04-11 18:36:30
384,4514,39256,0,,,,0,1,2,2026-04-16 15:18:27,0,0,0,2026-04-13 15:18:27,2026-04-13 15:18:27
385,4514,39256,0,heyyyy,,,0,1,1,,0,0,0,2026-04-13 12:42:32,2026-04-13 12:42:32
386,4514,39256,0,Heyy,,,0,1,1,2026-04-16 15:17:37,0,0,0,2026-04-13 15:17:37,2026-04-13 15:17:37
387,4514,39256,0,,,,0,1,1,2026-04-24 17:52:34,0,0,0,2026-04-21 17:52:34,2026-04-21 17:52:34
388,3600,13,0,Test,,,0,1,0,2025-05-23 17:49:44,,0,0,2025-05-20 17:49:44,2025-05-20 17:49:44
389,4472,39072,0,,,,1,1,1,2026-04-19 12:50:03,0,0,0,2026-04-16 12:50:03,2026-04-16 12:50:03
390,4501,39311,0,,,,1,1,1,2026-04-19 13:30:34,0,0,0,2026-04-16 13:30:34,2026-04-16 13:30:34
391,3705,39072,0,khbjhb hukb hu,,,0,1,1,2026-04-19 13:38:49,0,0,0,2026-04-16 13:38:49,2026-04-16 13:38:49
392,4441,38941,0,asd a wsf afsaaaaaaaaa,,,0,1,1,2026-04-19 16:03:29,0,0,0,2026-04-16 16:03:29,2026-04-16 16:03:29
401,910,38941,2,Review from company . your work is so good,[],,1,1,1,2026-04-19 17:17:27,1,0,0,2026-04-16 17:17:27,2026-04-16 17:17:27
402,910,38941,2,Review from company . your work is so good,[],,1,1,1,2026-04-19 17:17:32,1,0,0,2026-04-16 17:17:32,2026-04-16 17:17:32
403,4521,39311,0,"With over 7 years of experience in both automation and manual testing, I have effectively collaborated with developers to identify and resolve issues. My background includes designing test cases, executing comprehensive test plans, and ensuring high-quality software delivery through meticulous debugging and communication. This combination of skills has consistently contributed to improving product reliability and performance.",,,0,1,0,,,0,0,2026-04-17 17:33:18,2026-04-17 17:33:18
404,4521,39311,0,"With over 7 years of experience in both automation and manual testing, I have effectively collaborated with developers to identify and resolve issues. My background includes designing test cases, executing comprehensive test plans, and ensuring high-quality software delivery through meticulous debugging and communication. This combination of skills has consistently contributed to improving product reliability and performance.",,,0,1,1,2026-04-20 17:35:18,0,0,0,2026-04-17 17:35:18,2026-04-17 17:35:18
405,4521,39311,0,,,,0,1,0,,,0,0,2026-04-17 17:36:11,2026-04-17 17:41:37
406,4521,39311,0,,,,0,1,1,2026-04-20 17:37:16,0,0,0,2026-04-17 17:37:16,2026-04-17 17:37:16
407,4521,39311,0,"He demonstrates strong team management skills and effectively collaborates with developers to identify and resolve software defects. His proactive approach ensures timely detection and correction of issues, contributing to the overall quality of the application. Additionally, his clear communication fosters a productive working environment, making him a valuable asset to the team. Continued focus on expanding technical knowledge could further enhance his contributions. Overall, he reliably supports both team dynamics and software quality improvement.",,,1,1,1,2026-04-20 17:40:05,0,0,0,2026-04-17 17:40:05,2026-04-17 17:40:05
408,3880,38941,0,I am  working on PHP,,,0,1,1,2026-04-23 11:09:40,0,0,0,2026-04-20 11:09:40,2026-04-20 11:09:40
409,4521,39311,0,,,,1,1,1,2026-04-23 11:21:24,0,0,0,2026-04-20 11:21:24,2026-04-20 11:21:24
410,4534,38941,0,ewrw,,,0,1,0,,,0,0,2026-04-21 15:30:26,2026-04-21 15:30:26
411,4448,13,0,,,,0,1,0,,,0,0,2026-04-21 17:47:57,2026-04-21 17:47:57
412,3814,39256,0,test,,,1,1,1,2026-04-24 18:03:46,0,0,0,2026-04-21 18:03:46,2026-04-21 18:03:46
413,4514,39256,3,fgasdg,[],dfadf,1,1,1,2026-04-25 11:30:42,0,0,0,2026-04-22 11:30:42,2026-04-22 11:30:42
414,4508,39013,0,,,,1,1,1,2026-04-25 12:29:00,0,0,0,2026-04-22 12:29:00,2026-04-22 12:29:00
415,3867,39314,3,ga ag asdf gd adf adf adfa ds,[],,1,1,1,2026-04-25 12:56:01,0,0,0,2026-04-22 12:56:01,2026-04-22 12:56:01
416,4508,39013,0,,,,1,1,1,2026-04-25 13:13:09,0,0,0,2026-04-22 13:13:09,2026-04-22 13:13:09
417,3837,39256,0,,,,1,1,1,2026-04-25 19:06:26,0,0,0,2026-04-22 19:06:26,2026-04-22 19:06:26
418,3814,39256,0,,,,1,1,1,2026-04-25 19:07:07,0,0,0,2026-04-22 19:07:07,2026-04-22 19:07:07
419,3837,39256,0,,,,1,1,1,2026-04-25 19:12:22,0,0,0,2026-04-22 19:12:22,2026-04-22 19:12:22
420,3814,39256,0,,,,1,1,1,2026-04-25 19:13:57,0,0,0,2026-04-22 19:13:57,2026-04-22 19:13:57
421,4514,39256,0,,,,1,1,1,2026-04-26 12:06:36,0,0,0,2026-04-23 12:06:36,2026-04-23 12:06:36
422,3837,39256,0,,,,1,1,1,2026-04-26 12:07:38,0,0,0,2026-04-23 12:07:38,2026-04-23 12:07:38
423,4495,39256,0,test 24,,,0,1,1,2026-04-27 13:01:57,0,0,0,2026-04-24 13:01:57,2026-04-24 13:01:57
424,4530,39311,0,Good,,,0,1,0,,,0,0,2026-04-27 11:43:26,2026-04-27 11:43:26
425,4521,39311,0,nice,,,0,1,0,,,0,0,2026-04-27 11:47:52,2026-04-27 11:47:52
426,4521,39311,0,,,,0,1,0,,,0,0,2026-04-27 11:58:03,2026-04-27 11:58:03
427,3781,39072,0,good,,,0,1,0,,,0,0,2026-04-27 17:15:15,2026-04-27 17:15:15
428,3781,39072,0,nice,,,0,1,0,,,0,0,2026-04-27 17:17:25,2026-04-27 17:17:25
429,4530,39311,0,test,,,0,1,0,,,0,0,2026-04-27 17:23:51,2026-04-27 17:23:51
430,4530,39311,0,qweqweq,,,0,1,0,,,0,0,2026-04-27 17:25:12,2026-04-27 17:25:12
431,4530,39311,0,See,,,1,1,1,2026-04-30 17:25:59,0,0,0,2026-04-27 17:25:59,2026-04-27 17:25:59
432,4530,39311,0,,,,0,1,0,,,0,0,2026-04-27 17:27:37,2026-04-27 17:27:37
433,4530,39311,0,Nice,,,1,1,1,2026-04-30 17:29:03,0,0,0,2026-04-27 17:29:03,2026-04-27 17:29:03
434,4530,39311,0,,,,0,1,0,,,0,0,2026-04-27 17:30:56,2026-04-27 17:30:56
435,4521,39311,0,can we add without rating,,,1,1,1,2026-04-30 17:31:12,0,0,0,2026-04-27 17:31:12,2026-04-27 17:31:12
436,3792,39072,0,rewrwe,,,0,1,0,,,0,0,2026-04-27 17:33:39,2026-04-27 17:33:39
437,4540,39311,0,,,,0,1,0,,,0,0,2026-04-27 17:33:42,2026-04-27 18:05:55
438,3792,39072,0,test,,,0,1,0,,,0,0,2026-04-27 17:34:07,2026-04-27 17:34:07
439,4540,39311,0,Nice,,,0,1,0,,,0,0,2026-04-27 17:42:30,2026-04-27 17:47:54
440,4530,39311,0,,,,0,1,0,,,0,0,2026-04-27 18:12:38,2026-04-27 18:12:38
441,4521,39311,0,Nice Employee,,,1,1,1,2026-04-30 18:14:15,0,0,0,2026-04-27 18:14:15,2026-04-27 18:14:15
442,4448,13,0,test,,,0,1,0,,,0,0,2026-04-28 11:54:04,2026-04-28 11:54:04
443,4530,39311,0,,,,0,1,0,,,0,0,2026-04-28 18:41:38,2026-04-28 18:41:38
444,4521,39311,0,,,,0,1,0,,,0,0,2026-04-28 18:45:13,2026-04-28 18:45:13
445,4514,39256,0,,,,0,1,1,2026-05-30 14:45:53,0,0,0,2026-05-27 14:45:53,2026-05-27 14:46:57
446,4514,39256,0,,,,0,1,1,2026-05-21 13:28:57,0,0,0,2026-05-18 13:28:57,2026-05-18 13:28:57
447,4514,39256,0,gfdgfd,,,0,1,1,2026-05-21 13:28:27,0,0,0,2026-05-18 13:28:27,2026-05-18 13:28:27
448,4514,39256,0,ssf,,,0,1,1,2026-05-09 16:05:29,0,0,0,2026-05-06 16:05:29,2026-05-06 16:05:29
449,3655,39013,0,It appears that the provided text is unintelligible and does not contain coherent information to review. Please provide a clear and detailed description or content so I can generate a professional and balanced review for you.,,,1,1,1,2026-05-05 10:41:20,0,0,0,2026-05-02 10:41:20,2026-05-02 10:41:20
450,3880,38941,0,test,,,0,1,0,,,0,0,2026-05-02 10:59:05,2026-05-02 10:59:05
451,3815,38941,0,,,,0,1,0,,,0,0,2026-05-04 12:35:29,2026-05-04 12:35:29
452,3815,38941,0,,,,0,1,0,,,0,0,2026-05-04 12:38:57,2026-05-04 12:38:57
453,3820,38941,0,,,,0,1,0,,,0,0,2026-05-04 13:40:36,2026-05-04 13:40:36
454,4448,13,0,test,,,0,1,0,,,0,0,2026-05-05 11:01:17,2026-05-05 11:01:17
455,4448,13,0,test,,,0,1,0,,,0,0,2026-05-05 11:03:52,2026-05-05 11:03:52
456,3570,13,0,serdfgh,,,0,1,0,,,0,0,2026-05-05 11:21:35,2026-05-05 11:21:35
457,4508,39013,0,dsas,,,1,1,1,2026-05-08 11:31:02,0,0,0,2026-05-05 11:31:02,2026-05-05 11:31:02
458,3655,39013,0,sadd dgs gwe,,,1,1,1,2026-05-08 11:32:25,0,0,0,2026-05-05 11:32:25,2026-05-05 11:32:25
459,3655,39013,0,fhf,,,0,1,1,2026-06-06 11:10:45,0,0,0,2026-06-03 11:10:45,2026-06-03 11:10:45
460,3826,39256,0,dummy review for check redirection,,,0,1,1,2026-05-21 23:50:30,0,0,0,2026-05-18 23:50:30,2026-05-18 23:50:30
461,4504,38941,0,gs sdg s,,,0,1,0,,,0,0,2026-05-07 14:57:24,2026-05-07 14:57:24
462,3837,39256,0,dfadfasdfasdfaf,,,0,1,0,,,0,0,2026-05-07 15:52:19,2026-05-07 15:52:19
463,3852,39340,0,dfsfgsfd feedback implementation,,,0,1,0,,,0,0,2026-05-07 15:53:43,2026-06-09 12:48:51
464,3826,39256,0,dzxbgzxbczxfb,,,0,1,0,,,0,0,2026-05-07 15:54:12,2026-05-07 15:54:12
465,3655,39013,0,test,,,0,1,1,2026-06-04 11:46:11,0,0,0,2026-06-01 11:46:11,2026-06-01 11:46:11
466,4585,39311,0,,,,0,1,1,2026-05-16 17:04:17,0,0,0,2026-05-13 17:04:17,2026-05-13 17:04:17
467,3837,39314,5, fg asfg sdgf sgf sdg sd,[],,1,1,1,2026-05-17 12:09:16,0,0,0,2026-05-14 12:09:16,2026-05-14 12:09:16
468,3826,39314,5, ADF ADSF ADS ADSF AFD ,[],,1,1,1,2026-05-17 12:09:57,0,0,0,2026-05-14 12:09:57,2026-05-14 12:09:57
469,3705,39314,5,fgsfgzdfgshfgjdfgxxnxcn dfhs dhsgf dgfxhs sdfhgdfgh,[],,1,1,1,2026-05-17 12:27:07,0,0,0,2026-05-14 12:27:07,2026-05-14 12:27:07
470,4580,39256,4,fujfherj,[],,1,1,1,2026-05-18 12:57:23,0,0,0,2026-05-15 12:57:23,2026-05-15 12:57:23
471,4578,39001,4,rgregt45g4tg,[],,1,1,1,2026-05-18 12:57:39,0,0,0,2026-05-15 12:57:39,2026-05-15 12:57:39
472,4593,39256,4,gooid,"[\""uploads\/document\/da1c50bd17c8401329064e993c2be2555dd545fa06db9fef3c2f700a9e82c1ee.jpg\""]",http://localhost:3001/dashboard/company/employees,1,1,1,2026-05-21 12:01:55,0,0,1,2026-05-18 12:01:55,2026-05-18 12:01:55
473,4593,639,2,not gooid,[],,1,1,1,2026-05-21 12:04:34,0,0,1,2026-05-18 12:04:34,2026-05-18 12:04:34
474,4579,39256,4,cutie,[],,1,1,1,2026-05-21 12:06:00,0,0,1,2026-05-18 12:06:00,2026-05-18 12:06:00
475,4594,39256,0,,,,0,1,1,2026-05-21 12:19:58,0,0,0,2026-05-18 12:19:58,2026-05-18 12:19:58
476,4594,39256,4,heyyy,[],,1,1,1,2026-05-21 12:24:16,0,0,0,2026-05-18 12:24:16,2026-05-18 12:24:16
477,4573,39256,0,"haha What is Lorem Ipsum?\nLorem Ipsum is simply dummy text of the printing and typesetting industry. Lorem Ipsum has been the industry's standard dummy text ever since 1966, when designers at Letraset and James Mosley, the librarian at St Bride Printing",,,1,1,1,2026-05-21 13:35:45,0,0,1,2026-05-18 13:35:45,2026-05-18 13:35:45
478,4573,39256,0,"What is Lorem Ipsum? Lorem Ipsum is simply dummy text of the printing and typesetting industry. Lorem Ipsum has been the industry's standard dummy text ever since 1966, when designers at Letraset and James Mosley, the librarian at St Bride Printing",,,1,1,1,2026-05-21 13:36:10,0,0,1,2026-05-18 13:36:10,2026-05-18 13:36:10
479,3717,39013,0,test,,,0,1,0,,,0,0,2026-05-19 16:25:37,2026-05-19 16:25:37
480,3570,13,0,,,,0,1,0,,,0,0,2026-05-21 17:51:52,2026-05-21 17:51:52
481,3757,1485,4,rgrtgtt,,,0,1,0,,,0,0,2026-05-21 18:00:34,2026-05-21 18:00:34
482,0,0,0,,,,0,1,0,,,0,0,2026-05-21 18:04:08,2026-05-21 18:04:08
483,3570,13,0,,,,0,1,0,,,0,0,2026-05-21 18:07:00,2026-05-21 18:07:00
484,3570,13,0,,,,0,1,0,,,0,0,2026-05-21 18:08:09,2026-05-21 18:08:09
485,3570,13,0,,,,0,1,0,,,0,0,2026-05-21 18:16:04,2026-05-21 18:16:04
486,3570,13,0,,,,0,1,0,,,0,0,2026-05-21 18:19:25,2026-05-21 18:19:25
487,4578,39256,0,,,,0,1,2,,,0,0,2026-05-22 12:49:17,2026-05-22 12:49:17
488,4578,39256,0,,,,0,1,1,2026-07-11 14:48:11,0,0,0,2026-07-08 14:48:11,2026-07-08 14:48:11
489,4579,39256,0,,,,0,1,1,2026-07-11 13:23:17,0,0,0,2026-07-08 13:23:17,2026-07-08 13:23:17
490,4593,39256,0,,,,0,1,1,2026-07-11 13:23:05,0,0,0,2026-07-08 13:23:05,2026-07-08 13:23:05
491,4607,39256,0,test,,,0,1,1,2026-05-25 16:33:09,0,0,0,2026-05-22 16:33:09,2026-05-22 16:33:09
492,4607,39256,0,fsfssf,,,1,1,1,2026-05-28 15:10:06,0,0,0,2026-05-25 15:10:06,2026-05-25 15:10:06
493,4606,39256,0,fsfssf,,,1,1,1,2026-05-28 15:10:20,0,0,0,2026-05-25 15:10:20,2026-05-25 15:10:20
494,4607,39256,0,,,,1,1,1,2026-05-28 15:11:10,0,0,0,2026-05-25 15:11:10,2026-05-25 15:11:10
495,4606,39256,0,,,,1,1,1,2026-05-28 15:12:10,0,0,0,2026-05-25 15:12:10,2026-05-25 15:12:10
496,4606,639,3,"A highly motivated professional with expertise in HTML5, CSS3, JavaScript, React.js, and Flutter development. Experienced in methodologies like Waterfall and skilled with tools such as Rational DOORS and exercise generation. Known for strong communication and problem-solving abilities, combined with a positive attitude and adaptability. Committed to delivering consistent, quality results while maintaining professionalism in all endeavors.",[],,1,1,1,2026-05-28 15:34:16,0,0,0,2026-05-25 15:34:16,2026-05-25 15:34:16
497,4606,639,5,"A highly motivated and skilled candidate with strong communication, problem-solving abilities, and a positive attitude. Demonstrates professionalism, adaptability, and the capability to deliver quality work consistently.",[],,1,1,1,2026-05-28 15:35:00,0,0,0,2026-05-25 15:35:00,2026-05-25 15:35:00
498,4608,39256,0,fsss,,,1,1,1,2026-05-28 17:45:19,0,0,1,2026-05-25 17:45:19,2026-05-25 17:45:19
499,4614,39072,0,,,,0,1,1,2026-05-28 18:00:34,0,0,0,2026-05-25 18:00:34,2026-05-25 18:00:34
500,4594,39256,0,out standing,,,0,1,1,2026-05-29 18:21:56,0,0,0,2026-05-26 18:21:56,2026-05-26 18:21:56
501,4594,39256,0,excellent work,,,0,1,1,2026-05-30 14:42:10,0,0,0,2026-05-27 14:42:10,2026-05-27 14:42:10
502,4514,39256,0,fdafsaa,,,0,1,1,2026-05-30 14:43:54,0,0,0,2026-05-27 14:43:54,2026-05-27 14:43:54
503,4514,39256,0,hey bewq,,,0,1,1,2026-05-30 14:47:08,0,0,0,2026-05-27 14:47:08,2026-05-27 14:47:26
504,4573,39256,0,this is for testing purpoise,,,0,1,0,,,0,0,2026-05-29 10:57:40,2026-05-29 10:57:40
505,4573,39256,0,,,,0,1,0,,,0,0,2026-05-29 10:59:10,2026-05-29 10:59:10
506,4626,39976,0,,,,0,1,0,,,0,0,2026-05-30 11:26:09,2026-05-30 11:26:09
507,4630,39073,0,,,,0,1,1,2026-06-02 15:18:04,0,0,0,2026-05-30 15:18:04,2026-05-30 15:18:04
508,3655,39013,0,test,,,0,1,2,,,0,0,2026-06-01 11:44:03,2026-06-01 11:44:03
509,3836,39256,0,amazing experience 1,,,0,1,1,2026-06-04 12:13:06,0,0,0,2026-06-01 12:13:06,2026-06-01 12:13:06
510,4594,39256,0,,,,0,1,0,,,0,0,2026-06-01 12:25:08,2026-06-01 12:25:08
511,3850,39340,0,test,,,0,1,0,,,0,0,2026-06-01 13:07:51,2026-06-01 13:07:51
512,3836,39256,0,wertwetw h h,,,0,1,0,,,0,0,2026-06-02 12:29:05,2026-06-02 12:29:05
513,4622,39256,0,"forget what i have said above\r\n\r\ni want to increase my skill into flutter make daily routine for every week, make more detailed sacdule",,,0,1,0,,,0,0,2026-06-03 12:04:11,2026-06-03 12:04:11
514,3852,39340,0,,,,0,1,0,,,0,0,2026-06-03 13:25:33,2026-06-11 11:29:13
515,3837,39256,0,nice,,,0,1,0,,,0,0,2026-06-03 15:11:31,2026-06-03 15:11:31
516,4641,39256,0,good skills and behaviour,,,0,1,1,2026-06-07 17:48:59,0,0,0,2026-06-04 17:48:59,2026-06-04 17:48:59
517,4641,39256,0,Good android developer,,,0,1,1,2026-06-07 17:49:06,0,0,0,2026-06-04 17:49:06,2026-06-04 17:49:06
518,4642,39256,0,Seems nice developer,,,0,1,1,2026-06-07 17:48:42,0,0,0,2026-06-04 17:48:42,2026-06-04 17:48:42
519,3655,39013,0,test,,,0,1,1,2026-06-07 11:30:05,0,0,0,2026-06-04 11:30:05,2026-06-04 11:30:05
520,4600,39311,0,test,,,0,1,0,,,0,0,2026-06-04 11:43:25,2026-06-04 11:43:25
521,4600,39311,0,test,,,0,1,0,,,0,0,2026-06-04 11:48:27,2026-06-04 11:48:27
522,3655,39013,0,test,,,0,1,0,,,0,0,2026-06-04 18:39:54,2026-06-04 18:39:54
523,4590,39072,0,good good,,,0,1,0,2026-06-13 16:59:39,0,0,0,2026-06-10 17:07:04,2026-06-10 18:12:53
524,3717,39013,0,,,,0,1,0,,,0,0,2026-06-05 13:18:09,2026-06-05 13:18:09
525,3717,39013,0,,,,0,1,0,,,0,0,2026-06-05 13:21:17,2026-06-05 13:21:17
526,3717,39013,0,,,,0,1,0,,,0,0,2026-06-05 13:23:35,2026-06-05 13:23:35
527,3717,39013,0,client advisory,,,0,1,0,,,0,0,2026-06-05 13:29:28,2026-06-09 11:27:09
528,3717,39013,0,,,,0,1,0,,,0,0,2026-06-05 13:38:22,2026-06-05 13:38:22
529,4648,27244,5,test,[],,1,1,1,2026-06-08 16:57:51,0,0,0,2026-06-05 16:57:51,2026-06-05 16:57:51
530,514,1653,0,dfg sdfgsd fsdfg sdfg sdfg,,,0,1,0,,,0,0,2026-06-05 17:00:00,2026-06-05 17:00:00
531,4644,40137,0,"The employee demonstrated strong skills in Manual, API, Database, and Automation Testing. They consistently ensured product quality through effective test execution, defect identification, and validation of application functionality. Their contributions to automation improved testing efficiency and coverage. They collaborated well with team members, showed strong analytical abilities, and delivered quality results within timelines. Overall, they performed well and made a positive impact on project success.",,,1,1,1,2026-06-09 13:43:47,0,0,0,2026-06-06 13:43:47,2026-06-06 13:43:47
532,4614,39072,0,,,,1,1,1,2026-06-11 01:46:22,0,0,0,2026-06-08 01:46:22,2026-06-08 01:46:22
533,4614,38860,4,Good employee,[],,1,1,1,2026-06-11 01:46:57,0,0,0,2026-06-08 01:46:57,2026-06-08 01:46:57
534,4608,39256,0,test review,,,1,1,1,2026-06-11 11:38:24,0,0,1,2026-06-08 11:38:24,2026-06-08 11:38:24
539,3809,39256,0,,,,0,1,0,,,0,0,2026-06-08 15:05:04,2026-06-08 15:05:04
540,3809,39256,0,,,,0,1,0,,,0,0,2026-06-08 15:05:22,2026-06-08 15:05:22
541,3809,39256,0,,,,0,1,0,,,0,0,2026-06-08 15:05:55,2026-06-08 15:05:55
543,4573,39256,0,help,,,0,1,0,,,0,0,2026-06-08 15:39:44,2026-06-11 12:32:18
544,540,5,0,fvfvrtrvcbvxc g g,,,0,1,0,,,0,0,2026-06-08 15:40:44,2026-06-08 15:40:44
545,539,3889,0,,,,0,1,0,,,0,0,2026-06-08 15:41:11,2026-06-08 15:41:11
546,540,5,0,,,,0,1,0,,,0,0,2026-06-08 15:42:29,2026-06-08 15:42:29
547,3837,39256,0,,,,0,1,0,,,0,0,2026-06-09 10:57:47,2026-06-09 11:17:07
548,547,4010,0,,,,0,1,0,,,0,0,2026-06-09 10:58:20,2026-06-09 10:58:20
549,3837,39256,0,abc review legal hello,,,0,1,1,2026-06-14 16:32:33,0,0,0,2026-06-11 16:32:33,2026-06-11 16:43:00
550,3837,39256,0,,,,0,1,0,,,0,0,2026-06-09 11:30:15,2026-06-11 11:15:42
551,3837,39256,0,rohan new review hsfdgs,,,0,1,0,,,0,0,2026-06-09 11:39:24,2026-06-09 12:08:33
553,4661,39013,0,test,,,1,1,1,2026-06-13 14:53:56,0,0,0,2026-06-10 14:53:56,2026-06-10 14:53:56
554,4590,39072,0,,,,1,1,1,2026-06-13 15:22:38,0,0,0,2026-06-10 15:22:38,2026-06-10 15:22:38
555,4590,38860,4,"He is a dedicated employee known for his eagerness to understand whether websites are functioning properly. With a strong focus on ensuring smooth website operations, he consistently seeks to identify and address any issues. Skilled in Microsoft Excel, he applies his knowledge to support his work effectively. His commitment and proactive approach make him a reliable and valuable team member.",[],,1,1,1,2026-06-13 15:42:25,0,0,0,2026-06-10 15:42:25,2026-06-10 15:42:25
556,4664,39256,0,asads sss sssssssssa sf af assssf af af asf   asads sss ssss w aw af af asf af sssssssa sf af assssf af af asf   asads sss ssss w aw af af asf af sssssssa sf af assssf af af asf   asads sss ssss w aw af af asf af sssssssa sf af assssf af af asf   asads sss ssss w aw af af asf af sssssssa sf af assssf af af asf   asads sss ssss w aw af af asf af sssssssa sf af assssf af af asf   asads sss ssss w aw af af asf af sssssssa sf af assssf af af asf   asads sss ssss w aw af af asf af sssssssa sf af assssf af af asf   asads sss ssss w aw af af asf af sssssssa sf af assssf af af asf   asads sss ssss w aw af af asf af sssssssa sf af assssf af af asf   asads sss ssss w aw af af asf af sssssssa sf af assssf af af asf   asads sss ssss w aw af af asf af sssssssa sf af assssf af af asf   asads sss ssss w aw af af asf af sssssssa sf af assssf af af asf   asads sss ssss w aw af af asf af sssssssa sf af assssf af af asf   asads sss ssss w aw af af asf af sssssssa sf af assssf af af asf,,,0,1,0,,,0,0,2026-06-10 17:16:43,2026-06-10 17:16:43
557,4664,39256,0,dfggr hs dfhsdf hdfhsdfggr hs dfhsdf hdfhsdfggr hs dfhsdf hdfhsdfggr hs d,,,0,1,0,,,0,0,2026-06-10 17:22:00,2026-06-10 17:22:00
558,4664,39256,0,NBCGFHDG DH N SGF FG F G GFGFFGS FG FSFFGNBCGFHDG DH N SGF FG F G GFGFFGS FG FSFFGNBCGFHDG DH N SGF FG F G GFGFFGS FG FSFFGNBCGFHDG DH N SGF FG F G GFGFFGS FG FSFFGNBCGFHDG DH N SGF FG F G GFGFFGS FG FSFFGNBCGFHDG DH N SGF FG F G GFGFFGS FG FSFFGNBCGFHDG DH N SGF FG F G GFGFFGS FG FSFFGNBCGFHDG DH N SGF FG F G GFGFFGS FG FSFFGNBCGFHDG DH N SGF FG F G GFGFFGS FG FSFFGNBCGFHDG DH N SGF FG F G GFGFFGS FG FSFFGNBCGFHDG DH N SGF FG F G GFGFFGS FG FSFFGNBCGFHDG DH N SGF FG F G GFGFFGS FG FSFFGNBCGFHDG DH N SGF FG F G GFGFFGS FG FSFFGNBCGFHDG DH N SGF FG F G GFGFFGS FG FSFFGNBCGFHDG DH N SGF FG F G GFGFFGS FG FSFFGNBCGFHDG DH N SGF FG F G GFGFFGS FG FSFFGNBCGFHDG DH N SGF FG F G GFGFFGS FG FSFFGNBCGFHDG DH N SGF FG F G GFGFFGS FG FSFFGNBCGFHDG DH N SGF FG F G GFGFFGS FG FSFFGNBCGFHDG DH N SGF FG F G GFGFFGS FG FSFFGNBCGFHDG DH N SGF FG F G GFGFFGS FG FSFFGNBCGFHDG DH N SGF FG F G GFGFFGS FG FSFFGNBCGFHDG DH N SGF FG F G GFGFFGS FG FSFFGNBCGFHDG DH N SGF FG F G GFGFFGS FG FSFFGNBCGFHD,,,0,1,0,,,0,0,2026-06-10 17:22:33,2026-06-10 17:22:33
559,4664,39256,0,"The input appears to be repetitive and lacks clear content or context. It primarily consists of repeated mentions of \""AWS FAS FSFA\"" with some random characters interspersed. Due to the absence of coherent information or specific details, a meaningful review cannot be provided. Please provide more detailed and structured content for an accurate and professional review.",,,0,1,0,,,0,0,2026-06-10 17:23:36,2026-06-10 17:23:36
560,3841,39256,0,"Shelter review accept first time, this is second approval after edit",,,0,1,1,2026-06-14 16:51:31,0,0,0,2026-06-11 16:51:31,2026-06-11 16:52:25
561,4667,39072,0,,,,0,1,1,2026-06-14 13:42:08,0,0,0,2026-06-11 13:42:08,2026-06-11 13:42:08
562,4667,39072,0,,,,0,1,1,2026-06-14 13:42:00,0,0,0,2026-06-11 13:42:00,2026-06-11 13:42:00
563,4667,39072,0,,,,0,1,1,2026-06-14 13:41:53,0,0,0,2026-06-11 13:41:53,2026-06-11 13:41:53
564,4641,39256,0,good review edited APPROVED 1ST 2ND APPROVED last approval,,,0,1,1,2026-06-14 17:11:37,0,0,0,2026-06-11 17:11:37,2026-06-11 18:02:37
565,4667,39072,0,,,,0,1,0,,,0,0,2026-06-11 17:25:43,2026-06-11 17:25:43
566,4669,39256,0,,,,0,1,0,,,0,0,2026-06-11 17:49:14,2026-06-11 17:49:14
567,4667,39072,0,Good employee,,,0,1,0,,,0,0,2026-06-11 17:53:15,2026-06-11 17:53:15
568,4641,39256,0,dadadadada,,,0,1,0,,,0,0,2026-06-11 18:19:05,2026-06-11 18:19:05
569,4669,39256,0,,,,0,1,0,,,0,0,2026-06-11 18:23:22,2026-06-11 18:23:22
570,4669,39256,0,,,,0,1,1,2026-06-14 18:26:09,0,0,0,2026-06-11 18:26:09,2026-06-11 18:26:09
571,4669,39256,0,,,,0,1,0,,,0,0,2026-06-11 18:25:58,2026-06-11 18:25:58
572,4622,39256,0,,,,0,1,0,,,0,0,2026-06-11 18:47:35,2026-06-11 18:47:35
573,4660,39256,0,test 4,,,0,1,0,,,0,0,2026-06-11 18:49:27,2026-06-11 18:49:27
574,4664,39256,0,,,,1,1,1,2026-06-14 19:09:40,0,0,0,2026-06-11 19:09:40,2026-06-11 19:09:40
575,4669,39256,0,,,,0,1,1,2026-06-15 12:49:54,0,0,0,2026-06-12 12:49:54,2026-06-12 12:49:54
576,4672,39072,0,,,,0,1,0,,,0,0,2026-06-12 13:28:14,2026-06-12 13:28:14
577,4622,39256,0,this is edit issue one time,,,0,1,0,,,0,0,2026-06-12 13:37:34,2026-06-12 13:38:02
578,3852,39340,0,fgsdf gsdfg sgfh sfdg,,,0,1,0,,,0,0,2026-06-12 17:52:54,2026-06-12 17:52:54
579,4660,39256,0,jjhjhjhkj,,,0,1,0,,,0,0,2026-06-12 18:05:42,2026-06-12 18:05:42
580,4681,39072,0,Good employee,,,0,1,1,2026-06-16 15:06:55,0,0,0,2026-06-13 15:06:55,2026-06-13 15:06:55
581,4675,40290,4,fsfssfsfs,[],,1,1,1,2026-06-16 15:03:12,0,0,0,2026-06-13 15:03:12,2026-06-13 15:03:12
582,4609,40095,0,w qd qwdqw,,,0,1,0,,,0,0,2026-06-13 15:24:37,2026-06-13 15:24:37
583,4681,39072,0,,,,0,1,0,,,0,0,2026-06-13 16:39:39,2026-06-13 16:39:39
584,4681,39072,0,,,,0,1,0,,,0,0,2026-06-13 17:05:56,2026-06-13 17:05:56
585,4691,39072,0,Good Employee,,,0,1,1,2026-06-19 13:35:32,0,0,0,2026-06-16 13:35:32,2026-06-16 13:35:32
586,4691,39072,0,,,,0,1,0,,,0,0,2026-06-16 13:38:45,2026-06-16 13:38:45
587,4535,2,0,dummy review,,,0,1,0,,,0,0,2026-06-18 16:54:27,2026-06-18 16:54:27
588,4623,39256,0,asd,,,0,1,1,2026-07-11 13:23:00,0,0,0,2026-07-08 13:23:00,2026-07-08 13:23:00
589,4609,40095,0,,,,0,1,0,,,0,0,2026-06-19 16:25:02,2026-06-19 16:25:02
590,4609,40095,0,ewww,,,0,1,0,,,0,0,2026-06-19 16:25:29,2026-06-19 16:25:29
591,4609,40095,0,Yash testng,,,0,1,0,,,0,0,2026-06-19 16:31:04,2026-06-19 16:31:04
592,4708,39256,0,Yash testing,,,0,1,0,,,0,0,2026-06-19 16:39:31,2026-06-19 16:39:31
593,4708,39256,0,Yash testing 2,,,0,1,1,2026-06-26 17:53:00,0,0,1,2026-06-23 17:53:00,2026-06-23 17:53:00
594,4686,39311,0,,,,0,1,0,,,0,0,2026-06-20 11:27:52,2026-06-20 11:27:52
595,4686,39311,0,,,,0,1,0,,,0,0,2026-06-20 11:28:07,2026-06-20 11:28:07
596,4664,39256,0,sdfgsdfgsdgf sdf sf,,,1,1,1,2026-06-23 12:34:28,0,0,0,2026-06-20 12:34:28,2026-06-20 12:34:28
597,4691,39072,0,ddfaSDF,,,1,1,1,2026-06-23 15:58:38,0,0,0,2026-06-20 15:58:38,2026-06-20 15:58:38
598,4691,39072,0,sgsg,,,1,1,1,2026-06-23 16:00:41,0,0,0,2026-06-20 16:00:41,2026-06-23 15:05:41
599,4687,38860,4,sdf sf sde sdfsd,[],,1,1,1,2026-06-23 16:40:49,0,0,0,2026-06-20 16:40:49,2026-06-20 16:40:49
600,4709,39072,0,good Employee,,,0,1,1,2026-06-25 16:46:02,0,0,0,2026-06-22 16:46:02,2026-06-22 16:46:02
601,4709,39072,0,Fantastic employee,,,0,1,1,2026-06-25 16:46:11,0,0,0,2026-06-22 16:46:11,2026-06-22 16:46:11
602,4709,39072,0,Dedicated person,,,0,1,1,2026-06-25 16:51:39,0,0,0,2026-06-22 16:51:39,2026-06-22 16:51:39
603,4622,39256,0,,,,0,1,0,,,0,0,2026-06-22 17:05:44,2026-06-22 17:05:44
604,4622,39256,0,,,,0,1,0,,,0,0,2026-06-22 18:05:14,2026-06-22 18:05:14
605,4710,39072,0,,,,1,1,1,2026-06-26 13:25:05,0,0,0,2026-06-23 13:25:05,2026-06-23 13:25:05
606,4708,39256,0,,,,0,1,1,2026-06-26 17:52:58,0,0,0,2026-06-23 17:52:58,2026-06-23 17:52:58
607,4708,39256,0,,,,0,1,1,2026-06-26 17:52:56,0,0,0,2026-06-23 17:52:56,2026-06-23 17:52:56
608,4715,40473,0,Good Employee,,,0,1,1,2026-06-27 14:43:23,0,0,0,2026-06-24 14:43:23,2026-06-24 14:43:23
609,4716,40473,0,Good Employee,,,0,1,1,2026-06-28 17:54:23,0,0,0,2026-06-25 17:54:23,2026-06-25 17:54:23
610,4716,40473,0,,,,0,1,1,2026-06-28 17:54:08,0,0,0,2026-06-25 17:54:08,2026-06-25 17:54:08
611,4707,40290,5,sffafasf,[],,1,1,1,2026-06-29 11:00:40,0,0,0,2026-06-26 11:00:40,2026-06-26 11:00:40
612,4726,39072,0,,,,0,1,0,,,0,0,2026-06-26 11:29:14,2026-06-26 11:29:14
613,4747,39072,0,Good employee Good employee Good employee Good employee Good employee Good employee,,,0,1,1,2026-07-04 16:58:00,0,0,0,2026-07-01 16:58:00,2026-07-01 16:58:00
614,4742,39256,0,hello,,,0,1,1,2026-07-09 15:06:32,0,0,0,2026-07-06 15:06:32,2026-07-06 15:06:32
615,4742,39256,0,new histroy 1,,,0,1,0,,,0,0,2026-07-06 15:46:52,2026-07-06 17:03:52
616,4593,39256,0,,,,0,1,1,2026-07-11 13:24:52,0,0,0,2026-07-08 13:24:52,2026-07-08 13:24:52
617,4593,39256,0,sd sd sdfsd,,,0,1,1,2026-07-11 13:24:49,0,0,1,2026-07-08 13:24:49,2026-07-08 13:24:49
618,4608,39256,0,asf af asf,,,0,1,1,2026-07-11 13:25:57,0,0,1,2026-07-08 13:25:57,2026-07-08 13:25:57
619,4782,39072,0,,,,0,1,1,2026-07-11 13:38:50,0,0,0,2026-07-08 13:38:50,2026-07-08 13:38:50
620,4782,39072,0,Good employee,,,0,1,1,2026-07-11 13:38:47,0,0,1,2026-07-08 13:38:47,2026-07-08 13:38:47
621,4782,39072,0,,,,0,1,1,2026-07-11 13:38:44,0,0,0,2026-07-08 13:38:44,2026-07-08 13:38:44
622,4579,39256,0,asdas,,,0,1,1,2026-07-11 14:45:11,0,0,1,2026-07-08 14:45:11,2026-07-08 14:45:11
623,4579,39256,0,asa,,,0,1,1,2026-07-11 14:45:09,0,0,1,2026-07-08 14:45:09,2026-07-08 14:45:09
624,4579,39256,0,asdasd,,,0,1,1,2026-07-11 14:45:07,0,0,1,2026-07-08 14:45:07,2026-07-08 14:45:07
625,4579,39256,0,asda asa,,,0,1,1,2026-07-11 14:45:04,0,0,1,2026-07-08 14:45:04,2026-07-08 14:45:04
626,4579,39256,0,asdasd,,,0,1,1,2026-07-11 14:45:02,0,0,1,2026-07-08 14:45:02,2026-07-08 14:45:02
627,4579,39256,0,sas  asf asf asfasf asfa sf afsa,,,0,1,1,2026-07-11 14:51:17,0,0,0,2026-07-08 14:51:17,2026-07-08 14:51:17
628,4849,39256,0,esdddddd,,,0,1,1,2026-07-11 14:56:00,0,0,1,2026-07-08 14:56:00,2026-07-08 14:56:00
629,4849,39256,0,wwwwwwwwww,,,0,1,1,2026-07-11 14:55:58,0,0,1,2026-07-08 14:55:58,2026-07-08 14:55:58
630,4849,39256,0,wew e wer wet we,,,0,1,1,2026-07-11 14:55:56,0,0,1,2026-07-08 14:55:56,2026-07-08 14:55:56
631,4849,39256,0,3333333333,,,0,1,1,2026-07-11 14:55:53,0,0,1,2026-07-08 14:55:53,2026-07-08 14:55:53
632,4849,39256,0,1111111111111111111,,,0,1,1,2026-07-11 14:55:51,0,0,1,2026-07-08 14:55:51,2026-07-08 14:55:51
633,4763,40539,0,She is a good programmer,,,0,1,1,2026-07-12 11:42:06,0,0,0,2026-07-09 11:42:06,2026-07-09 11:42:06
634,4763,40539,0,Good employee,,,0,1,1,2026-07-12 12:55:45,0,0,0,2026-07-09 12:55:45,2026-07-09 12:55:44
635,4763,40539,0,hard work,,,0,1,1,2026-07-12 12:55:41,0,0,0,2026-07-09 12:55:41,2026-07-09 12:55:41
636,4753,40539,0,She is a hard worker,,,1,1,1,2026-07-12 12:58:52,0,0,0,2026-07-09 12:58:52,2026-07-09 12:58:52
637,4763,40539,0,java developer,,,0,1,0,,,0,0,2026-07-09 13:04:49,2026-07-09 13:04:49
638,0,0,0,,,,0,1,0,,,0,0,2026-07-09 18:31:56,2026-07-09 18:31:56
639,4865,5,0,asdf asd adsf,,,0,1,0,,,0,0,2026-07-09 18:32:18,2026-07-09 18:32:18
640,0,0,0,asdfas,,,0,1,0,,,0,0,2026-07-09 18:36:27,2026-07-09 18:36:27
641,4865,5,0,dfgadfa,,,0,1,0,,,0,0,2026-07-09 18:38:24,2026-07-09 18:38:24
642,4865,5,0,tghysghsdh sdfgsd,,,0,1,0,,,0,0,2026-07-11 10:36:36,2026-07-11 10:36:36
643,4850,39072,0,adaad,,,0,1,0,,,0,0,2026-07-13 13:33:07,2026-07-13 13:33:07
644,4850,39072,0,adaaaad,,,0,1,0,,,0,0,2026-07-13 13:33:24,2026-07-13 13:33:24
645,4850,39072,0,fsfsf,,,0,1,0,,,0,0,2026-07-13 13:33:36,2026-07-13 13:33:36
