id,company_job,skill,is_deleted,create_date
1,1,17227,0,2026-07-06 16:02:36
2,1,17228,0,2026-07-06 16:02:36
3,1,17229,0,2026-07-06 16:02:36
4,2,17248,0,2026-07-06 16:02:36
5,2,17249,0,2026-07-06 16:02:36
6,2,17250,0,2026-07-06 16:02:36
7,3,17232,0,2026-07-06 16:02:36
8,3,17233,0,2026-07-06 16:02:36
9,3,17234,0,2026-07-06 16:02:36
10,3,17235,0,2026-07-06 16:02:36
11,3,8287,0,2026-07-06 16:02:36
12,3,962,0,2026-07-06 16:02:36
13,5,3032,0,2026-07-06 16:02:36
14,5,17295,0,2026-07-06 16:02:36
15,5,17296,0,2026-07-06 16:02:36
16,6,17275,0,2026-07-06 16:02:36
17,8,1494,0,2026-07-06 16:02:36
18,8,17292,0,2026-07-06 16:02:36
19,9,913,0,2026-07-06 16:02:36
20,10,3047,0,2026-07-06 16:02:36
21,10,8314,0,2026-07-06 16:02:36
22,12,17297,0,2026-07-06 16:02:36
23,12,11845,0,2026-07-06 16:02:36
24,12,7584,0,2026-07-06 16:02:36
25,12,396,0,2026-07-06 16:02:36
26,12,17298,0,2026-07-06 16:02:36
27,13,7270,0,2026-07-06 16:02:36
28,13,8196,0,2026-07-06 16:02:36
29,13,17317,0,2026-07-06 16:02:36
30,13,17327,0,2026-07-06 16:02:36
31,13,17368,0,2026-07-06 16:02:36
32,14,332,0,2026-07-06 16:02:36
33,14,17299,0,2026-07-06 16:02:36
34,14,17300,0,2026-07-06 16:02:36
35,14,17301,0,2026-07-06 16:02:36
36,14,8908,0,2026-07-06 16:02:36
37,15,17302,0,2026-07-06 16:02:36
38,15,17303,0,2026-07-06 16:02:36
39,15,17304,0,2026-07-06 16:02:36
40,15,7208,0,2026-07-06 16:02:36
41,15,17305,0,2026-07-06 16:02:36
42,16,12239,0,2026-07-06 16:02:36
43,16,17286,0,2026-07-06 16:02:36
44,16,17306,0,2026-07-06 16:02:36
45,16,17400,0,2026-07-06 16:02:36
46,16,17401,0,2026-07-06 16:02:36
47,16,7269,0,2026-07-06 16:02:36
48,17,3032,0,2026-07-06 16:02:36
49,17,3080,0,2026-07-06 16:02:36
50,17,13756,0,2026-07-06 16:02:36
51,17,13759,0,2026-07-06 16:02:36
52,17,16640,0,2026-07-06 16:02:36
53,17,17312,0,2026-07-06 16:02:36
54,19,7270,0,2026-07-06 16:02:36
55,19,8196,0,2026-07-06 16:02:36
56,19,17320,0,2026-07-06 16:02:36
57,19,17325,0,2026-07-06 16:02:36
58,22,17347,0,2026-07-06 16:02:36
59,23,4041,0,2026-07-06 16:02:36
60,23,5245,0,2026-07-06 16:02:36
61,23,13393,0,2026-07-06 16:02:36
62,23,17227,0,2026-07-06 16:02:36
63,24,332,0,2026-07-06 16:02:36
64,24,7493,0,2026-07-06 16:02:36
65,24,15157,0,2026-07-06 16:02:36
66,24,15158,0,2026-07-06 16:02:36
67,25,4041,0,2026-07-06 16:02:36
68,25,1153,0,2026-07-06 16:02:36
69,26,17362,0,2026-07-06 16:02:36
70,26,17363,0,2026-07-06 16:02:36
71,30,3983,0,2026-07-06 16:02:36
72,30,7269,0,2026-07-06 16:02:36
73,30,3381,0,2026-07-06 16:02:36
74,30,6528,0,2026-07-06 16:02:36
75,30,2110,0,2026-07-06 16:02:36
76,30,14238,0,2026-07-06 16:02:36
77,30,14235,0,2026-07-06 16:02:36
78,30,13756,0,2026-07-06 16:02:36
79,31,5254,0,2026-07-06 16:02:36
80,31,17364,0,2026-07-06 16:02:36
81,31,2093,0,2026-07-06 16:02:36
82,32,17227,0,2026-07-06 16:02:36
83,32,17229,0,2026-07-06 16:02:36
84,33,12586,0,2026-07-06 16:02:36
85,33,12589,0,2026-07-06 16:02:36
86,33,12587,0,2026-07-06 16:02:36
87,35,9327,0,2026-07-06 16:02:36
88,36,14640,0,2026-07-06 16:02:36
89,37,9149,0,2026-07-06 16:02:36
90,37,17365,0,2026-07-06 16:02:36
91,37,17366,0,2026-07-06 16:02:36
92,37,17367,0,2026-07-06 16:02:36
93,38,3983,0,2026-07-06 16:02:36
94,38,6528,0,2026-07-06 16:02:36
95,38,6531,0,2026-07-06 16:02:36
96,38,8488,0,2026-07-06 16:02:36
97,38,13756,0,2026-07-06 16:02:36
98,38,17329,0,2026-07-06 16:02:36
99,38,17330,0,2026-07-06 16:02:36
100,38,17332,0,2026-07-06 16:02:36
201,38,17372,0,2026-07-06 16:03:12
202,38,17373,0,2026-07-06 16:03:12
203,38,17374,0,2026-07-06 16:03:12
204,38,17375,0,2026-07-06 16:03:12
205,40,13756,0,2026-07-06 16:03:12
206,40,14235,0,2026-07-06 16:03:12
207,40,16261,0,2026-07-06 16:03:12
208,42,11,0,2026-07-06 16:03:12
209,44,7309,0,2026-07-06 16:03:12
210,45,17395,0,2026-07-06 16:03:12
211,48,7,0,2026-07-06 16:03:12
212,48,1153,0,2026-07-06 16:03:12
213,48,3087,0,2026-07-06 16:03:12
214,48,7584,0,2026-07-06 16:03:12
215,48,11845,0,2026-07-06 16:03:12
216,48,14050,0,2026-07-06 16:03:12
217,49,17407,0,2026-07-06 16:03:12
218,49,17378,0,2026-07-06 16:03:12
219,49,17408,0,2026-07-06 16:03:12
220,50,17409,0,2026-07-06 16:03:12
221,50,17410,0,2026-07-06 16:03:12
222,50,17411,0,2026-07-06 16:03:12
223,51,17412,0,2026-07-06 16:03:12
224,51,17413,0,2026-07-06 16:03:12
225,51,17414,0,2026-07-06 16:03:12
226,52,17421,0,2026-07-06 16:03:12
227,53,17422,0,2026-07-06 16:03:12
228,54,17423,0,2026-07-06 16:03:12
229,54,17424,0,2026-07-06 16:03:12
230,54,1327,0,2026-07-06 16:03:12
231,55,17425,0,2026-07-06 16:03:12
232,55,17426,0,2026-07-06 16:03:12
233,56,1989,0,2026-07-06 16:03:12
234,56,2915,0,2026-07-06 16:03:12
235,56,15429,0,2026-07-06 16:03:12
236,57,1959,0,2026-07-06 16:03:12
237,58,1959,0,2026-07-06 16:03:12
238,60,7,0,2026-07-06 16:03:12
239,60,11,0,2026-07-06 16:03:12
240,60,10445,0,2026-07-06 16:03:12
241,60,17236,0,2026-07-06 16:03:12
242,60,17401,0,2026-07-06 16:03:12
243,62,17434,0,2026-07-06 16:03:12
244,63,989,0,2026-07-06 16:03:12
245,63,17435,0,2026-07-06 16:03:12
246,63,17436,0,2026-07-06 16:03:12
247,63,17437,0,2026-07-06 16:03:12
248,63,11718,0,2026-07-06 16:03:12
249,63,3484,0,2026-07-06 16:03:12
250,64,7663,0,2026-07-06 16:03:12
251,66,3487,0,2026-07-06 16:03:12
252,66,6043,0,2026-07-06 16:03:12
253,66,17444,0,2026-07-06 16:03:12
254,70,9414,0,2026-07-06 16:03:12
255,71,3458,0,2026-07-06 16:03:12
256,71,3465,0,2026-07-06 16:03:12
257,71,7850,0,2026-07-06 16:03:12
258,71,8807,0,2026-07-06 16:03:12
259,72,2096,0,2026-07-06 16:03:12
260,73,17449,0,2026-07-06 16:03:12
261,76,14,0,2026-07-06 16:03:12
262,76,9551,0,2026-07-06 16:03:12
263,76,9552,0,2026-07-06 16:03:12
264,76,11383,0,2026-07-06 16:03:12
265,76,14316,0,2026-07-06 16:03:12
266,77,15143,0,2026-07-06 16:03:12
267,77,2657,0,2026-07-06 16:03:12
268,77,2915,0,2026-07-06 16:03:12
269,77,7862,0,2026-07-06 16:03:12
270,79,1971,0,2026-07-06 16:03:12
271,80,17458,0,2026-07-06 16:03:12
272,81,17459,0,2026-07-06 16:03:12
273,82,17460,0,2026-07-06 16:03:12
274,83,17313,0,2026-07-06 16:03:12
275,84,2860,0,2026-07-06 16:03:12
276,84,3459,0,2026-07-06 16:03:12
277,85,275,0,2026-07-06 16:03:12
278,85,17461,0,2026-07-06 16:03:12
279,85,5246,0,2026-07-06 16:03:12
280,85,17461,0,2026-07-06 16:03:12
281,85,9748,0,2026-07-06 16:03:12
282,85,17461,0,2026-07-06 16:03:12
283,85,9736,0,2026-07-06 16:03:12
284,85,17461,0,2026-07-06 16:03:12
285,85,9740,0,2026-07-06 16:03:12
286,85,17461,0,2026-07-06 16:03:12
287,86,17228,0,2026-07-06 16:03:12
288,87,1518,0,2026-07-06 16:03:12
289,89,7850,0,2026-07-06 16:03:12
290,89,17463,0,2026-07-06 16:03:12
291,89,2860,0,2026-07-06 16:03:12
292,89,2683,0,2026-07-06 16:03:12
293,89,3296,0,2026-07-06 16:03:12
294,89,3317,0,2026-07-06 16:03:12
295,89,13339,0,2026-07-06 16:03:12
296,89,17464,0,2026-07-06 16:03:12
297,89,17465,0,2026-07-06 16:03:12
298,89,17227,0,2026-07-06 16:03:12
299,89,3100,0,2026-07-06 16:03:12
300,89,17466,0,2026-07-06 16:03:12
301,89,15644,0,2026-07-06 16:03:12
302,89,13713,0,2026-07-06 16:03:12
303,89,17467,0,2026-07-06 16:03:12
304,89,17468,0,2026-07-06 16:03:12
305,91,13387,0,2026-07-06 16:03:12
306,91,1971,0,2026-07-06 16:03:12
307,91,4570,0,2026-07-06 16:03:12
308,91,17303,0,2026-07-06 16:03:12
309,91,17469,0,2026-07-06 16:03:12
310,93,15143,0,2026-07-06 16:03:12
311,93,16919,0,2026-07-06 16:03:12
312,93,2657,0,2026-07-06 16:03:12
313,93,3453,0,2026-07-06 16:03:12
314,93,3306,0,2026-07-06 16:03:12
315,93,7862,0,2026-07-06 16:03:12
316,94,15143,0,2026-07-06 16:03:12
317,94,9470,0,2026-07-06 16:03:12
318,94,2657,0,2026-07-06 16:03:12
319,94,17461,0,2026-07-06 16:03:12
320,94,2915,0,2026-07-06 16:03:12
321,94,17461,0,2026-07-06 16:03:12
322,94,7862,0,2026-07-06 16:03:12
323,94,17461,0,2026-07-06 16:03:12
324,94,3452,0,2026-07-06 16:03:12
325,95,15143,0,2026-07-06 16:03:12
326,95,94,0,2026-07-06 16:03:12
327,95,2657,0,2026-07-06 16:03:12
328,95,17282,0,2026-07-06 16:03:12
329,95,7862,0,2026-07-06 16:03:12
330,95,3453,0,2026-07-06 16:03:12
331,96,15143,0,2026-07-06 16:03:12
332,96,2657,0,2026-07-06 16:03:12
333,96,3453,0,2026-07-06 16:03:12
334,96,2915,0,2026-07-06 16:03:12
335,96,17478,0,2026-07-06 16:03:12
336,97,17479,0,2026-07-06 16:03:12
337,97,17264,0,2026-07-06 16:03:12
338,97,17480,0,2026-07-06 16:03:12
339,97,10492,0,2026-07-06 16:03:12
340,97,6707,0,2026-07-06 16:03:12
341,97,17481,0,2026-07-06 16:03:12
342,97,17482,0,2026-07-06 16:03:12
343,97,1971,0,2026-07-06 16:03:12
344,97,17483,0,2026-07-06 16:03:12
345,97,17227,0,2026-07-06 16:03:12
346,97,8807,0,2026-07-06 16:03:12
347,97,9429,0,2026-07-06 16:03:12
348,98,2442,0,2026-07-06 16:03:12
349,98,2915,0,2026-07-06 16:03:12
350,98,3461,0,2026-07-06 16:03:12
351,99,17282,0,2026-07-06 16:03:12
352,99,8570,0,2026-07-06 16:03:12
353,103,17327,0,2026-07-06 16:03:12
354,103,10622,0,2026-07-06 16:03:12
355,103,17487,0,2026-07-06 16:03:12
356,103,17488,0,2026-07-06 16:03:12
357,103,6251,0,2026-07-06 16:03:12
358,103,17489,0,2026-07-06 16:03:12
359,103,6400,0,2026-07-06 16:03:12
360,105,5911,0,2026-07-06 16:03:12
361,105,9414,0,2026-07-06 16:03:12
362,105,11798,0,2026-07-06 16:03:12
363,106,1985,0,2026-07-06 16:03:12
364,107,17247,0,2026-07-06 16:03:12
365,108,9736,0,2026-07-06 16:03:12
366,111,2860,0,2026-07-06 16:03:12
367,111,17490,0,2026-07-06 16:03:12
368,111,17491,0,2026-07-06 16:03:12
369,111,17492,0,2026-07-06 16:03:12
370,111,7850,0,2026-07-06 16:03:12
371,111,1971,0,2026-07-06 16:03:12
372,111,17493,0,2026-07-06 16:03:12
373,112,17492,0,2026-07-06 16:03:12
374,112,1792,0,2026-07-06 16:03:12
375,113,17314,0,2026-07-06 16:03:12
376,113,2915,0,2026-07-06 16:03:12
377,113,8807,0,2026-07-06 16:03:12
378,113,13592,0,2026-07-06 16:03:12
379,113,11001,0,2026-07-06 16:03:12
380,114,1153,0,2026-07-06 16:03:12
381,114,3100,0,2026-07-06 16:03:12
382,114,12239,0,2026-07-06 16:03:12
383,114,12365,0,2026-07-06 16:03:12
384,114,17496,0,2026-07-06 16:03:12
385,116,12951,0,2026-07-06 16:03:12
386,118,98,0,2026-07-06 16:03:12
387,118,2442,0,2026-07-06 16:03:12
388,119,4074,0,2026-07-06 16:03:12
389,120,17504,0,2026-07-06 16:03:12
390,121,17506,0,2026-07-06 16:03:12
391,122,17425,0,2026-07-06 16:03:12
392,123,2915,0,2026-07-06 16:03:12
393,123,17491,0,2026-07-06 16:03:12
394,123,8807,0,2026-07-06 16:03:12
395,124,2915,0,2026-07-06 16:03:12
396,124,17491,0,2026-07-06 16:03:12
397,124,8807,0,2026-07-06 16:03:12
398,125,17310,0,2026-07-06 16:03:12
399,127,370,0,2026-07-06 16:03:12
400,127,1971,0,2026-07-06 16:03:12
401,127,11001,0,2026-07-06 16:03:12
402,127,12234,0,2026-07-06 16:03:12
403,127,12239,0,2026-07-06 16:03:12
404,127,17461,0,2026-07-06 16:03:12
405,128,17508,0,2026-07-06 16:03:12
406,128,17509,0,2026-07-06 16:03:12
407,128,2860,0,2026-07-06 16:03:12
408,128,7637,0,2026-07-06 16:03:12
409,128,8807,0,2026-07-06 16:03:12
410,128,17510,0,2026-07-06 16:03:12
411,128,13387,0,2026-07-06 16:03:12
412,129,17508,0,2026-07-06 16:03:12
413,129,17509,0,2026-07-06 16:03:12
414,129,2860,0,2026-07-06 16:03:12
415,129,7637,0,2026-07-06 16:03:12
416,129,8807,0,2026-07-06 16:03:12
417,129,17510,0,2026-07-06 16:03:12
418,129,13387,0,2026-07-06 16:03:12
419,130,17511,0,2026-07-06 16:03:12
420,130,17512,0,2026-07-06 16:03:12
421,131,3058,0,2026-07-06 16:03:12
422,131,17509,0,2026-07-06 16:03:12
423,132,3058,0,2026-07-06 16:03:12
424,132,2860,0,2026-07-06 16:03:12
425,135,15030,0,2026-07-06 16:03:12
426,136,2965,0,2026-07-06 16:03:12
427,136,14254,0,2026-07-06 16:03:12
428,136,7235,0,2026-07-06 16:03:12
429,136,7,0,2026-07-06 16:03:12
430,137,17420,0,2026-07-06 16:03:12
431,139,12500,0,2026-07-06 16:03:12
432,140,12500,0,2026-07-06 16:03:12
433,141,11,0,2026-07-06 16:03:12
434,141,13,0,2026-07-06 16:03:12
435,141,14,0,2026-07-06 16:03:12
436,146,17247,0,2026-07-06 16:03:12
437,147,17447,0,2026-07-06 16:03:12
438,147,17297,0,2026-07-06 16:03:12
439,147,16261,0,2026-07-06 16:03:12
440,148,2860,0,2026-07-06 16:03:12
441,148,1971,0,2026-07-06 16:03:12
442,148,14109,0,2026-07-06 16:03:12
443,148,13387,0,2026-07-06 16:03:12
444,149,11017,0,2026-07-06 16:03:12
445,149,13756,0,2026-07-06 16:03:12
446,149,14238,0,2026-07-06 16:03:12
447,149,17340,0,2026-07-06 16:03:12
448,149,17376,0,2026-07-06 16:03:12
449,150,17291,0,2026-07-06 16:03:12
450,150,17517,0,2026-07-06 16:03:12
451,150,7269,0,2026-07-06 16:03:12
452,150,3381,0,2026-07-06 16:03:12
453,150,8196,0,2026-07-06 16:03:12
454,151,2096,0,2026-07-06 16:03:12
455,151,17458,0,2026-07-06 16:03:12
456,151,4900,0,2026-07-06 16:03:12
457,152,2915,0,2026-07-06 16:03:12
458,152,17461,0,2026-07-06 16:03:12
459,153,12789,0,2026-07-06 16:03:12
460,153,2915,0,2026-07-06 16:03:12
461,153,17461,0,2026-07-06 16:03:12
462,154,17448,0,2026-07-06 16:03:12
463,156,12304,0,2026-07-06 16:03:12
464,156,17530,0,2026-07-06 16:03:12
465,160,9736,0,2026-07-06 16:03:12
466,160,10907,0,2026-07-06 16:03:12
467,160,7856,0,2026-07-06 16:03:12
468,161,11551,0,2026-07-06 16:03:12
469,161,11712,0,2026-07-06 16:03:12
470,161,17314,0,2026-07-06 16:03:12
471,161,17535,0,2026-07-06 16:03:12
472,161,17536,0,2026-07-06 16:03:12
473,161,17537,0,2026-07-06 16:03:12
474,163,5684,0,2026-07-06 16:03:12
475,168,17403,0,2026-07-06 16:03:12
476,169,13591,0,2026-07-06 16:03:12
477,170,17549,0,2026-07-06 16:03:12
478,171,15030,0,2026-07-06 16:03:12
479,171,17420,0,2026-07-06 16:03:12
480,171,2200,0,2026-07-06 16:03:12
481,171,117,0,2026-07-06 16:03:12
482,171,17550,0,2026-07-06 16:03:12
483,174,17553,0,2026-07-06 16:03:12
484,174,17554,0,2026-07-06 16:03:12
485,174,17555,0,2026-07-06 16:03:12
486,174,17556,0,2026-07-06 16:03:12
487,174,17557,0,2026-07-06 16:03:12
488,175,17558,0,2026-07-06 16:03:12
489,175,9023,0,2026-07-06 16:03:12
490,176,13132,0,2026-07-06 16:03:12
491,176,17559,0,2026-07-06 16:03:12
492,176,15030,0,2026-07-06 16:03:12
493,176,122,0,2026-07-06 16:03:12
494,176,17560,0,2026-07-06 16:03:12
495,176,17561,0,2026-07-06 16:03:12
496,177,14,0,2026-07-06 16:03:12
497,178,2915,0,2026-07-06 16:03:12
498,178,7061,0,2026-07-06 16:03:12
499,179,17404,0,2026-07-06 16:03:12
500,179,11845,0,2026-07-06 16:03:12
501,179,17562,0,2026-07-06 16:03:12
502,180,11334,0,2026-07-06 16:03:12
503,180,5625,0,2026-07-06 16:03:12
504,180,17310,0,2026-07-06 16:03:12
505,180,12239,0,2026-07-06 16:03:12
506,181,17594,0,2026-07-06 16:03:12
507,182,17596,0,2026-07-06 16:03:12
508,182,17575,0,2026-07-06 16:03:12
509,182,17597,0,2026-07-06 16:03:12
510,182,17598,0,2026-07-06 16:03:12
511,183,1933,0,2026-07-06 16:03:12
512,183,17492,0,2026-07-06 16:03:12
513,183,2860,0,2026-07-06 16:03:12
514,183,17598,0,2026-07-06 16:03:12
515,183,7637,0,2026-07-06 16:03:12
516,184,4649,0,2026-07-06 16:03:12
517,184,9327,0,2026-07-06 16:03:12
518,184,17250,0,2026-07-06 16:03:12
519,186,4272,0,2026-07-06 16:03:12
520,186,5622,0,2026-07-06 16:03:12
521,186,16859,0,2026-07-06 16:03:12
522,187,16859,0,2026-07-06 16:03:12
523,187,4272,0,2026-07-06 16:03:12
524,187,5622,0,2026-07-06 16:03:12
525,188,17546,0,2026-07-06 16:03:12
526,188,1933,0,2026-07-06 16:03:12
527,189,17622,0,2026-07-06 16:03:12
528,190,17663,0,2026-07-06 16:03:12
529,190,17664,0,2026-07-06 16:03:12
530,190,17665,0,2026-07-06 16:03:12
531,190,17666,0,2026-07-06 16:03:12
532,190,17667,0,2026-07-06 16:03:12
533,190,17668,0,2026-07-06 16:03:12
534,190,17669,0,2026-07-06 16:03:12
535,190,17670,0,2026-07-06 16:03:12
536,190,17671,0,2026-07-06 16:03:12
537,190,17672,0,2026-07-06 16:03:12
538,191,2915,0,2026-07-06 16:03:12
539,191,5911,0,2026-07-06 16:03:12
540,193,17575,0,2026-07-06 16:03:12
541,193,17610,0,2026-07-06 16:03:12
542,193,17607,0,2026-07-06 16:03:12
543,193,17611,0,2026-07-06 16:03:12
544,193,17604,0,2026-07-06 16:03:12
545,194,17575,0,2026-07-06 16:03:12
546,194,17461,0,2026-07-06 16:03:12
547,194,2915,0,2026-07-06 16:03:12
548,198,17508,0,2026-07-06 16:03:12
549,198,17598,0,2026-07-06 16:03:12
550,198,17509,0,2026-07-06 16:03:12
551,199,17557,0,2026-07-06 16:03:12
552,200,15157,0,2026-07-06 16:03:12
553,200,17650,0,2026-07-06 16:03:12
554,200,17651,0,2026-07-06 16:03:12
555,200,17652,0,2026-07-06 16:03:12
556,201,17575,0,2026-07-06 16:03:12
557,202,17653,0,2026-07-06 16:03:12
558,203,2630,0,2026-07-06 16:03:12
559,203,12375,0,2026-07-06 16:03:12
560,204,17604,0,2026-07-06 16:03:12
561,204,17611,0,2026-07-06 16:03:12
562,204,17575,0,2026-07-06 16:03:12
563,205,16644,0,2026-07-06 16:03:12
564,207,17662,0,2026-07-06 16:03:12
565,208,17657,0,2026-07-06 16:03:12
566,208,17658,0,2026-07-06 16:03:12
567,208,17659,0,2026-07-06 16:03:12
568,208,17660,0,2026-07-06 16:03:12
569,209,17673,0,2026-07-06 16:03:12
570,209,17674,0,2026-07-06 16:03:12
571,209,17675,0,2026-07-06 16:03:12
572,209,17676,0,2026-07-06 16:03:12
573,209,17677,0,2026-07-06 16:03:12
574,209,17678,0,2026-07-06 16:03:12
575,209,17679,0,2026-07-06 16:03:12
576,209,17680,0,2026-07-06 16:03:12
577,209,17681,0,2026-07-06 16:03:12
578,209,17682,0,2026-07-06 16:03:12
579,209,17683,0,2026-07-06 16:03:12
580,209,17684,0,2026-07-06 16:03:12
581,210,17685,0,2026-07-06 16:03:12
582,211,17686,0,2026-07-06 16:03:12
583,212,17687,0,2026-07-06 16:03:12
584,213,17688,0,2026-07-06 16:03:12
585,213,17689,0,2026-07-06 16:03:12
586,213,17690,0,2026-07-06 16:03:12
587,213,17691,0,2026-07-06 16:03:12
588,214,17695,0,2026-07-06 16:03:12
589,214,17575,0,2026-07-06 16:03:12
590,214,3744,0,2026-07-06 16:03:12
591,214,17366,0,2026-07-06 16:03:12
592,216,3032,0,2026-07-06 16:03:12
593,217,3032,0,2026-07-06 16:03:12
594,218,17699,0,2026-07-06 16:03:12
595,220,1695,0,2026-07-06 16:03:12
596,221,17700,0,2026-07-06 16:03:12
597,221,16190,0,2026-07-06 16:03:12
598,221,17701,0,2026-07-06 16:03:12
599,222,7872,0,2026-07-06 16:03:12
600,222,17707,0,2026-07-06 16:03:12
601,222,14643,0,2026-07-06 16:03:12
602,222,17708,0,2026-07-06 16:03:12
603,223,7872,0,2026-07-06 16:03:12
604,223,17707,0,2026-07-06 16:03:12
605,223,11209,0,2026-07-06 16:03:12
606,223,11385,0,2026-07-06 16:03:12
607,223,14643,0,2026-07-06 16:03:12
608,224,17686,0,2026-07-06 16:03:12
609,225,11208,0,2026-07-06 16:03:12
610,225,14643,0,2026-07-06 16:03:12
611,226,17515,0,2026-07-06 16:03:12
612,226,17713,0,2026-07-06 16:03:12
613,226,7002,0,2026-07-06 16:03:12
614,226,17485,0,2026-07-06 16:03:12
615,226,17714,0,2026-07-06 16:03:12
616,226,3091,0,2026-07-06 16:03:12
617,226,17715,0,2026-07-06 16:03:12
618,227,17720,0,2026-07-06 16:03:12
619,227,17721,0,2026-07-06 16:03:12
620,227,17722,0,2026-07-06 16:03:12
621,227,17723,0,2026-07-06 16:03:12
622,227,17724,0,2026-07-06 16:03:12
623,227,17725,0,2026-07-06 16:03:12
624,228,3486,0,2026-07-06 16:03:12
625,229,2664,0,2026-07-06 16:03:12
626,230,17728,0,2026-07-06 16:03:12
627,230,11208,0,2026-07-06 16:03:12
628,230,11209,0,2026-07-06 16:03:12
629,230,14643,0,2026-07-06 16:03:12
630,231,17227,0,2026-07-06 16:03:12
631,231,17263,0,2026-07-06 16:03:12
632,231,17492,0,2026-07-06 16:03:12
633,231,17729,0,2026-07-06 16:03:12
634,232,17227,0,2026-07-06 16:03:12
635,233,17728,0,2026-07-06 16:03:12
636,233,11209,0,2026-07-06 16:03:12
637,233,17707,0,2026-07-06 16:03:12
638,233,14643,0,2026-07-06 16:03:12
639,234,7872,0,2026-07-06 16:03:12
640,234,11208,0,2026-07-06 16:03:12
641,234,11209,0,2026-07-06 16:03:12
642,234,14643,0,2026-07-06 16:03:12
643,235,17738,0,2026-07-06 16:03:12
644,235,17739,0,2026-07-06 16:03:12
645,237,17449,0,2026-07-06 16:03:12
646,240,17575,0,2026-07-06 16:03:12
647,240,11041,0,2026-07-06 16:03:12
648,246,12831,0,2026-07-06 16:03:12
649,247,17653,0,2026-07-06 16:03:12
650,248,332,0,2026-07-06 16:03:12
651,248,849,0,2026-07-06 16:03:12
652,248,11028,0,2026-07-06 16:03:12
653,248,398,0,2026-07-06 16:03:12
654,249,898,0,2026-07-06 16:03:12
655,249,2890,0,2026-07-06 16:03:12
656,249,2662,0,2026-07-06 16:03:12
657,249,2664,0,2026-07-06 16:03:12
658,250,13562,0,2026-07-06 16:03:12
659,250,3671,0,2026-07-06 16:03:12
660,251,17509,0,2026-07-06 16:03:12
661,252,3983,0,2026-07-06 16:03:12
662,255,12586,0,2026-07-06 16:03:12
663,257,17607,0,2026-07-06 16:03:12
664,257,17555,0,2026-07-06 16:03:12
665,257,17652,0,2026-07-06 16:03:12
666,258,17652,0,2026-07-06 16:03:12
667,258,17557,0,2026-07-06 16:03:12
668,258,17575,0,2026-07-06 16:03:12
669,260,17767,0,2026-07-06 16:03:12
670,260,17768,0,2026-07-06 16:03:12
671,260,17769,0,2026-07-06 16:03:12
672,260,17770,0,2026-07-06 16:03:12
673,260,17771,0,2026-07-06 16:03:12
674,260,17772,0,2026-07-06 16:03:12
675,261,17777,0,2026-07-06 16:03:12
676,261,17344,0,2026-07-06 16:03:12
677,261,17378,0,2026-07-06 16:03:12
678,262,12576,0,2026-07-06 16:03:12
679,262,17751,0,2026-07-06 16:03:12
680,262,17778,0,2026-07-06 16:03:12
681,262,8191,0,2026-07-06 16:03:12
682,262,17779,0,2026-07-06 16:03:12
683,262,17780,0,2026-07-06 16:03:12
684,262,17670,0,2026-07-06 16:03:12
685,263,7774,0,2026-07-06 16:03:12
686,264,17297,0,2026-07-06 16:03:12
687,264,17372,0,2026-07-06 16:03:12
688,264,6528,0,2026-07-06 16:03:12
689,264,17404,0,2026-07-06 16:03:12
690,264,17338,0,2026-07-06 16:03:12
691,264,17786,0,2026-07-06 16:03:12
692,264,17310,0,2026-07-06 16:03:12
693,266,12589,0,2026-07-06 16:03:12
694,266,12590,0,2026-07-06 16:03:12
695,268,7637,0,2026-07-06 16:03:12
696,268,17282,0,2026-07-06 16:03:12
697,268,2860,0,2026-07-06 16:03:12
698,268,13756,0,2026-07-06 16:03:12
699,268,3983,0,2026-07-06 16:03:12
700,268,10422,0,2026-07-06 16:03:12
701,269,1792,0,2026-07-06 16:03:12
702,269,4900,0,2026-07-06 16:03:12
703,269,1311,0,2026-07-06 16:03:12
704,269,17814,0,2026-07-06 16:03:12
705,269,17575,0,2026-07-06 16:03:12
706,270,17815,0,2026-07-06 16:03:12
707,270,17575,0,2026-07-06 16:03:12
708,270,17310,0,2026-07-06 16:03:12
709,270,17816,0,2026-07-06 16:03:12
710,270,17817,0,2026-07-06 16:03:12
711,270,17818,0,2026-07-06 16:03:12
712,270,17819,0,2026-07-06 16:03:12
713,270,17820,0,2026-07-06 16:03:12
714,270,17821,0,2026-07-06 16:03:12
715,270,17822,0,2026-07-06 16:03:12
716,270,17823,0,2026-07-06 16:03:12
717,270,17824,0,2026-07-06 16:03:12
718,270,17825,0,2026-07-06 16:03:12
719,270,17826,0,2026-07-06 16:03:12
720,271,17310,0,2026-07-06 16:03:12
721,271,17575,0,2026-07-06 16:03:12
722,272,17263,0,2026-07-06 16:03:12
723,272,7352,0,2026-07-06 16:03:12
724,272,5927,0,2026-07-06 16:03:12
725,273,5927,0,2026-07-06 16:03:12
726,273,17263,0,2026-07-06 16:03:12
727,273,7352,0,2026-07-06 16:03:12
728,275,17829,0,2026-07-06 16:03:12
729,275,17830,0,2026-07-06 16:03:12
730,275,17831,0,2026-07-06 16:03:12
731,275,17832,0,2026-07-06 16:03:12
732,275,17833,0,2026-07-06 16:03:12
733,275,17834,0,2026-07-06 16:03:12
734,275,17837,0,2026-07-06 16:03:12
735,275,17838,0,2026-07-06 16:03:12
736,275,17839,0,2026-07-06 16:03:12
737,275,17840,0,2026-07-06 16:03:12
738,276,9469,0,2026-07-06 16:03:12
739,276,4904,0,2026-07-06 16:03:12
740,276,9736,0,2026-07-06 16:03:12
741,277,17575,0,2026-07-06 16:03:12
742,278,17684,0,2026-07-06 16:03:12
743,278,17672,0,2026-07-06 16:03:12
744,279,17557,0,2026-07-06 16:03:12
745,279,17775,0,2026-07-06 16:03:12
746,279,17652,0,2026-07-06 16:03:12
747,279,17555,0,2026-07-06 16:03:12
748,280,17555,0,2026-07-06 16:03:12
749,280,17575,0,2026-07-06 16:03:12
750,281,17842,0,2026-07-06 16:03:12
751,281,17843,0,2026-07-06 16:03:12
752,282,17672,0,2026-07-06 16:03:12
753,282,3983,0,2026-07-06 16:03:12
754,282,2915,0,2026-07-06 16:03:12
755,282,6793,0,2026-07-06 16:03:12
756,282,672,0,2026-07-06 16:03:12
757,284,7815,0,2026-07-06 16:03:12
758,284,17652,0,2026-07-06 16:03:12
759,285,17844,0,2026-07-06 16:03:12
760,285,17845,0,2026-07-06 16:03:12
761,285,17846,0,2026-07-06 16:03:12
762,286,17850,0,2026-07-06 16:03:12
763,288,17851,0,2026-07-06 16:03:12
764,289,17852,0,2026-07-06 16:03:12
765,289,17853,0,2026-07-06 16:03:12
766,289,17854,0,2026-07-06 16:03:12
767,289,17855,0,2026-07-06 16:03:12
768,290,17596,0,2026-07-06 16:03:12
769,290,17856,0,2026-07-06 16:03:12
770,290,8807,0,2026-07-06 16:03:12
771,290,2860,0,2026-07-06 16:03:12
772,290,17857,0,2026-07-06 16:03:12
773,291,17858,0,2026-07-06 16:03:12
774,291,17227,0,2026-07-06 16:03:12
775,291,17859,0,2026-07-06 16:03:12
776,292,7324,0,2026-07-06 16:03:12
777,293,17861,0,2026-07-06 16:03:12
778,293,94,0,2026-07-06 16:03:12
779,293,2442,0,2026-07-06 16:03:12
780,294,17862,0,2026-07-06 16:03:12
781,294,17863,0,2026-07-06 16:03:12
782,294,17864,0,2026-07-06 16:03:12
783,294,17865,0,2026-07-06 16:03:12
784,294,17866,0,2026-07-06 16:03:12
785,294,17867,0,2026-07-06 16:03:12
786,294,17868,0,2026-07-06 16:03:12
787,294,17869,0,2026-07-06 16:03:12
788,295,17841,0,2026-07-06 16:03:12
789,295,17652,0,2026-07-06 16:03:12
790,295,17693,0,2026-07-06 16:03:12
791,296,3647,0,2026-07-06 16:03:12
792,296,5157,0,2026-07-06 16:03:12
793,296,12576,0,2026-07-06 16:03:12
794,296,14196,0,2026-07-06 16:03:12
795,296,17565,0,2026-07-06 16:03:12
796,297,17876,0,2026-07-06 16:03:12
797,297,94,0,2026-07-06 16:03:12
798,298,17555,0,2026-07-06 16:03:12
799,298,17575,0,2026-07-06 16:03:12
800,298,17684,0,2026-07-06 16:03:12
801,298,17841,0,2026-07-06 16:03:12
802,299,1164,0,2026-07-06 16:03:12
803,299,13387,0,2026-07-06 16:03:12
804,299,2915,0,2026-07-06 16:03:12
805,299,17859,0,2026-07-06 16:03:12
806,300,117,0,2026-07-06 16:03:12
807,300,5667,0,2026-07-06 16:03:12
808,300,6695,0,2026-07-06 16:03:12
809,300,15137,0,2026-07-06 16:03:12
810,300,17855,0,2026-07-06 16:03:12
811,300,17877,0,2026-07-06 16:03:12
812,301,2918,0,2026-07-06 16:03:12
813,301,2919,0,2026-07-06 16:03:12
814,301,9638,0,2026-07-06 16:03:12
815,301,17444,0,2026-07-06 16:03:12
816,301,17883,0,2026-07-06 16:03:12
817,301,17884,0,2026-07-06 16:03:12
818,302,17885,0,2026-07-06 16:03:12
819,303,17886,0,2026-07-06 16:03:12
820,303,17887,0,2026-07-06 16:03:12
821,303,17888,0,2026-07-06 16:03:12
822,303,17889,0,2026-07-06 16:03:12
823,303,17890,0,2026-07-06 16:03:12
824,303,17891,0,2026-07-06 16:03:12
825,303,17892,0,2026-07-06 16:03:12
826,303,17893,0,2026-07-06 16:03:12
827,303,17894,0,2026-07-06 16:03:12
828,303,17895,0,2026-07-06 16:03:12
829,303,17896,0,2026-07-06 16:03:12
830,303,17897,0,2026-07-06 16:03:12
831,303,15429,0,2026-07-06 16:03:12
832,304,17898,0,2026-07-06 16:03:12
833,304,17859,0,2026-07-06 16:03:12
834,304,17899,0,2026-07-06 16:03:12
835,305,17777,0,2026-07-06 16:03:12
836,305,17900,0,2026-07-06 16:03:12
837,305,17901,0,2026-07-06 16:03:12
838,305,17902,0,2026-07-06 16:03:12
839,305,17903,0,2026-07-06 16:03:12
840,306,17777,0,2026-07-06 16:03:12
841,306,17904,0,2026-07-06 16:03:12
842,306,17905,0,2026-07-06 16:03:12
843,306,4706,0,2026-07-06 16:03:12
844,306,17906,0,2026-07-06 16:03:12
845,306,17907,0,2026-07-06 16:03:12
846,307,17687,0,2026-07-06 16:03:12
847,307,7862,0,2026-07-06 16:03:12
848,308,4706,0,2026-07-06 16:03:12
849,308,17344,0,2026-07-06 16:03:12
850,309,10910,0,2026-07-06 16:03:12
851,309,17910,0,2026-07-06 16:03:12
852,309,17911,0,2026-07-06 16:03:12
853,309,17912,0,2026-07-06 16:03:12
854,309,17913,0,2026-07-06 16:03:12
855,309,17914,0,2026-07-06 16:03:12
856,309,17915,0,2026-07-06 16:03:12
857,309,17463,0,2026-07-06 16:03:12
858,309,15152,0,2026-07-06 16:03:12
859,309,17916,0,2026-07-06 16:03:12
860,309,17378,0,2026-07-06 16:03:12
861,309,17917,0,2026-07-06 16:03:12
862,309,12284,0,2026-07-06 16:03:12
863,309,17918,0,2026-07-06 16:03:12
864,310,17921,0,2026-07-06 16:03:12
865,310,17227,0,2026-07-06 16:03:12
866,310,17922,0,2026-07-06 16:03:12
867,310,2860,0,2026-07-06 16:03:12
868,310,17923,0,2026-07-06 16:03:12
869,310,17924,0,2026-07-06 16:03:12
870,311,17404,0,2026-07-06 16:03:12
871,311,17251,0,2026-07-06 16:03:12
872,314,13756,0,2026-07-06 16:03:12
873,314,8488,0,2026-07-06 16:03:12
874,314,8985,0,2026-07-06 16:03:12
875,314,17293,0,2026-07-06 16:03:12
876,314,6531,0,2026-07-06 16:03:12
877,314,14235,0,2026-07-06 16:03:12
878,315,17227,0,2026-07-06 16:03:12
879,315,17263,0,2026-07-06 16:03:12
880,315,17492,0,2026-07-06 16:03:12
881,316,17227,0,2026-07-06 16:03:12
882,316,17263,0,2026-07-06 16:03:12
883,316,17492,0,2026-07-06 16:03:12
884,316,17729,0,2026-07-06 16:03:12
885,317,17937,0,2026-07-06 16:03:12
886,317,17942,0,2026-07-06 16:03:12
887,317,17939,0,2026-07-06 16:03:12
888,317,17943,0,2026-07-06 16:03:12
889,318,17937,0,2026-07-06 16:03:12
890,318,17939,0,2026-07-06 16:03:12
891,318,17942,0,2026-07-06 16:03:12
892,318,17943,0,2026-07-06 16:03:12
893,319,17672,0,2026-07-06 16:03:12
894,321,17227,0,2026-07-06 16:03:12
895,321,17263,0,2026-07-06 16:03:12
896,321,17492,0,2026-07-06 16:03:12
897,322,17227,0,2026-07-06 16:03:12
898,322,17263,0,2026-07-06 16:03:12
899,322,17492,0,2026-07-06 16:03:12
900,324,2096,0,2026-07-06 16:03:12
901,324,1792,0,2026-07-06 16:03:12
902,325,4041,0,2026-07-06 16:03:12
903,326,4041,0,2026-07-06 16:03:12
904,327,4041,0,2026-07-06 16:03:12
905,328,4041,0,2026-07-06 16:03:12
906,329,4041,0,2026-07-06 16:03:12
907,330,15429,0,2026-07-06 16:03:12
908,330,12867,0,2026-07-06 16:03:12
909,330,17945,0,2026-07-06 16:03:12
910,330,17946,0,2026-07-06 16:03:12
911,330,17947,0,2026-07-06 16:03:12
912,331,12867,0,2026-07-06 16:03:12
913,331,15429,0,2026-07-06 16:03:12
914,331,17945,0,2026-07-06 16:03:12
915,331,17946,0,2026-07-06 16:03:12
916,331,17947,0,2026-07-06 16:03:12
917,332,17575,0,2026-07-06 16:03:12
918,332,1445,0,2026-07-06 16:03:12
919,332,12531,0,2026-07-06 16:03:12
920,333,5759,0,2026-07-06 16:03:12
921,335,17859,0,2026-07-06 16:03:12
922,335,3833,0,2026-07-06 16:03:12
923,335,2915,0,2026-07-06 16:03:12
924,335,10422,0,2026-07-06 16:03:12
925,336,17950,0,2026-07-06 16:03:12
926,336,17951,0,2026-07-06 16:03:12
927,336,3293,0,2026-07-06 16:03:12
928,336,2860,0,2026-07-06 16:03:12
929,336,13393,0,2026-07-06 16:03:12
930,336,4900,0,2026-07-06 16:03:12
931,336,17952,0,2026-07-06 16:03:12
932,336,8807,0,2026-07-06 16:03:12
933,336,9435,0,2026-07-06 16:03:12
934,336,9736,0,2026-07-06 16:03:12
935,336,17832,0,2026-07-06 16:03:12
936,336,7080,0,2026-07-06 16:03:12
937,337,10774,0,2026-07-06 16:03:12
938,337,17954,0,2026-07-06 16:03:12
939,338,17227,0,2026-07-06 16:03:12
940,338,17263,0,2026-07-06 16:03:12
941,338,17492,0,2026-07-06 16:03:12
942,339,17227,0,2026-07-06 16:03:12
943,339,17492,0,2026-07-06 16:03:12
944,339,17263,0,2026-07-06 16:03:12
945,340,3029,0,2026-07-06 16:03:12
946,340,3983,0,2026-07-06 16:03:12
947,341,2915,0,2026-07-06 16:03:12
948,342,16169,0,2026-07-06 16:03:12
949,342,3059,0,2026-07-06 16:03:12
950,343,17786,0,2026-07-06 16:03:12
951,343,602,0,2026-07-06 16:03:12
952,343,3983,0,2026-07-06 16:03:12
953,343,17964,0,2026-07-06 16:03:12
954,343,329,0,2026-07-06 16:03:12
955,343,3250,0,2026-07-06 16:03:12
956,343,15165,0,2026-07-06 16:03:12
957,343,17404,0,2026-07-06 16:03:12
958,343,17243,0,2026-07-06 16:03:12
959,343,17338,0,2026-07-06 16:03:12
960,344,9414,0,2026-07-06 16:03:12
961,344,17342,0,2026-07-06 16:03:12
962,344,17967,0,2026-07-06 16:03:12
963,344,17968,0,2026-07-06 16:03:12
964,344,5430,0,2026-07-06 16:03:12
965,344,17969,0,2026-07-06 16:03:12
966,345,17560,0,2026-07-06 16:03:12
967,345,120,0,2026-07-06 16:03:12
968,345,6695,0,2026-07-06 16:03:12
969,345,1311,0,2026-07-06 16:03:12
970,345,1316,0,2026-07-06 16:03:12
971,345,15098,0,2026-07-06 16:03:12
972,346,17228,0,2026-07-06 16:03:12
973,346,3046,0,2026-07-06 16:03:12
974,346,17553,0,2026-07-06 16:03:12
975,346,17972,0,2026-07-06 16:03:12
976,346,17973,0,2026-07-06 16:03:12
977,348,7637,0,2026-07-06 16:03:12
978,348,17227,0,2026-07-06 16:03:12
979,348,17974,0,2026-07-06 16:03:12
980,348,3479,0,2026-07-06 16:03:12
981,348,2677,0,2026-07-06 16:03:12
982,348,17613,0,2026-07-06 16:03:12
983,348,5084,0,2026-07-06 16:03:12
984,348,17975,0,2026-07-06 16:03:12
985,348,17598,0,2026-07-06 16:03:12
986,348,2860,0,2026-07-06 16:03:12
987,349,17227,0,2026-07-06 16:03:12
988,349,17492,0,2026-07-06 16:03:12
989,349,17263,0,2026-07-06 16:03:12
990,350,17227,0,2026-07-06 16:03:12
991,350,17263,0,2026-07-06 16:03:12
992,350,17492,0,2026-07-06 16:03:12
993,351,8191,0,2026-07-06 16:03:12
994,351,17781,0,2026-07-06 16:03:12
995,352,8191,0,2026-07-06 16:03:12
996,352,17781,0,2026-07-06 16:03:12
997,355,3635,0,2026-07-06 16:03:12
998,355,17453,0,2026-07-06 16:03:12
999,355,4518,0,2026-07-06 16:03:12
1000,355,6436,0,2026-07-06 16:03:12
1001,355,5246,0,2026-07-06 16:03:12
1002,356,17841,0,2026-07-06 16:03:12
1003,357,17937,0,2026-07-06 16:03:12
1004,357,17939,0,2026-07-06 16:03:12
1005,357,17942,0,2026-07-06 16:03:12
1006,357,17999,0,2026-07-06 16:03:12
1007,358,17901,0,2026-07-06 16:03:12
1008,358,17575,0,2026-07-06 16:03:12
1009,359,17575,0,2026-07-06 16:03:12
1010,359,17906,0,2026-07-06 16:03:12
1011,360,121,0,2026-07-06 16:03:12
1012,361,11208,0,2026-07-06 16:03:12
1013,361,17707,0,2026-07-06 16:03:12
1014,362,1792,0,2026-07-06 16:03:12
1015,365,10886,0,2026-07-06 16:03:12
1016,365,18017,0,2026-07-06 16:03:12
1017,365,18018,0,2026-07-06 16:03:12
1018,367,769,0,2026-07-06 16:03:12
1019,367,10787,0,2026-07-06 16:03:12
1020,367,10788,0,2026-07-06 16:03:12
1021,370,18025,0,2026-07-06 16:03:12
1022,371,6615,0,2026-07-06 16:03:12
1023,371,17404,0,2026-07-06 16:03:12
1024,372,3983,0,2026-07-06 16:03:12
1025,373,2860,0,2026-07-06 16:03:12
1026,373,17227,0,2026-07-06 16:03:12
1027,373,17922,0,2026-07-06 16:03:12
1028,374,6826,0,2026-07-06 16:03:12
1029,374,769,0,2026-07-06 16:03:12
1030,374,1521,0,2026-07-06 16:03:12
1031,374,8164,0,2026-07-06 16:03:12
1032,374,17136,0,2026-07-06 16:03:12
1033,374,5751,0,2026-07-06 16:03:12
1034,374,5753,0,2026-07-06 16:03:12
1035,374,5757,0,2026-07-06 16:03:12
1036,375,17285,0,2026-07-06 16:03:12
1037,375,18028,0,2026-07-06 16:03:12
1038,375,18029,0,2026-07-06 16:03:12
1039,375,6695,0,2026-07-06 16:03:12
1040,376,17841,0,2026-07-06 16:03:12
1041,376,17686,0,2026-07-06 16:03:12
1042,376,17684,0,2026-07-06 16:03:12
1043,377,17227,0,2026-07-06 16:03:12
1044,377,17263,0,2026-07-06 16:03:12
1045,377,17492,0,2026-07-06 16:03:12
1046,377,18030,0,2026-07-06 16:03:12
1047,378,17557,0,2026-07-06 16:03:12
1048,378,17841,0,2026-07-06 16:03:12
1049,378,17686,0,2026-07-06 16:03:12
1050,379,3635,0,2026-07-06 16:03:12
1051,379,10788,0,2026-07-06 16:03:12
1052,379,18036,0,2026-07-06 16:03:12
1053,380,17557,0,2026-07-06 16:03:12
1054,380,17841,0,2026-07-06 16:03:12
1055,380,17686,0,2026-07-06 16:03:12
1056,381,17652,0,2026-07-06 16:03:12
1057,381,17686,0,2026-07-06 16:03:12
1058,381,17841,0,2026-07-06 16:03:12
1059,382,4042,0,2026-07-06 16:03:12
1060,383,17555,0,2026-07-06 16:03:12
1061,384,3458,0,2026-07-06 16:03:12
1062,384,4041,0,2026-07-06 16:03:12
1063,384,5439,0,2026-07-06 16:03:12
1064,384,10512,0,2026-07-06 16:03:12
1065,384,12943,0,2026-07-06 16:03:12
1066,384,17229,0,2026-07-06 16:03:12
1067,384,17922,0,2026-07-06 16:03:12
1068,384,18053,0,2026-07-06 16:03:12
1069,385,17575,0,2026-07-06 16:03:12
1070,385,17841,0,2026-07-06 16:03:12
1071,385,17686,0,2026-07-06 16:03:12
1072,386,3484,0,2026-07-06 16:03:12
1073,386,15152,0,2026-07-06 16:03:12
1074,386,15429,0,2026-07-06 16:03:12
1075,386,17378,0,2026-07-06 16:03:12
1076,386,17777,0,2026-07-06 16:03:12
1077,386,17912,0,2026-07-06 16:03:12
1078,386,18066,0,2026-07-06 16:03:12
1079,386,18067,0,2026-07-06 16:03:12
1080,386,18068,0,2026-07-06 16:03:12
1081,386,18069,0,2026-07-06 16:03:12
1082,386,18070,0,2026-07-06 16:03:12
1083,386,18071,0,2026-07-06 16:03:12
1084,386,18072,0,2026-07-06 16:03:12
1085,386,18073,0,2026-07-06 16:03:12
1086,386,17652,0,2026-07-06 16:03:12
1087,387,17458,0,2026-07-06 16:03:12
1088,387,17509,0,2026-07-06 16:03:12
1089,387,18078,0,2026-07-06 16:03:12
1090,387,18079,0,2026-07-06 16:03:12
1091,388,121,0,2026-07-06 16:03:12
1092,389,17557,0,2026-07-06 16:03:12
1093,390,8191,0,2026-07-06 16:03:12
1094,391,17814,0,2026-07-06 16:03:12
1095,392,2915,0,2026-07-06 16:03:12
1096,393,17686,0,2026-07-06 16:03:12
1097,393,17841,0,2026-07-06 16:03:12
1098,393,17884,0,2026-07-06 16:03:12
1099,394,17575,0,2026-07-06 16:03:12
1100,408,18098,0,2026-07-06 16:03:12
1101,408,17422,0,2026-07-06 16:03:12
1102,408,18099,0,2026-07-06 16:03:12
1103,408,18100,0,2026-07-06 16:03:12
1104,409,11953,0,2026-07-06 16:03:12
1105,409,6224,0,2026-07-06 16:03:12
1106,410,15412,0,2026-07-06 16:03:12
1107,410,18101,0,2026-07-06 16:03:12
1108,410,892,0,2026-07-06 16:03:12
1109,411,1153,0,2026-07-06 16:03:12
1110,411,7815,0,2026-07-06 16:03:12
1111,411,14050,0,2026-07-06 16:03:12
1112,411,18037,0,2026-07-06 16:03:12
1113,412,1153,0,2026-07-06 16:03:12
1114,412,14050,0,2026-07-06 16:03:12
1115,412,18037,0,2026-07-06 16:03:12
1116,412,18103,0,2026-07-06 16:03:12
1117,413,3058,0,2026-07-06 16:03:12
1118,413,8807,0,2026-07-06 16:03:12
1119,413,10422,0,2026-07-06 16:03:12
1120,414,17905,0,2026-07-06 16:03:12
1121,414,18104,0,2026-07-06 16:03:12
1122,415,17841,0,2026-07-06 16:03:12
1123,416,17344,0,2026-07-06 16:03:12
1124,418,17775,0,2026-07-06 16:03:12
1125,418,804,0,2026-07-06 16:03:12
1126,418,1514,0,2026-07-06 16:03:12
1127,418,1992,0,2026-07-06 16:03:12
1128,418,1515,0,2026-07-06 16:03:12
1129,418,108,0,2026-07-06 16:03:12
1130,418,2696,0,2026-07-06 16:03:12
1131,418,3294,0,2026-07-06 16:03:12
1132,418,3616,0,2026-07-06 16:03:12
1133,418,3619,0,2026-07-06 16:03:12
1134,418,3621,0,2026-07-06 16:03:12
1135,418,3623,0,2026-07-06 16:03:12
1136,418,3622,0,2026-07-06 16:03:12
1137,418,3618,0,2026-07-06 16:03:12
1138,418,3617,0,2026-07-06 16:03:12
1139,418,3615,0,2026-07-06 16:03:12
1140,418,3624,0,2026-07-06 16:03:12
1141,418,3626,0,2026-07-06 16:03:12
1142,419,345,0,2026-07-06 16:03:12
1143,419,17775,0,2026-07-06 16:03:12
1144,419,17557,0,2026-07-06 16:03:12
1145,419,17884,0,2026-07-06 16:03:12
1146,419,17555,0,2026-07-06 16:03:12
1147,419,17236,0,2026-07-06 16:03:12
1148,419,17908,0,2026-07-06 16:03:12
1149,419,17575,0,2026-07-06 16:03:12
1150,420,17814,0,2026-07-06 16:03:12
1151,421,3615,0,2026-07-06 16:03:12
1152,421,17236,0,2026-07-06 16:03:12
1153,421,17555,0,2026-07-06 16:03:12
1154,421,17775,0,2026-07-06 16:03:12
1155,421,17557,0,2026-07-06 16:03:12
1156,421,17461,0,2026-07-06 16:03:12
1157,421,17652,0,2026-07-06 16:03:12
1158,421,17575,0,2026-07-06 16:03:12
1159,421,17908,0,2026-07-06 16:03:12
1160,421,17884,0,2026-07-06 16:03:12
1161,421,17841,0,2026-07-06 16:03:12
1162,421,17969,0,2026-07-06 16:03:12
1163,422,18036,0,2026-07-06 16:03:12
1164,422,5751,0,2026-07-06 16:03:12
1165,422,8933,0,2026-07-06 16:03:12
1166,423,2915,0,2026-07-06 16:03:12
1167,423,12284,0,2026-07-06 16:03:12
1168,423,15017,0,2026-07-06 16:03:12
1169,423,18109,0,2026-07-06 16:03:12
1170,426,1792,0,2026-07-06 16:03:12
1171,426,2915,0,2026-07-06 16:03:12
1172,426,18116,0,2026-07-06 16:03:12
1173,427,17557,0,2026-07-06 16:03:12
1174,427,17884,0,2026-07-06 16:03:12
1175,427,17575,0,2026-07-06 16:03:12
1176,427,17652,0,2026-07-06 16:03:12
1177,427,17693,0,2026-07-06 16:03:12
1178,428,17557,0,2026-07-06 16:03:12
1179,428,17884,0,2026-07-06 16:03:12
1180,428,17652,0,2026-07-06 16:03:12
1181,428,17969,0,2026-07-06 16:03:12
1182,428,17678,0,2026-07-06 16:03:12
1183,429,18118,0,2026-07-06 16:03:12
1184,429,17557,0,2026-07-06 16:03:12
1185,430,18119,0,2026-07-06 16:03:12
1186,430,18120,0,2026-07-06 16:03:12
1187,430,18121,0,2026-07-06 16:03:12
1188,430,18122,0,2026-07-06 16:03:12
1189,430,18123,0,2026-07-06 16:03:12
1190,431,1154,0,2026-07-06 16:03:12
1191,431,1153,0,2026-07-06 16:03:12
1192,431,14050,0,2026-07-06 16:03:12
1193,431,12975,0,2026-07-06 16:03:12
1194,431,881,0,2026-07-06 16:03:12
1195,431,11,0,2026-07-06 16:03:12
1196,431,883,0,2026-07-06 16:03:12
1197,431,2629,0,2026-07-06 16:03:12
1198,431,7,0,2026-07-06 16:03:12
1199,431,13,0,2026-07-06 16:03:12
1200,432,5636,0,2026-07-06 16:03:12
1201,432,17859,0,2026-07-06 16:03:12
1202,433,17557,0,2026-07-06 16:03:12
1203,434,7862,0,2026-07-06 16:03:12
1204,434,17777,0,2026-07-06 16:03:12
1205,435,667,0,2026-07-06 16:03:12
1206,435,17557,0,2026-07-06 16:03:12
1207,435,17775,0,2026-07-06 16:03:12
1208,435,17884,0,2026-07-06 16:03:12
1209,435,17555,0,2026-07-06 16:03:12
1210,435,17236,0,2026-07-06 16:03:12
1211,435,17693,0,2026-07-06 16:03:12
1212,435,17908,0,2026-07-06 16:03:12
1213,435,17575,0,2026-07-06 16:03:12
1214,435,17652,0,2026-07-06 16:03:12
1215,435,17841,0,2026-07-06 16:03:12
1216,435,17448,0,2026-07-06 16:03:12
1217,435,17686,0,2026-07-06 16:03:12
1218,435,17684,0,2026-07-06 16:03:12
1219,435,17664,0,2026-07-06 16:03:12
1220,435,17401,0,2026-07-06 16:03:12
1221,435,17663,0,2026-07-06 16:03:12
1222,435,17679,0,2026-07-06 16:03:12
1223,435,17610,0,2026-07-06 16:03:12
1224,435,17672,0,2026-07-06 16:03:12
1225,435,17670,0,2026-07-06 16:03:12
1226,436,3311,0,2026-07-06 16:03:12
1227,436,4072,0,2026-07-06 16:03:12
1228,436,3307,0,2026-07-06 16:03:12
1229,436,17775,0,2026-07-06 16:03:12
1230,436,18133,0,2026-07-06 16:03:12
1231,436,17693,0,2026-07-06 16:03:12
1232,437,17555,0,2026-07-06 16:03:12
1233,437,17969,0,2026-07-06 16:03:12
1234,437,17686,0,2026-07-06 16:03:12
1235,438,17555,0,2026-07-06 16:03:12
1236,438,17969,0,2026-07-06 16:03:12
1237,438,17686,0,2026-07-06 16:03:12
1238,439,4900,0,2026-07-06 16:03:12
1239,439,2915,0,2026-07-06 16:03:12
1240,439,4038,0,2026-07-06 16:03:12
1241,440,13756,0,2026-07-06 16:03:12
1242,440,307,0,2026-07-06 16:03:12
1243,440,17850,0,2026-07-06 16:03:12
1244,441,15030,0,2026-07-06 16:03:12
1245,441,17855,0,2026-07-06 16:03:12
1246,441,17938,0,2026-07-06 16:03:12
1247,441,18110,0,2026-07-06 16:03:12
1248,441,17942,0,2026-07-06 16:03:12
1249,442,17575,0,2026-07-06 16:03:12
1250,443,18142,0,2026-07-06 16:03:12
1251,444,17511,0,2026-07-06 16:03:12
1252,444,17511,0,2026-07-06 16:03:12
1253,445,5759,0,2026-07-06 16:03:12
1254,445,1701,0,2026-07-06 16:03:12
1255,446,17846,0,2026-07-06 16:03:12
1256,446,7175,0,2026-07-06 16:03:12
1257,446,17954,0,2026-07-06 16:03:12
1258,446,12831,0,2026-07-06 16:03:12
1259,447,17846,0,2026-07-06 16:03:12
1260,447,12831,0,2026-07-06 16:03:12
1261,448,13048,0,2026-07-06 16:03:12
1262,448,1518,0,2026-07-06 16:03:12
1263,449,3805,0,2026-07-06 16:03:12
1264,450,17775,0,2026-07-06 16:03:12
1265,450,17652,0,2026-07-06 16:03:12
1266,450,17236,0,2026-07-06 16:03:12
1267,450,17908,0,2026-07-06 16:03:12
1268,460,17555,0,2026-07-06 16:03:12
1269,460,17652,0,2026-07-06 16:03:12
1270,460,17841,0,2026-07-06 16:03:12
1271,461,18186,0,2026-07-06 16:03:12
1272,461,18187,0,2026-07-06 16:03:12
1273,461,18188,0,2026-07-06 16:03:12
1274,461,18189,0,2026-07-06 16:03:12
1275,461,15017,0,2026-07-06 16:03:12
1276,462,18190,0,2026-07-06 16:03:12
1277,462,220,0,2026-07-06 16:03:12
1278,463,17575,0,2026-07-06 16:03:12
1279,463,15211,0,2026-07-06 16:03:12
1280,463,2915,0,2026-07-06 16:03:12
1281,463,9417,0,2026-07-06 16:03:12
1282,466,17575,0,2026-07-06 16:03:12
1283,467,17687,0,2026-07-06 16:03:12
1284,468,3458,0,2026-07-06 16:03:12
1285,468,4189,0,2026-07-06 16:03:12
1286,473,1153,0,2026-07-06 16:03:12
1287,474,17851,0,2026-07-06 16:03:12
1288,474,18217,0,2026-07-06 16:03:12
1289,475,17672,0,2026-07-06 16:03:12
1290,477,8191,0,2026-07-06 16:03:12
1291,478,2860,0,2026-07-06 16:03:12
1292,478,8807,0,2026-07-06 16:03:12
1293,478,4716,0,2026-07-06 16:03:12
1294,478,17929,0,2026-07-06 16:03:12
1295,479,17686,0,2026-07-06 16:03:12
1296,480,5918,0,2026-07-06 16:03:12
1297,480,17304,0,2026-07-06 16:03:12
1298,481,17842,0,2026-07-06 16:03:12
1299,481,15918,0,2026-07-06 16:03:12
1300,481,17707,0,2026-07-06 16:03:12
1301,481,17424,0,2026-07-06 16:03:12
1302,482,18219,0,2026-07-06 16:03:12
1303,482,15918,0,2026-07-06 16:03:12
1304,482,17842,0,2026-07-06 16:03:12
1305,484,17686,0,2026-07-06 16:03:12
1306,484,17611,0,2026-07-06 16:03:12
1307,485,17664,0,2026-07-06 16:03:12
1308,488,18244,0,2026-07-06 16:03:12
1309,489,17684,0,2026-07-06 16:03:12
1310,493,17914,0,2026-07-06 16:03:12
1311,494,1137,0,2026-07-06 16:03:12
1312,494,121,0,2026-07-06 16:03:12
1313,494,17942,0,2026-07-06 16:03:12
1314,494,17686,0,2026-07-06 16:03:12
1315,495,17448,0,2026-07-06 16:03:12
1316,495,17251,0,2026-07-06 16:03:12
1317,496,1933,0,2026-07-06 16:03:12
1318,496,2620,0,2026-07-06 16:03:12
1319,497,17686,0,2026-07-06 16:03:12
1320,507,2915,0,2026-07-06 16:03:12
1321,507,17492,0,2026-07-06 16:03:12
1322,508,17229,0,2026-07-06 16:03:12
1323,509,1792,0,2026-07-06 16:03:12
1324,509,3487,0,2026-07-06 16:03:12
1325,509,18366,0,2026-07-06 16:03:12
1326,509,4900,0,2026-07-06 16:03:12
1327,509,7051,0,2026-07-06 16:03:12
1328,510,18393,0,2026-07-06 16:03:12
1329,511,17686,0,2026-07-06 16:03:12
1330,512,18409,0,2026-07-06 16:03:12
1331,513,18410,0,2026-07-06 16:03:12
1332,514,13756,0,2026-07-06 16:03:12
1333,515,18414,0,2026-07-06 16:03:12
1334,515,17885,0,2026-07-06 16:03:12
1335,516,18416,0,2026-07-06 16:03:12
1336,516,18417,0,2026-07-06 16:03:12
1337,516,18418,0,2026-07-06 16:03:12
1338,516,18419,0,2026-07-06 16:03:12
1339,516,18420,0,2026-07-06 16:03:12
1340,516,18421,0,2026-07-06 16:03:12
1341,516,18422,0,2026-07-06 16:03:12
1342,516,17876,0,2026-07-06 16:03:12
1343,516,18423,0,2026-07-06 16:03:12
1344,517,17282,0,2026-07-06 16:03:12
1345,518,17686,0,2026-07-06 16:03:12
1346,521,18476,0,2026-07-06 16:03:12
1347,521,5636,0,2026-07-06 16:03:12
1348,521,17367,0,2026-07-06 16:03:12
1349,522,9980,0,2026-07-06 16:03:12
1350,522,10622,0,2026-07-06 16:03:12
1351,522,17327,0,2026-07-06 16:03:12
1352,522,17595,0,2026-07-06 16:03:12
1353,523,17309,0,2026-07-06 16:03:12
1354,523,17700,0,2026-07-06 16:03:12
1355,523,17777,0,2026-07-06 16:03:12
1356,523,4041,0,2026-07-06 16:03:12
1357,525,17686,0,2026-07-06 16:03:12
1358,525,17684,0,2026-07-06 16:03:12
1359,525,17663,0,2026-07-06 16:03:12
1360,525,17605,0,2026-07-06 16:03:12
1361,525,17679,0,2026-07-06 16:03:12
1362,525,17672,0,2026-07-06 16:03:12
1363,525,17670,0,2026-07-06 16:03:12
1364,525,17676,0,2026-07-06 16:03:12
1365,526,18479,0,2026-07-06 16:03:12
1366,526,17686,0,2026-07-06 16:03:12
1367,526,17684,0,2026-07-06 16:03:12
1368,526,17663,0,2026-07-06 16:03:12
1369,527,5751,0,2026-07-06 16:03:12
1370,527,5753,0,2026-07-06 16:03:12
1371,527,17549,0,2026-07-06 16:03:12
1372,527,18036,0,2026-07-06 16:03:12
1373,528,11,0,2026-07-06 16:03:12
1374,528,18484,0,2026-07-06 16:03:12
1375,529,18485,0,2026-07-06 16:03:12
1376,529,18486,0,2026-07-06 16:03:12
1377,530,17686,0,2026-07-06 16:03:12
1378,531,17686,0,2026-07-06 16:03:12
1379,532,17686,0,2026-07-06 16:03:12
1380,537,17686,0,2026-07-06 16:03:12
1381,542,17227,0,2026-07-06 16:03:12
1382,542,18390,0,2026-07-06 16:03:12
1383,542,2683,0,2026-07-06 16:03:12
1384,542,2677,0,2026-07-06 16:03:12
1385,542,8807,0,2026-07-06 16:03:12
1386,542,18518,0,2026-07-06 16:03:12
1387,543,117,0,2026-07-06 16:03:12
1388,543,1316,0,2026-07-06 16:03:12
1389,543,17539,0,2026-07-06 16:03:12
1390,543,18519,0,2026-07-06 16:03:12
1391,543,17357,0,2026-07-06 16:03:12
1392,544,1494,0,2026-07-06 16:03:12
1393,544,1495,0,2026-07-06 16:03:12
1394,545,18543,0,2026-07-06 16:03:12
1395,545,18544,0,2026-07-06 16:03:12
1396,545,18545,0,2026-07-06 16:03:12
1397,545,18546,0,2026-07-06 16:03:12
1398,546,18547,0,2026-07-06 16:03:12
1399,546,18548,0,2026-07-06 16:03:12
1400,547,12586,0,2026-07-06 16:03:12
1401,547,12589,0,2026-07-06 16:03:12
1402,548,15165,0,2026-07-06 16:03:12
1403,548,15167,0,2026-07-06 16:03:12
1404,549,18236,0,2026-07-06 16:03:12
1405,551,18545,0,2026-07-06 16:03:12
1406,552,7777,0,2026-07-06 16:03:12
1407,552,18545,0,2026-07-06 16:03:12
1408,552,6293,0,2026-07-06 16:03:12
1409,554,18564,0,2026-07-06 16:03:12
1410,555,16190,0,2026-07-06 16:03:12
1411,555,18565,0,2026-07-06 16:03:12
1412,555,18566,0,2026-07-06 16:03:12
1413,556,3481,0,2026-07-06 16:03:12
1414,556,2676,0,2026-07-06 16:03:12
1415,557,17612,0,2026-07-06 16:03:12
1416,557,17605,0,2026-07-06 16:03:12
1417,557,17610,0,2026-07-06 16:03:12
1418,557,18571,0,2026-07-06 16:03:12
1419,558,4280,0,2026-07-06 16:03:12
1420,558,17460,0,2026-07-06 16:03:12
1421,559,18582,0,2026-07-06 16:03:12
1422,559,18583,0,2026-07-06 16:03:12
1423,559,18585,0,2026-07-06 16:03:12
1424,560,18586,0,2026-07-06 16:03:12
1425,560,9841,0,2026-07-06 16:03:12
1426,560,18437,0,2026-07-06 16:03:12
1427,561,2773,0,2026-07-06 16:03:12
1428,561,18587,0,2026-07-06 16:03:12
1429,561,2774,0,2026-07-06 16:03:12
1430,561,2777,0,2026-07-06 16:03:12
1431,562,18540,0,2026-07-06 16:03:12
1432,562,18477,0,2026-07-06 16:03:12
1433,562,17449,0,2026-07-06 16:03:12
1434,562,18588,0,2026-07-06 16:03:12
1435,562,18589,0,2026-07-06 16:03:12
1436,563,116,0,2026-07-06 16:03:12
1437,563,17539,0,2026-07-06 16:03:12
1438,563,18110,0,2026-07-06 16:03:12
1439,564,18598,0,2026-07-06 16:03:12
1440,565,17509,0,2026-07-06 16:03:12
1441,565,18607,0,2026-07-06 16:03:12
1442,566,18609,0,2026-07-06 16:03:12
1443,566,18610,0,2026-07-06 16:03:12
1444,566,18611,0,2026-07-06 16:03:12
1445,566,18612,0,2026-07-06 16:03:12
1446,566,18613,0,2026-07-06 16:03:12
1447,567,17684,0,2026-07-06 16:03:12
1448,568,18665,0,2026-07-06 16:03:12
1449,568,18666,0,2026-07-06 16:03:12
1450,568,17887,0,2026-07-06 16:03:12
1451,568,18667,0,2026-07-06 16:03:12
1452,568,18668,0,2026-07-06 16:03:12
1453,568,18669,0,2026-07-06 16:03:12
1454,568,18670,0,2026-07-06 16:03:12
1455,568,18671,0,2026-07-06 16:03:12
1456,568,18672,0,2026-07-06 16:03:12
1457,569,13756,0,2026-07-06 16:03:12
1458,569,14238,0,2026-07-06 16:03:12
1459,569,4708,0,2026-07-06 16:03:12
1460,569,3032,0,2026-07-06 16:03:12
1461,571,18676,0,2026-07-06 16:03:12
1462,572,18744,0,2026-07-06 16:03:12
1463,573,18743,0,2026-07-06 16:03:12
1464,573,8807,0,2026-07-06 16:03:12
1465,574,18280,0,2026-07-06 16:03:12
1466,574,14385,0,2026-07-06 16:03:12
1467,574,17227,0,2026-07-06 16:03:12
1468,575,17859,0,2026-07-06 16:03:12
1469,575,8807,0,2026-07-06 16:03:12
1470,575,18565,0,2026-07-06 16:03:12
1471,575,17857,0,2026-07-06 16:03:12
1472,575,17370,0,2026-07-06 16:03:12
1473,575,18745,0,2026-07-06 16:03:12
1474,575,18746,0,2026-07-06 16:03:12
1475,575,18747,0,2026-07-06 16:03:12
1476,575,14274,0,2026-07-06 16:03:12
1477,575,18120,0,2026-07-06 16:03:12
1478,575,9435,0,2026-07-06 16:03:12
1479,575,17469,0,2026-07-06 16:03:12
1480,575,2110,0,2026-07-06 16:03:12
1481,575,4716,0,2026-07-06 16:03:12
1482,575,2860,0,2026-07-06 16:03:12
1483,575,17463,0,2026-07-06 16:03:12
1484,575,3831,0,2026-07-06 16:03:12
1485,575,18280,0,2026-07-06 16:03:12
1486,576,18676,0,2026-07-06 16:03:12
1487,577,18759,0,2026-07-06 16:03:12
1488,578,18760,0,2026-07-06 16:03:12
1489,579,18761,0,2026-07-06 16:03:12
1490,580,17676,0,2026-07-06 16:03:12
1491,580,18467,0,2026-07-06 16:03:12
1492,580,18768,0,2026-07-06 16:03:12
1493,580,8191,0,2026-07-06 16:03:12
1494,580,17306,0,2026-07-06 16:03:12
1495,580,18769,0,2026-07-06 16:03:12
1496,580,17485,0,2026-07-06 16:03:12
1497,581,17599,0,2026-07-06 16:03:12
1498,581,4089,0,2026-07-06 16:03:12
1499,581,816,0,2026-07-06 16:03:12
1500,582,17686,0,2026-07-06 16:03:12
1501,583,17669,0,2026-07-06 16:03:12
1502,584,269,0,2026-07-06 16:03:12
1503,585,17509,0,2026-07-06 16:03:12
1504,585,18795,0,2026-07-06 16:03:12
1505,585,18796,0,2026-07-06 16:03:12
1506,585,18797,0,2026-07-06 16:03:12
1507,585,18798,0,2026-07-06 16:03:12
1508,585,18799,0,2026-07-06 16:03:12
1509,585,18800,0,2026-07-06 16:03:12
1510,585,17876,0,2026-07-06 16:03:12
1511,585,18801,0,2026-07-06 16:03:12
1512,585,18802,0,2026-07-06 16:03:12
1513,585,13407,0,2026-07-06 16:03:12
1514,585,4900,0,2026-07-06 16:03:12
1515,585,17263,0,2026-07-06 16:03:12
1516,585,18803,0,2026-07-06 16:03:12
1517,585,18804,0,2026-07-06 16:03:12
1518,585,2860,0,2026-07-06 16:03:12
1519,585,18805,0,2026-07-06 16:03:12
1520,588,18509,0,2026-07-06 16:03:12
1521,589,3381,0,2026-07-06 16:03:12
1522,589,7269,0,2026-07-06 16:03:12
1523,589,17286,0,2026-07-06 16:03:12
1524,589,18814,0,2026-07-06 16:03:12
1525,590,5759,0,2026-07-06 16:03:12
1526,590,18815,0,2026-07-06 16:03:12
1527,590,18816,0,2026-07-06 16:03:12
1528,590,18817,0,2026-07-06 16:03:12
1529,590,18818,0,2026-07-06 16:03:12
1530,590,18819,0,2026-07-06 16:03:12
1531,592,7324,0,2026-07-06 16:03:12
1532,592,17233,0,2026-07-06 16:03:12
1533,592,1526,0,2026-07-06 16:03:12
1534,592,18172,0,2026-07-06 16:03:12
1535,592,3139,0,2026-07-06 16:03:12
1536,593,12606,0,2026-07-06 16:03:12
1537,593,789,0,2026-07-06 16:03:12
1538,593,18864,0,2026-07-06 16:03:12
1539,593,18865,0,2026-07-06 16:03:12
1540,593,18047,0,2026-07-06 16:03:12
1541,593,10458,0,2026-07-06 16:03:12
1542,593,18673,0,2026-07-06 16:03:12
1543,593,18866,0,2026-07-06 16:03:12
1544,594,1523,0,2026-07-06 16:03:12
1545,594,3311,0,2026-07-06 16:03:12
1546,594,422,0,2026-07-06 16:03:12
1547,594,100,0,2026-07-06 16:03:12
1548,595,15211,0,2026-07-06 16:03:12
1549,595,10422,0,2026-07-06 16:03:12
1550,595,8491,0,2026-07-06 16:03:12
1551,596,18676,0,2026-07-06 16:03:12
1552,597,6603,0,2026-07-06 16:03:12
1553,598,3311,0,2026-07-06 16:03:12
1554,599,18118,0,2026-07-06 16:03:12
1555,599,13048,0,2026-07-06 16:03:12
1556,600,18420,0,2026-07-06 16:03:12
1557,601,3487,0,2026-07-06 16:03:12
1558,602,18909,0,2026-07-06 16:03:12
1559,602,18910,0,2026-07-06 16:03:12
1560,602,12576,0,2026-07-06 16:03:12
1561,602,12153,0,2026-07-06 16:03:12
1562,602,9280,0,2026-07-06 16:03:12
1563,602,18911,0,2026-07-06 16:03:12
1564,602,17686,0,2026-07-06 16:03:12
1565,602,18912,0,2026-07-06 16:03:12
1566,605,17607,0,2026-07-06 16:03:12
1567,606,2915,0,2026-07-06 16:03:12
1568,606,18801,0,2026-07-06 16:03:12
1569,606,17227,0,2026-07-06 16:03:12
1570,606,12234,0,2026-07-06 16:03:12
1571,607,18930,0,2026-07-06 16:03:12
1572,607,4648,0,2026-07-06 16:03:12
1573,607,4647,0,2026-07-06 16:03:12
1574,607,4661,0,2026-07-06 16:03:12
1575,607,4666,0,2026-07-06 16:03:12
1576,607,4442,0,2026-07-06 16:03:12
1577,608,18939,0,2026-07-06 16:03:12
1578,609,17684,0,2026-07-06 16:03:12
1579,610,17304,0,2026-07-06 16:03:12
1580,610,3059,0,2026-07-06 16:03:12
1581,611,18486,0,2026-07-06 16:03:12
1582,611,2915,0,2026-07-06 16:03:12
1583,612,17686,0,2026-07-06 16:03:12
1584,613,17369,0,2026-07-06 16:03:12
1585,613,10622,0,2026-07-06 16:03:12
1586,613,18942,0,2026-07-06 16:03:12
1587,613,18943,0,2026-07-06 16:03:12
1588,613,9980,0,2026-07-06 16:03:12
1589,613,10253,0,2026-07-06 16:03:12
1590,613,12153,0,2026-07-06 16:03:12
1591,613,18944,0,2026-07-06 16:03:12
1592,613,17713,0,2026-07-06 16:03:12
1593,613,18945,0,2026-07-06 16:03:12
1594,613,18946,0,2026-07-06 16:03:12
1595,613,10218,0,2026-07-06 16:03:12
1596,613,602,0,2026-07-06 16:03:12
1597,613,6251,0,2026-07-06 16:03:12
1598,613,18947,0,2026-07-06 16:03:12
1599,613,18948,0,2026-07-06 16:03:12
1600,613,18949,0,2026-07-06 16:03:12
1601,613,17991,0,2026-07-06 16:03:12
1602,613,15909,0,2026-07-06 16:03:12
1603,613,17765,0,2026-07-06 16:03:12
1604,613,17780,0,2026-07-06 16:03:12
1605,613,6400,0,2026-07-06 16:03:12
1606,613,18950,0,2026-07-06 16:03:12
1607,613,18085,0,2026-07-06 16:03:12
1608,613,14280,0,2026-07-06 16:03:12
1609,614,3487,0,2026-07-06 16:03:12
1610,614,1792,0,2026-07-06 16:03:12
1611,614,17692,0,2026-07-06 16:03:12
1612,615,2915,0,2026-07-06 16:03:12
1613,617,17448,0,2026-07-06 16:03:12
1614,618,7269,0,2026-07-06 16:03:12
1615,618,183,0,2026-07-06 16:03:12
1616,618,18571,0,2026-07-06 16:03:12
1617,619,17448,0,2026-07-06 16:03:12
1618,620,17448,0,2026-07-06 16:03:12
1619,621,17448,0,2026-07-06 16:03:12
1620,624,1351,0,2026-07-06 16:03:12
1621,624,18574,0,2026-07-06 16:03:12
1622,632,17665,0,2026-07-06 16:03:12
1623,632,17669,0,2026-07-06 16:03:12
1624,633,17686,0,2026-07-06 16:03:12
1625,633,18574,0,2026-07-06 16:03:12
1626,633,17663,0,2026-07-06 16:03:12
1627,634,17448,0,2026-07-06 16:03:12
1628,637,33,0,2026-07-06 16:03:12
1629,638,7269,0,2026-07-06 16:03:12
1630,639,8191,0,2026-07-06 16:03:12
1631,640,2,0,2026-07-06 16:03:12
1632,640,18977,0,2026-07-06 16:03:12
1633,641,8191,0,2026-07-06 16:03:12
1634,642,7269,0,2026-07-06 16:03:12
1635,642,17686,0,2026-07-06 16:03:12
1636,643,17261,0,2026-07-06 16:03:12
1637,644,17686,0,2026-07-06 16:03:12
1638,648,8192,0,2026-07-06 16:03:12
1639,648,10445,0,2026-07-06 16:03:12
1640,650,8191,0,2026-07-06 16:03:12
1641,650,18977,0,2026-07-06 16:03:12
1642,650,2483,0,2026-07-06 16:03:12
1643,651,12788,0,2026-07-06 16:03:12
1644,651,10660,0,2026-07-06 16:03:12
1645,651,12123,0,2026-07-06 16:03:12
1646,652,7269,0,2026-07-06 16:03:12
1647,653,15808,0,2026-07-06 16:03:12
1648,653,17882,0,2026-07-06 16:03:12
1649,654,2490,0,2026-07-06 16:03:12
1650,654,15862,0,2026-07-06 16:03:12
1651,655,18537,0,2026-07-06 16:03:12
1652,655,8939,0,2026-07-06 16:03:12
1653,656,361,0,2026-07-06 16:03:12
1654,657,15709,0,2026-07-06 16:03:12
1655,658,8191,0,2026-07-06 16:03:12
1656,659,14276,0,2026-07-06 16:03:12
1657,659,16202,0,2026-07-06 16:03:12
1658,659,12211,0,2026-07-06 16:03:12
1659,662,2,0,2026-07-06 16:03:12
1660,662,18981,0,2026-07-06 16:03:12
1661,663,2,0,2026-07-06 16:03:12
1662,663,18981,0,2026-07-06 16:03:12
1663,664,2,0,2026-07-06 16:03:12
1664,664,18981,0,2026-07-06 16:03:12
1665,665,2,0,2026-07-06 16:03:12
1666,665,18981,0,2026-07-06 16:03:12
1667,669,2,0,2026-07-06 16:03:12
1668,669,18981,0,2026-07-06 16:03:12
1669,670,2,0,2026-07-06 16:03:12
1670,670,18981,0,2026-07-06 16:03:12
1671,671,4963,0,2026-07-06 16:03:12
1672,672,2,0,2026-07-06 16:03:12
1673,672,18981,0,2026-07-06 16:03:12
1674,679,4386,0,2026-07-06 16:03:12
1675,680,11859,0,2026-07-06 16:03:12
1676,681,8191,0,2026-07-06 16:03:12
1677,681,18984,0,2026-07-06 16:03:12
1678,682,3599,0,2026-07-06 16:03:12
1679,682,17484,0,2026-07-06 16:03:12
1680,682,17513,0,2026-07-06 16:03:12
1681,683,1152,0,2026-07-06 16:03:12
1682,683,9573,0,2026-07-06 16:03:12
1683,683,10745,0,2026-07-06 16:03:12
1684,684,7971,0,2026-07-06 16:03:12
1685,685,15278,0,2026-07-06 16:03:12
1686,685,18985,0,2026-07-06 16:03:12
1687,685,15909,0,2026-07-06 16:03:12
1688,686,2096,0,2026-07-06 16:03:12
1689,686,18295,0,2026-07-06 16:03:12
1690,687,7991,0,2026-07-06 16:03:12
1691,688,117,0,2026-07-06 16:03:12
1692,688,17855,0,2026-07-06 16:03:12
1693,689,8191,0,2026-07-06 16:03:12
1694,690,7270,0,2026-07-06 16:03:12
1695,690,8191,0,2026-07-06 16:03:12
1696,691,8191,0,2026-07-06 16:03:12
1697,692,3371,0,2026-07-06 16:03:12
1698,692,4281,0,2026-07-06 16:03:12
1699,692,13312,0,2026-07-06 16:03:12
1700,692,15706,0,2026-07-06 16:03:12
1701,697,8191,0,2026-07-06 16:03:12
1702,701,8191,0,2026-07-06 16:03:12
1703,702,8191,0,2026-07-06 16:03:12
1704,711,1974,0,2026-07-06 16:03:12
1705,713,8510,0,2026-07-06 16:03:12
1706,713,15356,0,2026-07-06 16:03:12
1707,713,11732,0,2026-07-06 16:03:12
1708,714,7270,0,2026-07-06 16:03:12
1709,715,2749,0,2026-07-06 16:03:12
1710,715,10482,0,2026-07-06 16:03:12
1711,715,10608,0,2026-07-06 16:03:12
1712,716,10042,0,2026-07-06 16:03:12
1713,716,18453,0,2026-07-06 16:03:12
1714,716,10348,0,2026-07-06 16:03:12
1715,717,5172,0,2026-07-06 16:03:12
1716,717,1333,0,2026-07-06 16:03:12
1717,717,3574,0,2026-07-06 16:03:12
1718,718,14751,0,2026-07-06 16:03:12
1719,718,11068,0,2026-07-06 16:03:12
1720,719,15865,0,2026-07-06 16:03:12
1721,719,7423,0,2026-07-06 16:03:12
1722,719,11395,0,2026-07-06 16:03:12
1723,719,9276,0,2026-07-06 16:03:12
1724,720,8191,0,2026-07-06 16:03:12
1725,720,8192,0,2026-07-06 16:03:12
1726,723,3615,0,2026-07-06 16:03:12
1727,724,16852,0,2026-07-06 16:03:12
1728,724,220,0,2026-07-06 16:03:12
1729,724,17324,0,2026-07-06 16:03:12
1730,724,18579,0,2026-07-06 16:03:12
1731,725,18911,0,2026-07-06 16:03:12
1732,725,11793,0,2026-07-06 16:03:12
1733,726,7436,0,2026-07-06 16:03:12
1734,727,16952,0,2026-07-06 16:03:12
1735,728,1103,0,2026-07-06 16:03:12
1736,728,7588,0,2026-07-06 16:03:12
1737,731,5737,0,2026-07-06 16:03:12
1738,732,2152,0,2026-07-06 16:03:12
1739,735,2184,0,2026-07-06 16:03:12
1740,737,16951,0,2026-07-06 16:03:12
1741,738,16951,0,2026-07-06 16:03:12
1742,738,10624,0,2026-07-06 16:03:12
1743,738,914,0,2026-07-06 16:03:12
1744,738,7085,0,2026-07-06 16:03:12
1745,740,16951,0,2026-07-06 16:03:12
1746,743,7270,0,2026-07-06 16:03:12
1747,744,8191,0,2026-07-06 16:03:12
1748,745,17389,0,2026-07-06 16:03:12
1749,746,18345,0,2026-07-06 16:03:12
1750,747,2184,0,2026-07-06 16:03:12
1751,748,2184,0,2026-07-06 16:03:12
1752,749,5706,0,2026-07-06 16:03:12
1753,750,3983,0,2026-07-06 16:03:12
1754,750,13756,0,2026-07-06 16:03:12
1755,750,17333,0,2026-07-06 16:03:12
1756,750,17334,0,2026-07-06 16:03:12
1757,750,17293,0,2026-07-06 16:03:12
1758,750,18992,0,2026-07-06 16:03:12
1759,750,1974,0,2026-07-06 16:03:12
1760,750,13072,0,2026-07-06 16:03:12
1761,756,18996,0,2026-07-06 16:03:12
1762,757,18996,0,2026-07-06 16:03:12
1763,758,9467,0,2026-07-06 16:03:12
1764,758,17548,0,2026-07-06 16:03:12
1765,759,5432,0,2026-07-06 16:03:12
1766,760,13288,0,2026-07-06 16:03:12
1767,761,11008,0,2026-07-06 16:03:12
1768,762,3411,0,2026-07-06 16:03:12
1769,762,7711,0,2026-07-06 16:03:12
1770,762,7768,0,2026-07-06 16:03:12
1771,762,14898,0,2026-07-06 16:03:12
1772,762,19002,0,2026-07-06 16:03:12
1773,762,19003,0,2026-07-06 16:03:12
1774,763,8141,0,2026-07-06 16:03:12
1775,763,13746,0,2026-07-06 16:03:12
1776,763,13747,0,2026-07-06 16:03:12
1777,763,13791,0,2026-07-06 16:03:12
1778,763,13795,0,2026-07-06 16:03:12
1779,763,13796,0,2026-07-06 16:03:12
1780,763,18591,0,2026-07-06 16:03:12
1781,763,9406,0,2026-07-06 16:03:12
1782,764,15732,0,2026-07-06 16:03:12
1783,764,7959,0,2026-07-06 16:03:12
1784,765,19007,0,2026-07-06 16:03:12
1785,765,19008,0,2026-07-06 16:03:12
1786,765,19009,0,2026-07-06 16:03:12
1787,765,19010,0,2026-07-06 16:03:12
1788,765,19011,0,2026-07-06 16:03:12
1789,766,19012,0,2026-07-06 16:03:12
1790,766,19013,0,2026-07-06 16:03:12
1791,766,19014,0,2026-07-06 16:03:12
1792,766,9034,0,2026-07-06 16:03:12
1793,766,5201,0,2026-07-06 16:03:12
1794,766,19015,0,2026-07-06 16:03:12
1795,766,19016,0,2026-07-06 16:03:12
1796,767,18993,0,2026-07-06 16:03:12
1797,767,19017,0,2026-07-06 16:03:12
1798,767,18758,0,2026-07-06 16:03:12
1799,767,19018,0,2026-07-06 16:03:12
1800,767,17306,0,2026-07-06 16:03:12
1801,768,15296,0,2026-07-06 16:03:12
1802,768,15297,0,2026-07-06 16:03:12
1803,768,17347,0,2026-07-06 16:03:12
1804,768,18999,0,2026-07-06 16:03:12
1805,768,19019,0,2026-07-06 16:03:12
1806,769,18999,0,2026-07-06 16:03:12
1807,769,17477,0,2026-07-06 16:03:12
1808,769,19001,0,2026-07-06 16:03:12
1809,769,17474,0,2026-07-06 16:03:12
1810,769,19021,0,2026-07-06 16:03:12
1811,769,18993,0,2026-07-06 16:03:12
1812,770,19022,0,2026-07-06 16:03:12
1813,770,10455,0,2026-07-06 16:03:12
1814,770,18141,0,2026-07-06 16:03:12
1815,770,19023,0,2026-07-06 16:03:12
1816,770,19024,0,2026-07-06 16:03:12
1817,770,18654,0,2026-07-06 16:03:12
1818,770,19025,0,2026-07-06 16:03:12
1819,771,19026,0,2026-07-06 16:03:12
1820,771,19027,0,2026-07-06 16:03:12
1821,771,6189,0,2026-07-06 16:03:12
1822,771,19028,0,2026-07-06 16:03:12
1823,771,19029,0,2026-07-06 16:03:12
1824,771,6193,0,2026-07-06 16:03:12
1825,771,19030,0,2026-07-06 16:03:12
1826,773,3216,0,2026-07-06 16:03:12
1827,773,5708,0,2026-07-06 16:03:12
1828,773,8191,0,2026-07-06 16:03:12
1829,774,2634,0,2026-07-06 16:03:12
1830,775,3216,0,2026-07-06 16:03:12
1831,775,5708,0,2026-07-06 16:03:12
1832,775,8191,0,2026-07-06 16:03:12
1833,776,3216,0,2026-07-06 16:03:12
1834,776,5708,0,2026-07-06 16:03:12
1835,776,8191,0,2026-07-06 16:03:12
1836,777,3216,0,2026-07-06 16:03:12
1837,777,5708,0,2026-07-06 16:03:12
1838,777,8191,0,2026-07-06 16:03:12
1839,778,3503,0,2026-07-06 16:03:12
1840,779,3216,0,2026-07-06 16:03:12
1841,779,5708,0,2026-07-06 16:03:12
1842,779,8191,0,2026-07-06 16:03:12
1843,780,3216,0,2026-07-06 16:03:12
1844,780,5708,0,2026-07-06 16:03:12
1845,780,8191,0,2026-07-06 16:03:12
1846,782,15296,0,2026-07-06 16:03:12
1847,782,15297,0,2026-07-06 16:03:12
1848,782,17347,0,2026-07-06 16:03:12
1849,782,18999,0,2026-07-06 16:03:12
1850,782,19019,0,2026-07-06 16:03:12
1851,783,6496,0,2026-07-06 16:03:12
1852,784,6496,0,2026-07-06 16:03:12
1853,785,13877,0,2026-07-06 16:03:12
1854,785,14233,0,2026-07-06 16:03:12
1855,785,19035,0,2026-07-06 16:03:12
1856,785,19036,0,2026-07-06 16:03:12
1857,786,5261,0,2026-07-06 16:03:12
1858,786,5264,0,2026-07-06 16:03:12
1859,786,18288,0,2026-07-06 16:03:12
1860,787,5261,0,2026-07-06 16:03:12
1861,787,5264,0,2026-07-06 16:03:12
1862,787,18288,0,2026-07-06 16:03:12
1863,788,5706,0,2026-07-06 16:03:12
1864,788,19037,0,2026-07-06 16:03:12
1865,788,18788,0,2026-07-06 16:03:12
1866,788,19038,0,2026-07-06 16:03:12
1867,788,19039,0,2026-07-06 16:03:12
1868,790,3003,0,2026-07-06 16:03:12
1869,790,1177,0,2026-07-06 16:03:12
1870,790,19040,0,2026-07-06 16:03:12
1871,790,19041,0,2026-07-06 16:03:12
1872,791,5706,0,2026-07-06 16:03:12
1873,791,19037,0,2026-07-06 16:03:12
1874,791,19038,0,2026-07-06 16:03:12
1875,792,5706,0,2026-07-06 16:03:12
1876,792,19037,0,2026-07-06 16:03:12
1877,792,19038,0,2026-07-06 16:03:12
1878,792,17419,0,2026-07-06 16:03:12
1879,792,19042,0,2026-07-06 16:03:12
1880,793,5706,0,2026-07-06 16:03:12
1881,794,9568,0,2026-07-06 16:03:12
1882,794,11123,0,2026-07-06 16:03:12
1883,794,3938,0,2026-07-06 16:03:12
1884,795,5261,0,2026-07-06 16:03:12
1885,795,5264,0,2026-07-06 16:03:12
1886,795,18288,0,2026-07-06 16:03:12
1887,796,5261,0,2026-07-06 16:03:12
1888,796,5264,0,2026-07-06 16:03:12
1889,796,18288,0,2026-07-06 16:03:12
1890,797,10353,0,2026-07-06 16:03:12
1891,797,11630,0,2026-07-06 16:03:12
1892,797,5378,0,2026-07-06 16:03:12
1893,798,4977,0,2026-07-06 16:03:12
1894,798,18112,0,2026-07-06 16:03:12
1895,799,18112,0,2026-07-06 16:03:12
1896,799,4977,0,2026-07-06 16:03:12
1897,800,7453,0,2026-07-06 16:03:12
1898,801,6862,0,2026-07-06 16:03:12
1899,801,10506,0,2026-07-06 16:03:12
1900,801,237,0,2026-07-06 16:03:12
1901,802,7320,0,2026-07-06 16:03:12
1902,802,5207,0,2026-07-06 16:03:12
1903,802,7842,0,2026-07-06 16:03:12
1904,802,4013,0,2026-07-06 16:03:12
1905,804,11491,0,2026-07-06 16:03:12
1906,804,9279,0,2026-07-06 16:03:12
1907,804,15396,0,2026-07-06 16:03:12
1908,805,5349,0,2026-07-06 16:03:12
1909,805,13758,0,2026-07-06 16:03:12
1910,805,13552,0,2026-07-06 16:03:12
1911,805,13054,0,2026-07-06 16:03:12
1912,805,13812,0,2026-07-06 16:03:12
1913,805,5257,0,2026-07-06 16:03:12
1914,805,5267,0,2026-07-06 16:03:12
1915,805,5260,0,2026-07-06 16:03:12
1916,805,5262,0,2026-07-06 16:03:12
1917,805,5259,0,2026-07-06 16:03:12
1918,805,1974,0,2026-07-06 16:03:12
1919,806,8191,0,2026-07-06 16:03:12
1920,806,13709,0,2026-07-06 16:03:12
1921,807,5257,0,2026-07-06 16:03:12
1922,807,19055,0,2026-07-06 16:03:12
1923,807,19056,0,2026-07-06 16:03:12
1924,808,19030,0,2026-07-06 16:03:12
1925,808,19057,0,2026-07-06 16:03:12
1926,808,19058,0,2026-07-06 16:03:12
1927,809,15078,0,2026-07-06 16:03:12
1928,809,17046,0,2026-07-06 16:03:12
1929,809,8044,0,2026-07-06 16:03:12
1930,809,2174,0,2026-07-06 16:03:12
1931,810,5551,0,2026-07-06 16:03:12
1932,810,12151,0,2026-07-06 16:03:12
1933,810,16006,0,2026-07-06 16:03:12
1934,811,11643,0,2026-07-06 16:03:12
1935,811,2580,0,2026-07-06 16:03:12
1936,811,9051,0,2026-07-06 16:03:12
1937,811,15079,0,2026-07-06 16:03:12
1938,812,937,0,2026-07-06 16:03:12
1939,813,937,0,2026-07-06 16:03:12
1940,815,9926,0,2026-07-06 16:03:12
1941,826,6024,0,2026-07-06 16:03:12
1942,827,17286,0,2026-07-06 16:03:12
1943,827,3622,0,2026-07-06 16:03:12
1944,827,19116,0,2026-07-06 16:03:12
1945,827,17777,0,2026-07-06 16:03:12
1946,827,9427,0,2026-07-06 16:03:12
1947,827,17373,0,2026-07-06 16:03:12
1948,827,8287,0,2026-07-06 16:03:12
1949,828,3453,0,2026-07-06 16:03:12
1950,828,3622,0,2026-07-06 16:03:12
1951,828,8287,0,2026-07-06 16:03:12
1952,828,14683,0,2026-07-06 16:03:12
1953,828,19117,0,2026-07-06 16:03:12
1954,830,5261,0,2026-07-06 16:03:12
1955,830,5264,0,2026-07-06 16:03:12
1956,830,18288,0,2026-07-06 16:03:12
1957,831,5261,0,2026-07-06 16:03:12
1958,831,5264,0,2026-07-06 16:03:12
1959,831,18288,0,2026-07-06 16:03:12
1960,831,15280,0,2026-07-06 16:03:12
1961,831,17777,0,2026-07-06 16:03:12
1962,831,1915,0,2026-07-06 16:03:12
1963,831,15156,0,2026-07-06 16:03:12
1964,832,2,0,2026-07-06 16:03:12
1965,832,18981,0,2026-07-06 16:03:12
1966,833,5261,0,2026-07-06 16:03:12
1967,833,5264,0,2026-07-06 16:03:12
1968,833,18288,0,2026-07-06 16:03:12
1969,833,3951,0,2026-07-06 16:03:12
1970,833,19131,0,2026-07-06 16:03:12
1971,833,17777,0,2026-07-06 16:03:12
1972,833,19132,0,2026-07-06 16:03:12
1973,834,5261,0,2026-07-06 16:03:12
1974,834,5264,0,2026-07-06 16:03:12
1975,834,13072,0,2026-07-06 16:03:12
1976,834,14683,0,2026-07-06 16:03:12
1977,834,16002,0,2026-07-06 16:03:12
1978,834,18288,0,2026-07-06 16:03:12
1979,838,648,0,2026-07-06 16:03:12
1980,841,13072,0,2026-07-06 16:03:12
1981,842,17777,0,2026-07-06 16:03:12
1982,843,12375,0,2026-07-06 16:03:12
1983,843,13071,0,2026-07-06 16:03:12
1984,843,2991,0,2026-07-06 16:03:12
1985,843,3622,0,2026-07-06 16:03:12
1986,843,17777,0,2026-07-06 16:03:12
1987,843,17286,0,2026-07-06 16:03:12
1988,845,7708,0,2026-07-06 16:03:12
1989,845,8207,0,2026-07-06 16:03:12
1990,845,8596,0,2026-07-06 16:03:12
1991,846,12375,0,2026-07-06 16:03:12
1992,846,13071,0,2026-07-06 16:03:12
1993,846,14683,0,2026-07-06 16:03:12
1994,846,17777,0,2026-07-06 16:03:12
1995,847,6457,0,2026-07-06 16:03:12
1996,847,11006,0,2026-07-06 16:03:12
1997,847,16630,0,2026-07-06 16:03:12
1998,848,8196,0,2026-07-06 16:03:12
1999,854,4752,0,2026-07-06 16:03:12
2000,854,12822,0,2026-07-06 16:03:12
2001,855,4752,0,2026-07-06 16:03:12
2002,855,12822,0,2026-07-06 16:03:12
2003,861,2184,0,2026-07-06 16:03:12
2004,864,19247,0,2026-07-06 16:03:12
2005,864,19248,0,2026-07-06 16:03:12
2006,864,19249,0,2026-07-06 16:03:12
2007,865,19247,0,2026-07-06 16:03:12
2008,865,19248,0,2026-07-06 16:03:12
2009,865,19249,0,2026-07-06 16:03:12
2010,866,2720,0,2026-07-06 16:03:12
2011,866,18191,0,2026-07-06 16:03:12
2012,867,2,0,2026-07-06 16:03:12
2013,867,18977,0,2026-07-06 16:03:12
2014,868,3657,0,2026-07-06 16:03:12
2015,868,17377,0,2026-07-06 16:03:12
2016,868,19274,0,2026-07-06 16:03:12
2017,868,19275,0,2026-07-06 16:03:12
2018,868,19276,0,2026-07-06 16:03:12
2019,868,19277,0,2026-07-06 16:03:12
2020,868,19278,0,2026-07-06 16:03:12
2021,868,19279,0,2026-07-06 16:03:12
2022,868,3628,0,2026-07-06 16:03:12
2023,868,19280,0,2026-07-06 16:03:12
2024,868,3292,0,2026-07-06 16:03:12
2025,869,2943,0,2026-07-06 16:03:12
2026,869,3292,0,2026-07-06 16:03:12
2027,869,14842,0,2026-07-06 16:03:12
2028,869,17777,0,2026-07-06 16:03:12
2029,869,19281,0,2026-07-06 16:03:12
2030,869,19282,0,2026-07-06 16:03:12
2031,870,17661,0,2026-07-06 16:03:12
2032,870,8191,0,2026-07-06 16:03:12
2033,870,17501,0,2026-07-06 16:03:12
2034,870,6400,0,2026-07-06 16:03:12
2035,870,17513,0,2026-07-06 16:03:12
2036,870,19283,0,2026-07-06 16:03:12
2037,870,19284,0,2026-07-06 16:03:12
2038,870,19285,0,2026-07-06 16:03:12
2039,870,690,0,2026-07-06 16:03:12
2040,870,18272,0,2026-07-06 16:03:12
2041,870,19286,0,2026-07-06 16:03:12
2042,870,10225,0,2026-07-06 16:03:12
2043,870,19287,0,2026-07-06 16:03:12
2044,870,3752,0,2026-07-06 16:03:12
2045,870,19288,0,2026-07-06 16:03:12
2046,870,17895,0,2026-07-06 16:03:12
2047,871,818,0,2026-07-06 16:03:12
2048,871,3789,0,2026-07-06 16:03:12
2049,871,5158,0,2026-07-06 16:03:12
2050,871,9395,0,2026-07-06 16:03:12
2051,871,11724,0,2026-07-06 16:03:12
2052,871,15280,0,2026-07-06 16:03:12
2053,871,17813,0,2026-07-06 16:03:12
2054,871,17849,0,2026-07-06 16:03:12
2055,871,19117,0,2026-07-06 16:03:12
2056,871,19273,0,2026-07-06 16:03:12
2057,872,19293,0,2026-07-06 16:03:12
2058,872,17429,0,2026-07-06 16:03:12
2059,872,19281,0,2026-07-06 16:03:12
2060,872,17777,0,2026-07-06 16:03:12
2061,872,12375,0,2026-07-06 16:03:12
2062,872,19104,0,2026-07-06 16:03:12
2063,872,3031,0,2026-07-06 16:03:12
2064,873,818,0,2026-07-06 16:03:12
2065,873,3789,0,2026-07-06 16:03:12
2066,873,5158,0,2026-07-06 16:03:12
2067,873,9395,0,2026-07-06 16:03:12
2068,873,11724,0,2026-07-06 16:03:12
2069,873,15280,0,2026-07-06 16:03:12
2070,873,17813,0,2026-07-06 16:03:12
2071,873,17849,0,2026-07-06 16:03:12
2072,873,19117,0,2026-07-06 16:03:12
2073,873,19273,0,2026-07-06 16:03:12
2074,874,10895,0,2026-07-06 16:03:12
2075,874,15862,0,2026-07-06 16:03:12
2076,874,16820,0,2026-07-06 16:03:12
2077,874,2534,0,2026-07-06 16:03:12
2078,875,3213,0,2026-07-06 16:03:12
2079,875,980,0,2026-07-06 16:03:12
2080,875,8544,0,2026-07-06 16:03:12
2081,875,11561,0,2026-07-06 16:03:12
2082,876,7614,0,2026-07-06 16:03:12
2083,876,555,0,2026-07-06 16:03:12
2084,876,16544,0,2026-07-06 16:03:12
2085,877,16511,0,2026-07-06 16:03:12
2086,877,4074,0,2026-07-06 16:03:12
2087,877,8364,0,2026-07-06 16:03:12
2088,878,4154,0,2026-07-06 16:03:12
2089,878,5616,0,2026-07-06 16:03:12
2090,878,6926,0,2026-07-06 16:03:12
2091,879,2,0,2026-07-06 16:03:12
2092,879,18981,0,2026-07-06 16:03:12
2093,880,2,0,2026-07-06 16:03:12
2094,880,18981,0,2026-07-06 16:03:12
2095,881,2,0,2026-07-06 16:03:12
2096,881,18981,0,2026-07-06 16:03:12
2097,882,2,0,2026-07-06 16:03:12
2098,882,18981,0,2026-07-06 16:03:12
2099,883,16256,0,2026-07-06 16:03:12
2100,883,17460,0,2026-07-06 16:03:12
2101,883,11645,0,2026-07-06 16:03:12
2102,884,16256,0,2026-07-06 16:03:12
2103,884,17460,0,2026-07-06 16:03:12
2104,884,11645,0,2026-07-06 16:03:12
2105,885,5048,0,2026-07-06 16:03:12
2106,886,14228,0,2026-07-06 16:03:12
2107,886,14860,0,2026-07-06 16:03:12
2108,886,19090,0,2026-07-06 16:03:12
2109,886,19226,0,2026-07-06 16:03:12
2110,886,19317,0,2026-07-06 16:03:12
2111,887,17325,0,2026-07-06 16:03:12
2112,887,17462,0,2026-07-06 16:03:12
2113,887,18071,0,2026-07-06 16:03:12
2114,887,19117,0,2026-07-06 16:03:12
2115,887,19118,0,2026-07-06 16:03:12
2116,887,19119,0,2026-07-06 16:03:12
2117,887,19227,0,2026-07-06 16:03:12
2118,887,19315,0,2026-07-06 16:03:12
2119,888,15833,0,2026-07-06 16:03:12
2120,888,15116,0,2026-07-06 16:03:12
2121,888,14291,0,2026-07-06 16:03:12
2122,888,14401,0,2026-07-06 16:03:12
2123,888,14109,0,2026-07-06 16:03:12
2124,888,13888,0,2026-07-06 16:03:12
2125,888,14508,0,2026-07-06 16:03:12
2126,888,14031,0,2026-07-06 16:03:12
2127,888,16174,0,2026-07-06 16:03:12
2128,888,19245,0,2026-07-06 16:03:12
2129,889,17781,0,2026-07-06 16:03:12
2130,889,19333,0,2026-07-06 16:03:12
2131,891,18112,0,2026-07-06 16:03:12
2132,893,19363,0,2026-07-06 16:03:12
2133,894,18051,0,2026-07-06 16:03:12
2134,894,19117,0,2026-07-06 16:03:12
2135,894,19334,0,2026-07-06 16:03:12
2136,894,19364,0,2026-07-06 16:03:12
2137,896,18073,0,2026-07-06 16:03:12
2138,896,18433,0,2026-07-06 16:03:12
2139,897,16256,0,2026-07-06 16:03:12
2140,897,17460,0,2026-07-06 16:03:12
2141,897,19365,0,2026-07-06 16:03:12
2142,899,17484,0,2026-07-06 16:03:12
2143,900,19256,0,2026-07-06 16:03:12
2144,900,19276,0,2026-07-06 16:03:12
2145,900,19278,0,2026-07-06 16:03:12
2146,900,19279,0,2026-07-06 16:03:12
2147,900,19366,0,2026-07-06 16:03:12
2148,903,17613,0,2026-07-06 16:03:12
2149,904,14578,0,2026-07-06 16:03:12
2150,905,13896,0,2026-07-06 16:03:12
2151,906,18600,0,2026-07-06 16:03:12
2152,906,14950,0,2026-07-06 16:03:12
2153,906,16480,0,2026-07-06 16:03:12
2154,910,14493,0,2026-07-06 16:03:12
2155,911,15280,0,2026-07-06 16:03:12
2156,911,19117,0,2026-07-06 16:03:12
2157,911,19381,0,2026-07-06 16:03:12
2158,912,15280,0,2026-07-06 16:03:12
2159,912,19345,0,2026-07-06 16:03:12
2160,912,19381,0,2026-07-06 16:03:12
2161,913,17231,0,2026-07-06 16:03:12
2162,914,19333,0,2026-07-06 16:03:12
2163,914,19394,0,2026-07-06 16:03:12
2164,914,17862,0,2026-07-06 16:03:12
2165,915,19118,0,2026-07-06 16:03:12
2166,916,19333,0,2026-07-06 16:03:12
2167,917,15280,0,2026-07-06 16:03:12
2168,917,19345,0,2026-07-06 16:03:12
2169,918,17463,0,2026-07-06 16:03:12
2170,919,15280,0,2026-07-06 16:03:12
2171,919,19345,0,2026-07-06 16:03:12
2172,920,15280,0,2026-07-06 16:03:12
2173,920,19345,0,2026-07-06 16:03:12
2174,920,19381,0,2026-07-06 16:03:12
2175,921,18633,0,2026-07-06 16:03:12
2176,921,16522,0,2026-07-06 16:03:12
2177,922,15639,0,2026-07-06 16:03:12
2178,922,16029,0,2026-07-06 16:03:12
2179,922,16804,0,2026-07-06 16:03:12
2180,923,15303,0,2026-07-06 16:03:12
2181,923,14314,0,2026-07-06 16:03:12
2182,923,16125,0,2026-07-06 16:03:12
2183,924,15443,0,2026-07-06 16:03:12
2184,924,16512,0,2026-07-06 16:03:12
2185,924,17732,0,2026-07-06 16:03:12
2186,925,16610,0,2026-07-06 16:03:12
2187,925,16512,0,2026-07-06 16:03:12
2188,926,15280,0,2026-07-06 16:03:12
2189,926,19117,0,2026-07-06 16:03:12
2190,926,19381,0,2026-07-06 16:03:12
2191,927,15280,0,2026-07-06 16:03:12
2192,927,19117,0,2026-07-06 16:03:12
2193,927,19381,0,2026-07-06 16:03:12
2194,928,14821,0,2026-07-06 16:03:12
2195,928,15156,0,2026-07-06 16:03:12
2196,928,17145,0,2026-07-06 16:03:12
2197,928,19390,0,2026-07-06 16:03:12
2198,928,19402,0,2026-07-06 16:03:12
2199,929,14821,0,2026-07-06 16:03:12
2200,929,15156,0,2026-07-06 16:03:12
2201,929,17145,0,2026-07-06 16:03:12
2202,929,19390,0,2026-07-06 16:03:12
2203,929,19402,0,2026-07-06 16:03:12
2204,930,14821,0,2026-07-06 16:03:12
2205,930,15156,0,2026-07-06 16:03:12
2206,930,17145,0,2026-07-06 16:03:12
2207,930,19390,0,2026-07-06 16:03:12
2208,930,19402,0,2026-07-06 16:03:12
2209,931,14821,0,2026-07-06 16:03:12
2210,931,15156,0,2026-07-06 16:03:12
2211,931,17145,0,2026-07-06 16:03:12
2212,931,19390,0,2026-07-06 16:03:12
2213,931,19402,0,2026-07-06 16:03:12
2214,932,14821,0,2026-07-06 16:03:12
2215,932,15156,0,2026-07-06 16:03:12
2216,932,17145,0,2026-07-06 16:03:12
2217,932,19390,0,2026-07-06 16:03:12
2218,932,19402,0,2026-07-06 16:03:12
2219,933,14821,0,2026-07-06 16:03:12
2220,933,15156,0,2026-07-06 16:03:12
2221,933,17145,0,2026-07-06 16:03:12
2222,933,19390,0,2026-07-06 16:03:12
2223,933,19402,0,2026-07-06 16:03:12
2224,934,14821,0,2026-07-06 16:03:12
2225,934,15156,0,2026-07-06 16:03:12
2226,934,17145,0,2026-07-06 16:03:12
2227,934,19390,0,2026-07-06 16:03:12
2228,934,19402,0,2026-07-06 16:03:12
2229,936,14821,0,2026-07-06 16:03:12
2230,936,15156,0,2026-07-06 16:03:12
2231,936,17145,0,2026-07-06 16:03:12
2232,936,19390,0,2026-07-06 16:03:12
2233,936,19402,0,2026-07-06 16:03:12
2234,937,15280,0,2026-07-06 16:03:12
2235,937,19117,0,2026-07-06 16:03:12
2236,937,19333,0,2026-07-06 16:03:12
2237,938,14383,0,2026-07-06 16:03:12
2238,938,14695,0,2026-07-06 16:03:12
2239,938,15484,0,2026-07-06 16:03:12
2240,938,16229,0,2026-07-06 16:03:12
2241,938,19192,0,2026-07-06 16:03:12
2242,945,17548,0,2026-07-06 16:03:12
2243,946,18112,0,2026-07-06 16:03:12
2244,947,18112,0,2026-07-06 16:03:12
2245,960,15280,0,2026-07-06 16:03:12
2246,960,19117,0,2026-07-06 16:03:12
2247,961,19247,0,2026-07-06 16:03:12
2248,961,19248,0,2026-07-06 16:03:12
2249,961,19249,0,2026-07-06 16:03:12
2250,963,18071,0,2026-07-06 16:03:12
2251,963,19117,0,2026-07-06 16:03:12
2252,964,16531,0,2026-07-06 16:03:12
2253,964,15998,0,2026-07-06 16:03:12
2254,964,14261,0,2026-07-06 16:03:12
2255,965,16599,0,2026-07-06 16:03:12
2256,966,19261,0,2026-07-06 16:03:12
2257,966,17958,0,2026-07-06 16:03:12
2258,966,14831,0,2026-07-06 16:03:12
2259,967,15912,0,2026-07-06 16:03:12
2260,967,17845,0,2026-07-06 16:03:12
2261,967,18484,0,2026-07-06 16:03:12
2262,968,15534,0,2026-07-06 16:03:12
2263,968,15442,0,2026-07-06 16:03:12
2264,968,18347,0,2026-07-06 16:03:12
2265,969,19155,0,2026-07-06 16:03:12
2266,969,17352,0,2026-07-06 16:03:12
2267,969,15958,0,2026-07-06 16:03:12
2268,969,17954,0,2026-07-06 16:03:12
2269,969,19226,0,2026-07-06 16:03:12
2270,969,19324,0,2026-07-06 16:03:12
2271,969,19391,0,2026-07-06 16:03:12
2272,970,17021,0,2026-07-06 16:03:12
2273,970,19154,0,2026-07-06 16:03:12
2274,970,15782,0,2026-07-06 16:03:12
