id,user_id,device_type,device_id,device_token,status,created_at,modify_at
70,38860,Android,TP1A.220624.014,e1HYEO-uTruDoMHbP86mDF:APA91bHfX8cLn8L_XVvloqUFVLQMGr2nxyAqyd-QTDf2RC6E3d9GL3ZLKa84hk20Z5W-H4loBtzPaSehsyCyxAvSyZO4n7cAJGpqFduWBjltoEhgw2SNuho,1,2026-05-13 15:11:33,2026-06-23 13:17:48
72,39314,Android,BP22.250325.006,dsDTbs6aQCiqXajgsHjphu:APA91bGNKhJ6Ns-okB_xqAzF_ra3fMIMegSUqTjRUke8PPYMdpd_lLttzLI0u1XCOZS7zp4DIiTN3mFF15reh8PyG701QBWOqgVbMEtYhigGJ_fnDkUKh8A,1,2026-06-05 18:42:39,2026-06-23 13:17:48
76,38860,Apple,85C4F319-E803-42EC-A5C7-37D34A12F433,cVu8yW5X30VQrUyRatmQac:APA91bGHY8gJfBr2LiXFFJJL9xvkklZU1HVS3ZLvTv9uZwQvbA37NqimhgZy5Y5sPGu-7H9OJiHY6nRNe-IItDdLNCvVewSsoHj7j-xpefNNV48dqbPOvd4,1,2026-04-03 10:59:05,2026-06-23 13:17:48
77,39986,Android,BP22.250325.006,c4CVwuN3RISemDT6e6ckl8:APA91bEyLbcnuRxXFC_ZGIdUO_KLAN4fYOhrDRvohJpse4ZLmnMx3ZWiDd88ZprWU8BG3iEHu4iNBhTfSqRnqDUZ-6joMakcm6En9ZI52zCY0jZFXNlDOtg,1,2026-04-02 17:14:32,2026-06-23 13:17:48
78,39988,Android,BP22.250325.006,c4CVwuN3RISemDT6e6ckl8:APA91bEyLbcnuRxXFC_ZGIdUO_KLAN4fYOhrDRvohJpse4ZLmnMx3ZWiDd88ZprWU8BG3iEHu4iNBhTfSqRnqDUZ-6joMakcm6En9ZI52zCY0jZFXNlDOtg,1,2026-04-02 17:18:52,2026-06-23 13:17:48
79,39990,Android,BP22.250325.006,c4CVwuN3RISemDT6e6ckl8:APA91bEyLbcnuRxXFC_ZGIdUO_KLAN4fYOhrDRvohJpse4ZLmnMx3ZWiDd88ZprWU8BG3iEHu4iNBhTfSqRnqDUZ-6joMakcm6En9ZI52zCY0jZFXNlDOtg,1,2026-04-02 17:25:44,2026-06-23 13:17:48
82,40036,Android,BP22.250325.006,dZd0W8zLSMeakHZOZRN8Pk:APA91bG31PCUDkjehxvwBq43yyqYyhAhuuZRcSoGkL864_a9LMC9IKiPISYBy07DdIewC-bX_eBgFq_w_R4QdXF-nT0b6VEN2_PWm15gPBqLUygfYj4goTY,1,2026-04-04 10:47:46,2026-06-23 13:17:48
83,38860,Android,BP22.250325.006,dZd0W8zLSMeakHZOZRN8Pk:APA91bG31PCUDkjehxvwBq43yyqYyhAhuuZRcSoGkL864_a9LMC9IKiPISYBy07DdIewC-bX_eBgFq_w_R4QdXF-nT0b6VEN2_PWm15gPBqLUygfYj4goTY,1,2026-04-04 16:24:04,2026-06-23 13:17:48
84,38860,Android,SP1A.210812.016,dXe_fz3YRROgz_ifpS0-Gy:APA91bG8KQ8Z9bjRqW0gL2SomoTVsCS0_a-9lQ9RqOxC5eldq5ZgwS4a5671PyVMPG38EMvqfmox_ChMeU50Uibup9fB6-VcSN9wJOVtY574odaQdEUW1yI,1,2026-04-04 15:42:30,2026-06-23 13:17:48
85,38860,Apple,C5FEFE45-5B61-4464-86EF-5F310879E00F,dvDpJC6jckPnkeVi-anCNw:APA91bEba2naFzK-tUDeYGSuJv72lrsgNDw0LMgxvkvDxcUGWUvMskHsgfd7gLgSbip687k75eic0HTnvmbF1KimPAUjZhg8M1FFJDlQfFSmneG8VNK-un0,1,2026-04-11 15:24:05,2026-06-23 13:17:48
86,39314,Apple,79375D78-F153-45A8-ADA6-8600D825C257,dxvmW2JWj0OLlZu8pW1Fva:APA91bEUIgd6RFUSIXTKfhWBmjryUsGCqjhSZtI0lQZxw_H4llPF0nHppfDKzNkYgCo287ziUyQDCzER7AmCK8hfqPQQZ4Kqb3gDolxJwnRuaPHYXOnHg_E,1,2026-04-04 19:24:46,2026-06-23 13:17:48
87,26656,Apple,D8378CA6-28DE-4A2A-83F3-875D0B7EF2E4,69A797F78AF9E458A80C1DF2151B64F5EF3184321081918D4F27783CF91711B3,1,2026-04-04 18:26:49,2026-06-23 13:17:48
88,39314,Android,SP1A.210812.016,dsMSiKXCQbqZfrgcoM8VHt:APA91bHZfCxddrKbgZuKbCGa22ipOlkzuVE5Vjy4eKSOGCwW7UCmAwlUBSgN6_xmwCScNBmOfTHNkx9yPOS3-oQiKdE3jJEZyUvpUAlxglX6mMNp2acQM94,1,2026-05-05 14:59:38,2026-06-23 13:17:48
90,40045,Android,BP22.250325.006,f_ilpxS0SqaSDYgYZ9Z59s:APA91bH07UHiYyvXRjIYbpIpAIU8a5vFJurinxe2_GXPtzmJN5BWUvQ4mWmxz7nTM8uhWG-Gi7y_B0oHyoaUqESaA66L8N8Rjz1dCAp5tyVt7uOuSxDBWoU,1,2026-04-06 11:47:23,2026-06-23 13:17:48
91,26656,Android,BE2A.250530.026.F3,cEEklNJ7TQOfvcyQkXWeAe:APA91bEjRL6EbXy_9s_8T8_XK3rT_Ww0-FZJXGs72kUY2iti041lUU9WYqqONtiGZg-ghnQWzOJMTZ8QG4BHdKaxoCXnbpBBy41FekqdbCXPGOEcAdNiYSE,1,2026-04-04 18:32:09,2026-06-23 13:17:48
92,26656,Apple,0E858390-AE22-4753-A7D4-9C1AC319F526,dN0O8OGG_EIsnUh0xeGFV2:APA91bHPuuCMITkoJXRHQvWFcgDzklYU7Ig2RKKt9d5ZBnDS7sszZm-eTkUHUhtGmYxxyfXLbiJhuiCPNdOunSn4c31OWIR91k7uM5YFACHDjsjVHKDz4YQ,1,2026-05-01 13:32:55,2026-06-23 13:17:48
93,39346,Apple,9EAFEA76-1748-4593-B2FF-E8166DC8E7C6,fpHdqKpl-Ey6qs79nEuQQ6:APA91bHIrkK-FE5XfYUuF70ad3WGJFqsR7fyBNSIMzbJO_wnjSBm4XgKWclQnRcK_Nc4U8FKDXVq4-X12Y6JeP6xdCMFCQB5zuntpS_eDSut6hKuBbxF1gk,1,2026-04-05 16:22:09,2026-06-23 13:17:48
96,40038,Android,TP1A.220624.014,dZhLV4ZsT-mWgLIm0hZThb:APA91bEANPZWTwKdwdCcmEgYWOJab31NXXCtByGEPw781BRTEZYEOIpO0CmeAC6XzzhiC2_tLr33kcwT1cVt4NR4cEuxeof8tdD7TBb1dhoXc_thxU2Qjck,1,2026-04-06 13:12:20,2026-06-23 13:17:48
102,40053,Android,BE4B.251210.005,c3kQNv7-QzG27OC9yzpUPm:APA91bG-VUP03rB0fA681ZnH34BKLNnJU9mRIp4ago2Xw8oYKaZJTZOUxgc1sU01Bxd4YnMR8cxYqSR2zURL8xa0vstU1s3RgfJXt4LbdftXAQYCsspMK1c,1,2026-04-07 14:48:36,2026-06-23 13:17:48
103,40053,Apple,5E65E788-02F1-421D-A72B-6D6BAB870220,c2YqC0PwO0QTikQLlmpInI:APA91bG5D3lzDIoOaBb9yqu3JjoSl2cV82iVCG_LRAac-D0__HyLP2iERo3Zo0pNKD-5WS9TJW3gRqRq0I8HXoXRDhJgdO5bhHcu5gwUC7leqOG7ypCa514,1,2026-04-07 16:55:56,2026-06-23 13:17:48
105,39314,Android,TP1A.220624.014,c8n6f8XyQni2wZbFW0trng:APA91bHnWdsY_NJvMMBmet0KTBS91bH15kGiEjKaXDZ_y_eb0uw_osBYFgqvi6g9T7nRkCVtnA-rPTNsJRgzx0rrMym6-7yevhaoubtDlQ2_zZv3oKYaTDw,1,2026-06-17 12:40:31,2026-06-23 13:17:48
107,40057,Apple,C934B95C-1849-4DA8-9A44-8237741D64EA,dLhqR5-mIUK5hs-NnPMmLM:APA91bGBkHxPazTYXuzYXKzCDKOltearJR70vjxrOLUWSqhzC4dsooo-pnYP8nQdgGkGfoCuENB1fh-z6V5Wcyq3vChxUyHfDfFZv9Uv1V2YErf2SVtVnqk,1,2026-04-10 10:35:14,2026-06-23 13:17:48
108,40059,Apple,C934B95C-1849-4DA8-9A44-8237741D64EA,dLhqR5-mIUK5hs-NnPMmLM:APA91bGBkHxPazTYXuzYXKzCDKOltearJR70vjxrOLUWSqhzC4dsooo-pnYP8nQdgGkGfoCuENB1fh-z6V5Wcyq3vChxUyHfDfFZv9Uv1V2YErf2SVtVnqk,1,2026-04-10 14:35:54,2026-06-23 13:17:48
149,40094,Apple,ECD697AD-CC44-4C94-B227-918C7B677FD8,f6ZQBUOU_Uf3pVPuP3WbrM:APA91bFAG8U1VJRtKEeqPU6wm2NtKR_-fBevn3xRSbvWtqImfNqln5Scs7u9v3LfBY4awSxek-a3dLXN8soTZchVVh5xztLErs-bRmfde7MOZsL9-BNGic0,1,2026-05-14 12:46:40,2026-06-23 13:17:48
150,40094,Apple,7DA6F482-D3AF-46CE-A6B5-A6AD5EB19548,fPkNV7qwEEcukxEyf7mhZa:APA91bFNfswlxukdYnawW6LGfurIj4EdG9NwXqluIW4ycbVrVH8BMKjnjZJ3cGmU8rPUTbNSM6lIxm2yvF2YnPCqMhzug7p_K8h6wBpfrcDBxF11ppwxegs,1,2026-05-14 13:22:03,2026-06-23 13:17:48
155,40094,Apple,C834EE66-EE5A-4F72-BDDC-54562128DC97,fFBSRl26sE5pmF2EzSGVpm:APA91bGroEFo1uItJfOyIhDPpE5mJLy0EC24LFwCUD0cV7h_vPwskD3smpQ4LPAni_tMGKpGyNFV26_itxpW-OQyWSEtVPOHAMqSB5r69tDJafwyWobMqxA,1,2026-05-16 11:36:58,2026-06-23 13:17:48
156,40101,Apple,C834EE66-EE5A-4F72-BDDC-54562128DC97,fFBSRl26sE5pmF2EzSGVpm:APA91bGroEFo1uItJfOyIhDPpE5mJLy0EC24LFwCUD0cV7h_vPwskD3smpQ4LPAni_tMGKpGyNFV26_itxpW-OQyWSEtVPOHAMqSB5r69tDJafwyWobMqxA,1,2026-05-16 12:29:36,2026-06-23 13:17:48
157,40102,Apple,C834EE66-EE5A-4F72-BDDC-54562128DC97,fFBSRl26sE5pmF2EzSGVpm:APA91bGroEFo1uItJfOyIhDPpE5mJLy0EC24LFwCUD0cV7h_vPwskD3smpQ4LPAni_tMGKpGyNFV26_itxpW-OQyWSEtVPOHAMqSB5r69tDJafwyWobMqxA,1,2026-05-16 12:36:46,2026-06-23 13:17:48
158,40103,Apple,C834EE66-EE5A-4F72-BDDC-54562128DC97,fFBSRl26sE5pmF2EzSGVpm:APA91bGroEFo1uItJfOyIhDPpE5mJLy0EC24LFwCUD0cV7h_vPwskD3smpQ4LPAni_tMGKpGyNFV26_itxpW-OQyWSEtVPOHAMqSB5r69tDJafwyWobMqxA,1,2026-05-16 12:43:14,2026-06-23 13:17:48
159,40106,Apple,C834EE66-EE5A-4F72-BDDC-54562128DC97,fFBSRl26sE5pmF2EzSGVpm:APA91bGroEFo1uItJfOyIhDPpE5mJLy0EC24LFwCUD0cV7h_vPwskD3smpQ4LPAni_tMGKpGyNFV26_itxpW-OQyWSEtVPOHAMqSB5r69tDJafwyWobMqxA,1,2026-05-16 12:46:17,2026-06-23 13:17:48
160,40107,Apple,C834EE66-EE5A-4F72-BDDC-54562128DC97,fFBSRl26sE5pmF2EzSGVpm:APA91bGroEFo1uItJfOyIhDPpE5mJLy0EC24LFwCUD0cV7h_vPwskD3smpQ4LPAni_tMGKpGyNFV26_itxpW-OQyWSEtVPOHAMqSB5r69tDJafwyWobMqxA,1,2026-05-16 12:56:50,2026-06-23 13:17:48
162,40113,Apple,E8C7FF7E-D5FC-476B-BCB7-5411E763F07C,fVC0UsdexExjqtL7BYiiZJ:APA91bE4sX1SwfPBGeY1mm_fNVyiQWwFAkuay8h5GgMu-4BXjDGw3RipbAgd--PskMnrGvHutV1Vd_YbiFZp1yykbEyIy5d0iU4MdX5mvjFqqDRTvjpynlY,1,2026-05-19 13:41:25,2026-06-23 13:17:48
163,38872,Android,TP1A.220624.014,e1HYEO-uTruDoMHbP86mDF:APA91bEiMNpLntBVqJ3BazCdAxVdDyLxaSJhDuBzsgc9X5LfKNVxReVzG7pJoM1I1roWhfEKN3NJAfpGbkwErz8QKQWkJwbt7OTb23EgLAWBVju80i8CjaQ,1,2026-05-21 14:47:00,2026-06-23 13:17:48
166,39001,Apple,EE5116F6-F9C9-4F7D-875D-54BCAF83C14A,cCmhNYUVNErQqMofWSEqlE:APA91bHVNKtRc0FaqwM-ZXh87Sr91icmA-mw3iZkNr7L0XtTHcn5--xeKUJP4xviQp03qHj-oJsdMeKG6Ozx3BKF7PTS2NvwCZuoSacNjtrS1uieFCV4B48,0,2026-05-22 15:24:32,2026-06-23 13:17:48
167,39001,Android,BP2A.250605.031.A3,fpDPj6QgTuG9I9kQFhPg-b:APA91bEIBzwTgZQWI7TJxnm9RVVUD0bHMstyer8mU9IWORltRS80wBx0DA3mH4iRgVIafybJe7bAyaI791usaEoud9StigATeUtsBWbykCdbQ9CfZuVTStY,1,2026-05-30 18:22:37,2026-06-23 13:17:48
168,39001,Apple,599CF997-F5C6-4FAC-B15E-5074637BF9D4,fUe7Nu0VwEIMrMP4U7Nk3H:APA91bG0YzFus6PnH0VOGi7IISauEfimAptTQ712jjj9LmI5lln8k2lukaTIFqDTaqd1NTuPrerEoEwoXYMbRnty4IVNdIe45qcn0OxERNqQaKgbk6ypq3s,1,2026-05-22 17:01:14,2026-06-23 13:17:48
169,39001,Apple,842C0C51-DD10-4179-AE03-F3B0F3C85B0B,dmszs_R7Ykk_ieLPVbiixH:APA91bFy95kT_NnmAZKaUBwEs3XacM3cquEz3FjYSbKcg9GnAgiH6I5TsKyT2J4ly04XAJTcG4sxck0dQtr33fRSeKzgpmpSmFbuLICOoP4BkcDQ-aexXkw,1,2026-05-26 11:19:08,2026-06-23 13:17:48
170,39001,Apple,F2DE0555-FE1F-4321-A069-183CDA5E94BD,e-MtpvS8ZUVkhnwmzaLPgW:APA91bHhKvESMHs4iob20mtNRQXUtLXdShbhsC6v2QX-VJFZ9bzBp5A4OXKoRnkpXDvcqCf4_XquDn8b9fOIbyOHtlxSyXDi08lrMmJFgxVkVkvhQdZvys4,1,2026-05-26 10:59:28,2026-06-23 13:17:48
171,39001,Apple,4AA0BE03-C528-4346-B9C5-ECC57EEAE489,clvzgtW7wE2XtcK4lH0eW8:APA91bHTZu6IXcQYWCmGnWlYbp4pV7gEYxLxJJe3q55Rb941KlgsDCL345UMhGtSD8o-KqScTGbBcGSUWKH7BIzst3KMgKkMp0NexhzTTARL_WdBhbWxtZc,1,2026-05-28 15:00:59,2026-06-23 13:17:48
172,39239,Android,BP22.250325.006,dsDTbs6aQCiqXajgsHjphu:APA91bGNKhJ6Ns-okB_xqAzF_ra3fMIMegSUqTjRUke8PPYMdpd_lLttzLI0u1XCOZS7zp4DIiTN3mFF15reh8PyG701QBWOqgVbMEtYhigGJ_fnDkUKh8A,1,2026-06-05 13:17:21,2026-06-23 13:17:48
173,40135,Apple,4AA0BE03-C528-4346-B9C5-ECC57EEAE489,clvzgtW7wE2XtcK4lH0eW8:APA91bHTZu6IXcQYWCmGnWlYbp4pV7gEYxLxJJe3q55Rb941KlgsDCL345UMhGtSD8o-KqScTGbBcGSUWKH7BIzst3KMgKkMp0NexhzTTARL_WdBhbWxtZc,1,2026-05-28 17:35:36,2026-06-23 13:17:48
174,39001,Apple,D7EBEF39-6E75-41BF-B00D-CA4486AE88D0,fxs2wYDW6E8tgvg_vKslwi:APA91bE9IE4PBTG3kbYh5sIdaiVL84Ho3EJ1DABEy6YCxCcPlomsSSgVvFXKbReuPLDb9P4Z2HQCYhXUKzaFjt5siyjnXWNxAzZHw-AK5sTZZtWgvOGD-no,1,2026-05-30 11:50:10,2026-06-23 13:17:48
175,40139,Apple,D7EBEF39-6E75-41BF-B00D-CA4486AE88D0,fxs2wYDW6E8tgvg_vKslwi:APA91bE9IE4PBTG3kbYh5sIdaiVL84Ho3EJ1DABEy6YCxCcPlomsSSgVvFXKbReuPLDb9P4Z2HQCYhXUKzaFjt5siyjnXWNxAzZHw-AK5sTZZtWgvOGD-no,1,2026-05-29 12:34:23,2026-06-23 13:17:48
176,40142,Apple,D7EBEF39-6E75-41BF-B00D-CA4486AE88D0,fxs2wYDW6E8tgvg_vKslwi:APA91bE9IE4PBTG3kbYh5sIdaiVL84Ho3EJ1DABEy6YCxCcPlomsSSgVvFXKbReuPLDb9P4Z2HQCYhXUKzaFjt5siyjnXWNxAzZHw-AK5sTZZtWgvOGD-no,1,2026-05-29 16:42:01,2026-06-23 13:17:48
177,40143,Apple,D7EBEF39-6E75-41BF-B00D-CA4486AE88D0,fxs2wYDW6E8tgvg_vKslwi:APA91bE9IE4PBTG3kbYh5sIdaiVL84Ho3EJ1DABEy6YCxCcPlomsSSgVvFXKbReuPLDb9P4Z2HQCYhXUKzaFjt5siyjnXWNxAzZHw-AK5sTZZtWgvOGD-no,1,2026-05-29 18:10:53,2026-06-23 13:17:48
178,26656,Apple,F1681D9B-C9AF-47A0-86D7-F1EC693E139B,eZefr9tLPEDLqEndfnhQyz:APA91bF1MaXdfUraYu22dgL0-KrY7B7dskQSosLeSt3Q4zwsfT6K5ZWW8eIJ3ZUpuerCBVYmBURYCRBtlNGOuHwoTZ2UiIYbcqnjAAxSAL9gM5Fx6GHJU8U,1,2026-05-30 12:02:37,2026-06-23 13:17:48
179,39001,Apple,0687DB64-8867-42FB-8669-78245A26ED70,dbX7mvop7ktbgF0WmWL6AC:APA91bFeZbEKyZxHkY3CNgZV787apalkAo5DK2_JMbgLTCqNWoinKiGPxpK9l2AhPOSg_lp_eLZwt-QWfJp_ZXk9fhAhzPTwjlKEU3Z55_ROYXE2Dp0LEMI,1,2026-05-30 12:45:34,2026-06-23 13:17:48
180,39001,Apple,DA262463-FA27-45E7-93A8-3EAF373AFE5C,chelPSHqIET8uzB22Q77mJ:APA91bF-imLZhP-WIvl1VF4Yr_T48BOdeVbiGZiD0ERmx5kk38THbRP7tZMOL9Lk1ZOAgjTFSB0hMzz0hPyX7CZkZMJf1dFDlXqYUQcZYA7BG9IM3aprrb0,1,2026-05-30 13:26:20,2026-06-23 13:17:48
181,19,Android,TP1A.220624.014,e6Or3HT5SfC6V_TnuUVR6r:APA91bHvht2harvO2MdgbdmFntN_b6BOCBwuIwA1CBYkezi5HMcdkL9gp4JFrITKnOtYTPfWhdsNRvxNLqYDOTjUcrMTidXxqK57xS5FuocMk6Mt4A_Dv0Y,1,2026-06-19 15:49:00,2026-06-23 13:17:48
182,39001,Apple,B3B44C5E-93D7-452C-B379-EDE7B8F032EC,esvbNbL8bEPVnCCtum9WiR:APA91bGRCnJekWWKA6oRhaEiT4NVz4IBXHhb07EguxAZVBet7NsD1zGTLLFqwIdJWvrl2KdUXp8B-Kgo30RdDvLHX6WLylH2Wb-cJWSqFKEmdAfATzdF00A,1,2026-05-30 19:07:21,2026-06-23 13:17:48
183,39001,Apple,D8C30817-477B-4545-9B46-0C540F767073,dEG4Cah81E5Rqq6frdrPZ2:APA91bEy3DIjhpfoFUP1GHl__fhO9Lrq-VrplgH2-tIcqJo5q891hBkPGROMAvXuhbbVg0We_K6ONGtVu6vdN2W2MhgQ3glPdUAXjwwlG6D1LdTW7Xipy3g,1,2026-06-02 12:35:17,2026-06-23 13:17:48
184,40185,Apple,AD64DBDF-39C5-4082-995A-509CE4B601A4,fFMvCzUrhEN0lmHBkKtVv6:APA91bER8KY2S4IyRZZxcclXv5ch6oaJkIvT4FLuRBOXx8IIKMsBsjLO0vQXoVUocDqN8adCq6UiveURiCalDW6sf5CVWMRsgd7DjY4_1M-tKKrodRprpnw,1,2026-06-02 14:48:49,2026-06-23 13:17:48
185,40186,Apple,D8C30817-477B-4545-9B46-0C540F767073,dEG4Cah81E5Rqq6frdrPZ2:APA91bEy3DIjhpfoFUP1GHl__fhO9Lrq-VrplgH2-tIcqJo5q891hBkPGROMAvXuhbbVg0We_K6ONGtVu6vdN2W2MhgQ3glPdUAXjwwlG6D1LdTW7Xipy3g,1,2026-06-02 14:58:09,2026-06-23 13:17:48
186,40186,Apple,AD64DBDF-39C5-4082-995A-509CE4B601A4,fFMvCzUrhEN0lmHBkKtVv6:APA91bER8KY2S4IyRZZxcclXv5ch6oaJkIvT4FLuRBOXx8IIKMsBsjLO0vQXoVUocDqN8adCq6UiveURiCalDW6sf5CVWMRsgd7DjY4_1M-tKKrodRprpnw,1,2026-06-02 15:18:29,2026-06-23 13:17:48
187,40191,Apple,91EE6610-3234-4F08-9307-4F674649AB2D,f66beS_Pmku3runAmkjf53:APA91bHBrlnocIlxj6RNakqT_TmnitNGwOVy2ix530Y06qgC_ltncKMS87t0EMWISmWIeW9vtUPx5g0J3HnNkKXSNWCc4K7S-0Y0DyjPB6KD7352SJThrcY,1,2026-06-02 16:26:20,2026-06-23 13:17:48
188,39001,Apple,13A754EC-EBB3-4E46-9D14-F3892A75F507,chUjlHb8_kg2k9JJeG5ef7:APA91bFaDlY5xaTvftgRB6_lRKpMSgWes4g1SJD_MYJepv2npqYZhuIhzm-0Eqy2tqccj7WDjgWQqfHuyvvs2Zi571_mA5k31mXFUaYayQWnHLIg2Xlyeiw,1,2026-06-03 10:40:07,2026-06-23 13:17:48
189,40198,Apple,91EE6610-3234-4F08-9307-4F674649AB2D,f66beS_Pmku3runAmkjf53:APA91bHBrlnocIlxj6RNakqT_TmnitNGwOVy2ix530Y06qgC_ltncKMS87t0EMWISmWIeW9vtUPx5g0J3HnNkKXSNWCc4K7S-0Y0DyjPB6KD7352SJThrcY,1,2026-06-03 11:05:17,2026-06-23 13:17:48
190,40203,Apple,91EE6610-3234-4F08-9307-4F674649AB2D,f66beS_Pmku3runAmkjf53:APA91bHBrlnocIlxj6RNakqT_TmnitNGwOVy2ix530Y06qgC_ltncKMS87t0EMWISmWIeW9vtUPx5g0J3HnNkKXSNWCc4K7S-0Y0DyjPB6KD7352SJThrcY,1,2026-06-03 13:17:13,2026-06-23 13:17:48
191,40206,Apple,91EE6610-3234-4F08-9307-4F674649AB2D,f66beS_Pmku3runAmkjf53:APA91bHBrlnocIlxj6RNakqT_TmnitNGwOVy2ix530Y06qgC_ltncKMS87t0EMWISmWIeW9vtUPx5g0J3HnNkKXSNWCc4K7S-0Y0DyjPB6KD7352SJThrcY,1,2026-06-03 15:01:21,2026-06-23 13:17:48
192,40212,Apple,13A754EC-EBB3-4E46-9D14-F3892A75F507,chUjlHb8_kg2k9JJeG5ef7:APA91bFaDlY5xaTvftgRB6_lRKpMSgWes4g1SJD_MYJepv2npqYZhuIhzm-0Eqy2tqccj7WDjgWQqfHuyvvs2Zi571_mA5k31mXFUaYayQWnHLIg2Xlyeiw,1,2026-06-03 18:16:34,2026-06-23 13:17:48
193,40213,Apple,C10D65AE-9C4C-410B-B4E6-EF870230B01A,cffalkRewE9mly4eVI227l:APA91bFaFF0OLeACyi8o5QynL-moJXq4EKVF9t0Mm6aFIrWaMpl9cifPAWa3SEiNOiad19hW1PguO-UMpflROjsbiGlB4MCnUfxtR4LH6VT-9Y9gj0DOQBA,1,2026-06-04 11:10:44,2026-06-23 13:17:48
194,39001,Apple,C10D65AE-9C4C-410B-B4E6-EF870230B01A,cffalkRewE9mly4eVI227l:APA91bFaFF0OLeACyi8o5QynL-moJXq4EKVF9t0Mm6aFIrWaMpl9cifPAWa3SEiNOiad19hW1PguO-UMpflROjsbiGlB4MCnUfxtR4LH6VT-9Y9gj0DOQBA,1,2026-06-04 18:02:17,2026-06-23 13:17:48
195,40220,Apple,1F0C0D92-764A-499F-A6DB-D4EA4A3C376D,d-E0TRyQDkF1m8oJSDZ_kv:APA91bF_hcTbWzHDuYN6tgcP0SHIb3DfoEKAuaCvi5exVAU8q9c0GCPQCjv8chi_Kj8n59Vn4gJTWA1cAdmrR0DsfPwSJadVOxhaNNeTIP-hUnkpGWbhisQ,1,2026-06-05 13:23:41,2026-06-23 13:17:48
196,39001,Apple,1F0C0D92-764A-499F-A6DB-D4EA4A3C376D,d-E0TRyQDkF1m8oJSDZ_kv:APA91bF_hcTbWzHDuYN6tgcP0SHIb3DfoEKAuaCvi5exVAU8q9c0GCPQCjv8chi_Kj8n59Vn4gJTWA1cAdmrR0DsfPwSJadVOxhaNNeTIP-hUnkpGWbhisQ,1,2026-06-12 16:39:50,2026-06-23 13:17:48
197,39001,Apple,FBF69419-DA68-47A6-ABA2-DBC9574FE104,fgX0RwuIWUohmUjbt3tAWW:APA91bGUOhPxYdYWqLo0BII1KPE4mF8-4JlNlUqyufMOOwynSw3NDaf-Sz7qhWTo6Mezx2MGPvB-TyljzUuAAV-XCbIQQ6SawXFy11AIRjTpDkfnAnuL5Sk,1,2026-06-05 18:01:27,2026-06-23 13:17:48
198,40222,Apple,1F0C0D92-764A-499F-A6DB-D4EA4A3C376D,d-E0TRyQDkF1m8oJSDZ_kv:APA91bF_hcTbWzHDuYN6tgcP0SHIb3DfoEKAuaCvi5exVAU8q9c0GCPQCjv8chi_Kj8n59Vn4gJTWA1cAdmrR0DsfPwSJadVOxhaNNeTIP-hUnkpGWbhisQ,1,2026-06-06 10:43:06,2026-06-23 13:17:48
199,40224,Apple,FBF69419-DA68-47A6-ABA2-DBC9574FE104,fgX0RwuIWUohmUjbt3tAWW:APA91bGUOhPxYdYWqLo0BII1KPE4mF8-4JlNlUqyufMOOwynSw3NDaf-Sz7qhWTo6Mezx2MGPvB-TyljzUuAAV-XCbIQQ6SawXFy11AIRjTpDkfnAnuL5Sk,1,2026-06-06 11:34:28,2026-06-23 13:17:48
200,40225,Android,BP22.250325.006,dsDTbs6aQCiqXajgsHjphu:APA91bGNKhJ6Ns-okB_xqAzF_ra3fMIMegSUqTjRUke8PPYMdpd_lLttzLI0u1XCOZS7zp4DIiTN3mFF15reh8PyG701QBWOqgVbMEtYhigGJ_fnDkUKh8A,1,2026-06-06 10:45:05,2026-06-23 13:17:48
201,40260,Apple,146EC7F0-C233-487A-AD4A-AAD67FED9DDB,dp43L8OuZ0ZOkl9k1Avu88:APA91bH-OL2zmufdUaSTycHYJbwUVckpg-iwRzTpDVJiVTx7AcQ4XomsuQPiMGDXSlM_HUx7RwM4x8-jh9oechY1UUKk3UlYT-1B0stkRhe0w329pEzpwBQ,1,2026-06-06 15:55:27,2026-06-23 13:17:48
202,40261,Apple,146EC7F0-C233-487A-AD4A-AAD67FED9DDB,dp43L8OuZ0ZOkl9k1Avu88:APA91bH-OL2zmufdUaSTycHYJbwUVckpg-iwRzTpDVJiVTx7AcQ4XomsuQPiMGDXSlM_HUx7RwM4x8-jh9oechY1UUKk3UlYT-1B0stkRhe0w329pEzpwBQ,1,2026-06-06 16:08:53,2026-06-23 13:17:48
203,40262,Apple,146EC7F0-C233-487A-AD4A-AAD67FED9DDB,dp43L8OuZ0ZOkl9k1Avu88:APA91bH-OL2zmufdUaSTycHYJbwUVckpg-iwRzTpDVJiVTx7AcQ4XomsuQPiMGDXSlM_HUx7RwM4x8-jh9oechY1UUKk3UlYT-1B0stkRhe0w329pEzpwBQ,1,2026-06-06 17:22:08,2026-06-23 13:17:48
204,40264,Apple,146EC7F0-C233-487A-AD4A-AAD67FED9DDB,dp43L8OuZ0ZOkl9k1Avu88:APA91bH-OL2zmufdUaSTycHYJbwUVckpg-iwRzTpDVJiVTx7AcQ4XomsuQPiMGDXSlM_HUx7RwM4x8-jh9oechY1UUKk3UlYT-1B0stkRhe0w329pEzpwBQ,1,2026-06-06 18:44:10,2026-06-23 13:17:48
205,40264,Apple,1F0C0D92-764A-499F-A6DB-D4EA4A3C376D,d-E0TRyQDkF1m8oJSDZ_kv:APA91bF_hcTbWzHDuYN6tgcP0SHIb3DfoEKAuaCvi5exVAU8q9c0GCPQCjv8chi_Kj8n59Vn4gJTWA1cAdmrR0DsfPwSJadVOxhaNNeTIP-hUnkpGWbhisQ,1,2026-06-08 11:33:53,2026-06-23 13:17:48
206,39001,Apple,FF107A5A-0D72-4429-9ED4-BDF2CDF9426A,fchuqUA0uEq6v6Z_MrohLR:APA91bHZ632_waHVXTWlafBCjQEr6yab7YnEmFtmLiW53JAV9da1JuXSUt5_Rfejf2r3ASq0zU2m2qpkelHtMfhwr1ntoY8TCgRaMDUhXpZV0myKvNFPaOc,1,2026-06-08 15:42:31,2026-06-23 13:17:48
207,39239,Apple,FF107A5A-0D72-4429-9ED4-BDF2CDF9426A,fchuqUA0uEq6v6Z_MrohLR:APA91bHZ632_waHVXTWlafBCjQEr6yab7YnEmFtmLiW53JAV9da1JuXSUt5_Rfejf2r3ASq0zU2m2qpkelHtMfhwr1ntoY8TCgRaMDUhXpZV0myKvNFPaOc,1,2026-06-08 16:16:28,2026-06-23 13:17:48
208,40268,Apple,BE8FB759-C762-470E-B43D-6F01B147278E,elfxnvxO_EM6j_JAUNtwTm:APA91bGvkUGo-REDDXRmG0o86hvhn-Imyp6EQq9lhhkJK5WLvM6VwmkjzuduY03XIp6j90w2sNX3mbN4FSLb260-z4SzoajXYmu5CBe2hW5uRU4fqRsfCYU,1,2026-06-08 16:41:16,2026-06-23 13:17:48
209,40270,Apple,BDF26C4A-989C-4186-B282-48246BE44645,fDp9GJV4Hk9Ehfe0uOMzye:APA91bGy0Nk8pWUSU73zreGoPH5pG6KAiZNTOqHpedofr1-jrairAob3j16phXRQWfUqh7o70u296ThQFNZpoaYJdgnhiAe6K0WgPdRausdnpkAL6HnNp8c,1,2026-06-08 16:51:41,2026-06-23 13:17:48
210,40271,Apple,BDF26C4A-989C-4186-B282-48246BE44645,fDp9GJV4Hk9Ehfe0uOMzye:APA91bGy0Nk8pWUSU73zreGoPH5pG6KAiZNTOqHpedofr1-jrairAob3j16phXRQWfUqh7o70u296ThQFNZpoaYJdgnhiAe6K0WgPdRausdnpkAL6HnNp8c,1,2026-06-08 17:47:24,2026-06-23 13:17:48
211,40274,Apple,BDF26C4A-989C-4186-B282-48246BE44645,fDp9GJV4Hk9Ehfe0uOMzye:APA91bGy0Nk8pWUSU73zreGoPH5pG6KAiZNTOqHpedofr1-jrairAob3j16phXRQWfUqh7o70u296ThQFNZpoaYJdgnhiAe6K0WgPdRausdnpkAL6HnNp8c,1,2026-06-08 17:59:50,2026-06-23 13:17:48
212,40275,Apple,0133933F-211A-409C-8943-23289111F91D,eZyKPGG3rUZQla72tSGIVo:APA91bGivLNYGp-B_cFk927f6YALCPl6gG-5GTSGvMuMZy8Cen0a8t0lQE5qwxMSKrgHL2-Hq6Oiz05XmmNMdhjozvNsC3zlEHjRRKeShZxksgwibLfYK40,1,2026-06-08 18:12:53,2026-06-23 13:17:48
213,40276,Apple,B9C6733C-446B-471D-8725-6CAA97D9CF14,f1WcYbZjnk-dkGDIeP-Y6J:APA91bEXXyn53u5SkfzbQuWIXcJNrumeSaC4UKrcOt1g2Pb1y7XlEWoRYRpBAzgUL2YDwvHc_1hBM3ADNQQKVpEv-Roqg-qwUULjPCu2v214i4wSwwvmz1c,1,2026-06-08 18:34:26,2026-06-23 13:17:48
214,40277,Apple,9C716966-42CA-4640-98E7-63A874D44CED,d0KwCm_xpE8iqpX3RiQpH4:APA91bHVmIRLdTIWh7L-MJ_h5-MFfq23C-omkV0A6awsZR92LDq9HGRhGIqOFRvDawL6XAEkvOqmLotu5_A9D3TPqJF7HnjG1mcmtY0JSLN5PCmP67zKUC8,1,2026-06-08 19:03:26,2026-06-23 13:17:48
215,40278,Apple,EC1A947E-C52B-4FB4-857A-520955A742EA,clfmAh8qOEt5kEfcRrez-M:APA91bHhav-iOuQyqC8UKGT6vDGogjF23ujWaCJgkHcRZdVNR5K593dsDlZDl2CdeLRqCR6g1edFBvDr-kTBQS34nDqkWspEbhvwg4Ve5s2Z92ngc1rMNiw,1,2026-06-09 11:51:12,2026-06-23 13:17:48
216,40281,Apple,1DBD39F3-8020-44B4-AC3A-EAC667F768E1,cs6ND0qLtUN4ihBwEsVF0i:APA91bE3fPvchH_G_l3lZgV_6BwCVXudP3csIlsk3kyQ5e3yFNgswGTAP4krMubBGRfzWPiI_bfoBW4m_tPc46btEQMGIax_qjZ2vFU0lNck7ukpjjXsz0Q,1,2026-06-09 12:26:43,2026-06-23 13:17:48
217,40283,Apple,1DBD39F3-8020-44B4-AC3A-EAC667F768E1,cs6ND0qLtUN4ihBwEsVF0i:APA91bE3fPvchH_G_l3lZgV_6BwCVXudP3csIlsk3kyQ5e3yFNgswGTAP4krMubBGRfzWPiI_bfoBW4m_tPc46btEQMGIax_qjZ2vFU0lNck7ukpjjXsz0Q,1,2026-06-09 13:05:27,2026-06-23 13:17:48
218,40284,Apple,1DBD39F3-8020-44B4-AC3A-EAC667F768E1,cs6ND0qLtUN4ihBwEsVF0i:APA91bE3fPvchH_G_l3lZgV_6BwCVXudP3csIlsk3kyQ5e3yFNgswGTAP4krMubBGRfzWPiI_bfoBW4m_tPc46btEQMGIax_qjZ2vFU0lNck7ukpjjXsz0Q,1,2026-06-09 13:39:54,2026-06-23 13:17:48
219,40286,Apple,1DBD39F3-8020-44B4-AC3A-EAC667F768E1,cs6ND0qLtUN4ihBwEsVF0i:APA91bE3fPvchH_G_l3lZgV_6BwCVXudP3csIlsk3kyQ5e3yFNgswGTAP4krMubBGRfzWPiI_bfoBW4m_tPc46btEQMGIax_qjZ2vFU0lNck7ukpjjXsz0Q,1,2026-06-09 14:38:09,2026-06-23 13:17:48
220,39314,Android,CP21.260330.012,fmV4GLQcQfa8JA5CWPy-2i:APA91bFHlIX-nDtAIWf9GdKqGTPzNjq4Pv1NXt4V2eiI-M66MYSXs45itoWYmY64NUChw6E8RLTqcpgSWvVZYyStt1BuTGsTyL52_KxWsSuqulRX5woYoq4,1,2026-06-22 16:45:40,2026-06-25 15:33:05
221,40287,Apple,1DBD39F3-8020-44B4-AC3A-EAC667F768E1,cs6ND0qLtUN4ihBwEsVF0i:APA91bE3fPvchH_G_l3lZgV_6BwCVXudP3csIlsk3kyQ5e3yFNgswGTAP4krMubBGRfzWPiI_bfoBW4m_tPc46btEQMGIax_qjZ2vFU0lNck7ukpjjXsz0Q,1,2026-06-09 14:55:26,2026-06-23 13:17:48
222,40291,Apple,1DBD39F3-8020-44B4-AC3A-EAC667F768E1,cs6ND0qLtUN4ihBwEsVF0i:APA91bE3fPvchH_G_l3lZgV_6BwCVXudP3csIlsk3kyQ5e3yFNgswGTAP4krMubBGRfzWPiI_bfoBW4m_tPc46btEQMGIax_qjZ2vFU0lNck7ukpjjXsz0Q,1,2026-06-09 15:35:52,2026-06-23 13:17:48
223,40294,Apple,1DBD39F3-8020-44B4-AC3A-EAC667F768E1,cs6ND0qLtUN4ihBwEsVF0i:APA91bE3fPvchH_G_l3lZgV_6BwCVXudP3csIlsk3kyQ5e3yFNgswGTAP4krMubBGRfzWPiI_bfoBW4m_tPc46btEQMGIax_qjZ2vFU0lNck7ukpjjXsz0Q,1,2026-06-09 16:01:30,2026-06-23 13:17:48
224,40297,Apple,1DBD39F3-8020-44B4-AC3A-EAC667F768E1,cs6ND0qLtUN4ihBwEsVF0i:APA91bE3fPvchH_G_l3lZgV_6BwCVXudP3csIlsk3kyQ5e3yFNgswGTAP4krMubBGRfzWPiI_bfoBW4m_tPc46btEQMGIax_qjZ2vFU0lNck7ukpjjXsz0Q,1,2026-06-09 16:28:41,2026-06-23 13:17:48
225,40301,Apple,8816DFD7-0F73-4159-B383-C39B337127E0,cufUU2q4kkAZveiG0Cboct:APA91bGq7_n2HGBIrSPVEN_u_Q6EGa4smqrt927x5p9wS9hqG2Y3OVrImdKy4l-utg7yrZ01A6yiVRtV7WmODqcaCMU40G2poFTO6zPaLDvTAZf8aAhW8KI,1,2026-06-09 17:47:23,2026-06-23 13:17:48
226,40305,Apple,8816DFD7-0F73-4159-B383-C39B337127E0,cufUU2q4kkAZveiG0Cboct:APA91bGq7_n2HGBIrSPVEN_u_Q6EGa4smqrt927x5p9wS9hqG2Y3OVrImdKy4l-utg7yrZ01A6yiVRtV7WmODqcaCMU40G2poFTO6zPaLDvTAZf8aAhW8KI,1,2026-06-09 18:25:43,2026-06-23 13:17:48
227,40306,Apple,8816DFD7-0F73-4159-B383-C39B337127E0,cufUU2q4kkAZveiG0Cboct:APA91bGq7_n2HGBIrSPVEN_u_Q6EGa4smqrt927x5p9wS9hqG2Y3OVrImdKy4l-utg7yrZ01A6yiVRtV7WmODqcaCMU40G2poFTO6zPaLDvTAZf8aAhW8KI,1,2026-06-09 18:37:36,2026-06-23 13:17:48
228,40307,Apple,8816DFD7-0F73-4159-B383-C39B337127E0,cufUU2q4kkAZveiG0Cboct:APA91bGq7_n2HGBIrSPVEN_u_Q6EGa4smqrt927x5p9wS9hqG2Y3OVrImdKy4l-utg7yrZ01A6yiVRtV7WmODqcaCMU40G2poFTO6zPaLDvTAZf8aAhW8KI,1,2026-06-09 18:39:52,2026-06-23 13:17:48
229,40309,Apple,8816DFD7-0F73-4159-B383-C39B337127E0,cufUU2q4kkAZveiG0Cboct:APA91bGq7_n2HGBIrSPVEN_u_Q6EGa4smqrt927x5p9wS9hqG2Y3OVrImdKy4l-utg7yrZ01A6yiVRtV7WmODqcaCMU40G2poFTO6zPaLDvTAZf8aAhW8KI,1,2026-06-10 11:11:06,2026-06-23 13:17:48
230,39001,Apple,8816DFD7-0F73-4159-B383-C39B337127E0,cufUU2q4kkAZveiG0Cboct:APA91bGq7_n2HGBIrSPVEN_u_Q6EGa4smqrt927x5p9wS9hqG2Y3OVrImdKy4l-utg7yrZ01A6yiVRtV7WmODqcaCMU40G2poFTO6zPaLDvTAZf8aAhW8KI,1,2026-06-10 11:54:57,2026-06-23 13:17:48
231,39001,Apple,9C269774-3C46-4046-80C6-EB643B994F2F,d3Jhwt4juUkDu04MF-t-OG:APA91bHw_0SWf6-hElHjOALXHU6W_bGowiYuiMZoS9bGifLQ_bzJjP9aTvlYEXIGrcvF0cjco7uvMHyJ_bYbdy_be5imdiOOIG5iRVViCs22YvVOzQTaAU8,1,2026-06-11 16:06:41,2026-06-23 13:17:48
232,40310,Apple,9C269774-3C46-4046-80C6-EB643B994F2F,d3Jhwt4juUkDu04MF-t-OG:APA91bHw_0SWf6-hElHjOALXHU6W_bGowiYuiMZoS9bGifLQ_bzJjP9aTvlYEXIGrcvF0cjco7uvMHyJ_bYbdy_be5imdiOOIG5iRVViCs22YvVOzQTaAU8,1,2026-06-10 12:24:00,2026-06-23 13:17:48
233,40314,Apple,9C269774-3C46-4046-80C6-EB643B994F2F,d3Jhwt4juUkDu04MF-t-OG:APA91bHw_0SWf6-hElHjOALXHU6W_bGowiYuiMZoS9bGifLQ_bzJjP9aTvlYEXIGrcvF0cjco7uvMHyJ_bYbdy_be5imdiOOIG5iRVViCs22YvVOzQTaAU8,1,2026-06-10 13:10:41,2026-06-23 13:17:48
234,39001,Apple,A7A71B36-4A0C-4B2A-88CB-A6F6C6CF4D3D,dNH4Y03GVUQrnXyigIjn22:APA91bFN_QmySdRrbLyRyHVUtj2u2-KjwIJyFNDV1BeD8W56ZeQKHC8R-SwscbDWc9KMxTh7OQEKEL9Memh_O8HkIFGWCnUrNofpsnqiBFMj5MFGUUNMbDo,1,2026-06-11 18:41:57,2026-06-23 13:17:48
235,39239,Android,CP21.260330.012,f71CIpBvTRW_lfEXbnD1GJ:APA91bHVfThBOsCqdKghR0O5tG88BKePLSyO3064mTdf2LvzRGCKuwT_nIHUDZdVCHZKvUA_GoUg-OowgYm6ipVmo-DKFvNrHPvw-5QjZ7BAWoD6Iv0jVmY,1,2026-06-12 11:53:25,2026-06-23 17:55:47
236,39001,Apple,A867E852-E63E-4DD2-9B05-B75F09297065,cqt51o6CmEqAiE-kugP_ok:APA91bEDUXaBq0B3yKeRsQ9BoLZ5nE1OlDwG_7AT_lSpUTrUq5GIwUSuyCPXydEwfo5CF8o_9r6Tvw7vmNHPWJBgNdpw-CJU19amhIN0KIg2zZiXlgPW8UQ,1,2026-06-12 11:11:51,2026-06-23 13:17:48
237,39314,Apple,5F69238A-9E36-4112-93AD-06D63CAC798A,dI098A6i50fZufqkCh5nXT:APA91bFr34uI2QutNFAP08LdDI1UicU-Sh5qh41Jz0wS25UDLP33YP2WDBBDEvn7NyI6TZJxw4Pr1_A8N-9O-k1iglSKa6TS1N45VvM68Zd_k4Jcl_osMIs,1,2026-06-12 15:03:51,2026-06-23 13:17:48
238,39001,Apple,480ED719-C62D-4C75-9592-7A640CA3D228,fgWIYIGjGkrdsgXN8CDF1w:APA91bHkOpznjvJXeL-aUUuyQd-j3nmKXNwtW8C1a2_V-aK8R9jlSUC_2YptvqYQYi428UvYCY8nRlJmMU7zvpMbQEnYkchVxqpCHAzsMGMx5byadcAi6nc,1,2026-06-12 16:37:44,2026-06-23 13:17:48
239,39001,Apple,D077B441-6CAE-4BCF-818C-A09D40E5DAE4,eoFSPRGB-UB3pTI2bCJJBg:APA91bEJGk7J5gNOcWM4312NBYsXDDnMFR8I1gV0fTiBL58h06KRtbnbVavRQufc_M_Wd3n68oauHSqJmXbk3bFTHws_Zx1DaeSq3-_22FDbAo20uU1Zc4E,1,2026-06-12 17:26:44,2026-06-23 13:17:48
240,39001,Apple,D9D265BD-A97A-4933-BE54-0DE967911E5A,dXIw5xye-EuRrIsVATE15T:APA91bHFIXPtE5UxhjT41UlHe3P7qzEBwkDmHuR9utOUDZ8-Lv-WhRcR_GUaf8UqsHXxrzQ06Y2x2iCsjScGZRU64ZeZjJNr95KSJwgQvuWmG4wMd2oGAo8,1,2026-06-13 16:49:11,2026-06-23 13:17:48
241,39001,Apple,2DCCA9C7-5696-4E25-8296-3A7198019095,fKL7HkvtskHxiwv_I2rVBY:APA91bGfIQtm3fXLg9heExJxJl8w7Qlr4AbIQgtIS6eWl37OII5CyRdccggHLyZsNAlS1n6CBZzer3rzMV8YdnSodbliKrSwGDxUxZU3vPNZwEIisqEx7hU,1,2026-06-13 17:14:52,2026-06-23 13:17:48
242,39001,Apple,837FAB20-F5F6-46EC-94DB-BD5BE120BAE8,dSC_KcA-gk7kqAroJPAMkr:APA91bF48kBQficOeEYHvBLwck8l0a0NbAgA1hBHR5A1WVSPsrKwdQ8z9yje9lbrHHNSv3JfZS5xg8iFqeM1khR-yBqAbx53azIeH-TXDpWtaHEGOxSzSLc,1,2026-06-15 12:16:06,2026-06-23 13:17:48
243,39001,Apple,A41FB597-1467-43E0-BE73-DB901599ED99,ejKU8WXiQ00FjeZ7SAJDzj:APA91bEGknF7RxsUeWZoK2SXGDiQcsrhojNoeC-3oLyYiLR4XLunk0qeh7RXHBBzJP79i9x317qziCWqS_eykPZsZWSC6mK0idsXgykcezYcUokoNyCBlbI,1,2026-06-15 14:50:00,2026-06-23 13:17:48
244,39001,Apple,6804B7BC-221E-496E-9AF1-2F00F3432431,fISa-WigTUQAh3O4ek9wa0:APA91bEw02mg3CU1EA_aA_ns0aHQekfJpR-lrOhretmvNFvW3EP4U1bb2RdQczpBXG9aZIEWJhAGMd8NaePmoT-z5ZfeIcoid3Jp_kfeGv0iuK-Iv4fGtBw,1,2026-06-15 18:42:49,2026-06-23 13:17:48
245,134,Android,TP1A.220624.014,coVC6DvyQ-qcLpqFjg7MsO:APA91bHx73vMMUjpBnmHlVvDMgxpl0WLnog6uAzVmGGxFCRHhAM6HTPKEtAYfjykkzq3pV29JvMoQr20nK14HB-Dj6KlIPRGA3T0gFDcc2GXGseE_aqODcM,1,2026-06-15 16:31:25,2026-06-23 13:17:48
246,40369,Apple,6804B7BC-221E-496E-9AF1-2F00F3432431,fISa-WigTUQAh3O4ek9wa0:APA91bEw02mg3CU1EA_aA_ns0aHQekfJpR-lrOhretmvNFvW3EP4U1bb2RdQczpBXG9aZIEWJhAGMd8NaePmoT-z5ZfeIcoid3Jp_kfeGv0iuK-Iv4fGtBw,1,2026-06-15 17:06:30,2026-06-23 13:17:48
247,40377,Apple,6804B7BC-221E-496E-9AF1-2F00F3432431,fISa-WigTUQAh3O4ek9wa0:APA91bEw02mg3CU1EA_aA_ns0aHQekfJpR-lrOhretmvNFvW3EP4U1bb2RdQczpBXG9aZIEWJhAGMd8NaePmoT-z5ZfeIcoid3Jp_kfeGv0iuK-Iv4fGtBw,1,2026-06-15 17:48:22,2026-06-23 13:17:48
248,40378,Apple,E778DA97-9C2D-4B97-8AB0-914AD236D5D4,dQ2606xRC0gTrV-eMteHDT:APA91bGwPhsOMvzM5k4uMP69gDd1eKKR9uRV_ogvYiBmgjbgCQiH2U4f6RVUcj6zv151vgNIQB9Nz4BpCookoQaGtsKqSucF7cd8YmMuMg5mNY3zrcj-OB8,1,2026-06-15 18:16:16,2026-06-23 13:17:48
249,40380,Apple,1F0C0D92-764A-499F-A6DB-D4EA4A3C376D,d-E0TRyQDkF1m8oJSDZ_kv:APA91bF_hcTbWzHDuYN6tgcP0SHIb3DfoEKAuaCvi5exVAU8q9c0GCPQCjv8chi_Kj8n59Vn4gJTWA1cAdmrR0DsfPwSJadVOxhaNNeTIP-hUnkpGWbhisQ,1,2026-06-16 10:59:37,2026-06-23 13:17:48
250,40374,Android,TP1A.220624.014,coVC6DvyQ-qcLpqFjg7MsO:APA91bHx73vMMUjpBnmHlVvDMgxpl0WLnog6uAzVmGGxFCRHhAM6HTPKEtAYfjykkzq3pV29JvMoQr20nK14HB-Dj6KlIPRGA3T0gFDcc2GXGseE_aqODcM,1,2026-06-15 18:29:25,2026-06-23 13:17:48
251,40382,Android,TP1A.220624.014,c8n6f8XyQni2wZbFW0trng:APA91bHnWdsY_NJvMMBmet0KTBS91bH15kGiEjKaXDZ_y_eb0uw_osBYFgqvi6g9T7nRkCVtnA-rPTNsJRgzx0rrMym6-7yevhaoubtDlQ2_zZv3oKYaTDw,1,2026-06-17 12:10:04,2026-06-23 13:17:48
252,40384,Android,CP21.260330.012,fwxKmuyxQhy8woxa3cnvGg:APA91bGOp5CxFJ0bv8pZVCwoxRJcSdeqoTr-i5E1n0OV-hWVytzV0M404RaUY_ID3NB57GrnGdi-iaTrH0byxi9kAy2t29ldJS5bE8rFMDgZEQxXyXmNxaY,1,2026-06-16 10:49:19,2026-06-23 13:17:48
253,39001,Apple,62112085-92E8-408C-A297-862AA471B0A8,eyzUiQoUI0HZo4FAEFYkY5:APA91bHfzIFLVvs-oRgIx6E1fWZhQF3NlKI7eOSb8fj6JLA1mlVnZfvzXzPpTOYpwTxnet9je6zZiPSaeNK_XYLVmToaWy0zzTDREi11-ZgJXrHwtXwfUnM,1,2026-06-16 11:32:34,2026-06-23 13:17:48
254,40385,Apple,E778DA97-9C2D-4B97-8AB0-914AD236D5D4,dQ2606xRC0gTrV-eMteHDT:APA91bGwPhsOMvzM5k4uMP69gDd1eKKR9uRV_ogvYiBmgjbgCQiH2U4f6RVUcj6zv151vgNIQB9Nz4BpCookoQaGtsKqSucF7cd8YmMuMg5mNY3zrcj-OB8,1,2026-06-16 11:34:29,2026-06-23 13:17:48
255,40387,Android,CP21.260330.012,fwxKmuyxQhy8woxa3cnvGg:APA91bGOp5CxFJ0bv8pZVCwoxRJcSdeqoTr-i5E1n0OV-hWVytzV0M404RaUY_ID3NB57GrnGdi-iaTrH0byxi9kAy2t29ldJS5bE8rFMDgZEQxXyXmNxaY,1,2026-06-16 12:15:09,2026-06-23 13:17:48
256,39001,Apple,64EA89A7-16B5-4621-99B0-E0DBAF64A2F4,eRo7f0aco0gkg-jKwwc2Zt:APA91bHRZEH7T5YN4mHidc-e0xAsY7dbzp_U-Q6D9uFIlwd02Fp0b_xvC54caSB6ZopOW1-sqOtYMluz4pkDr1BYmv9IlB3v8Xp8AT0dHvO273Epnzm5DI0,1,2026-06-16 17:37:17,2026-06-23 13:17:48
257,40388,Apple,E778DA97-9C2D-4B97-8AB0-914AD236D5D4,dQ2606xRC0gTrV-eMteHDT:APA91bGwPhsOMvzM5k4uMP69gDd1eKKR9uRV_ogvYiBmgjbgCQiH2U4f6RVUcj6zv151vgNIQB9Nz4BpCookoQaGtsKqSucF7cd8YmMuMg5mNY3zrcj-OB8,1,2026-06-16 15:17:10,2026-06-23 13:17:48
258,40403,Apple,64EA89A7-16B5-4621-99B0-E0DBAF64A2F4,eRo7f0aco0gkg-jKwwc2Zt:APA91bHRZEH7T5YN4mHidc-e0xAsY7dbzp_U-Q6D9uFIlwd02Fp0b_xvC54caSB6ZopOW1-sqOtYMluz4pkDr1BYmv9IlB3v8Xp8AT0dHvO273Epnzm5DI0,1,2026-06-16 18:07:19,2026-06-23 13:17:48
259,40413,Apple,64EA89A7-16B5-4621-99B0-E0DBAF64A2F4,eRo7f0aco0gkg-jKwwc2Zt:APA91bHRZEH7T5YN4mHidc-e0xAsY7dbzp_U-Q6D9uFIlwd02Fp0b_xvC54caSB6ZopOW1-sqOtYMluz4pkDr1BYmv9IlB3v8Xp8AT0dHvO273Epnzm5DI0,1,2026-06-16 18:44:33,2026-06-23 13:17:48
261,40415,Apple,64EA89A7-16B5-4621-99B0-E0DBAF64A2F4,eRo7f0aco0gkg-jKwwc2Zt:APA91bHRZEH7T5YN4mHidc-e0xAsY7dbzp_U-Q6D9uFIlwd02Fp0b_xvC54caSB6ZopOW1-sqOtYMluz4pkDr1BYmv9IlB3v8Xp8AT0dHvO273Epnzm5DI0,1,2026-06-17 10:57:46,2026-06-23 13:17:48
262,40420,Apple,64EA89A7-16B5-4621-99B0-E0DBAF64A2F4,eRo7f0aco0gkg-jKwwc2Zt:APA91bHRZEH7T5YN4mHidc-e0xAsY7dbzp_U-Q6D9uFIlwd02Fp0b_xvC54caSB6ZopOW1-sqOtYMluz4pkDr1BYmv9IlB3v8Xp8AT0dHvO273Epnzm5DI0,1,2026-06-17 11:37:42,2026-06-23 13:17:48
263,40425,Apple,7C24D23D-E85D-4D09-9149-FE4DEE58E991,exgp6Wt1J0SeqA_RHZw5rv:APA91bFNO7Ur-cExuZSEVQ9yR3EbBQmUieVvsJvsAw0zqRj0DXJSsDl8_DeR2U5u-diwPMEY9WRomqcJN6rfRSv6MH6oUTmvnUc3xj6L_e_R7VUjwJre9cU,1,2026-06-17 12:28:20,2026-06-23 13:17:48
264,40427,Apple,7C24D23D-E85D-4D09-9149-FE4DEE58E991,exgp6Wt1J0SeqA_RHZw5rv:APA91bFNO7Ur-cExuZSEVQ9yR3EbBQmUieVvsJvsAw0zqRj0DXJSsDl8_DeR2U5u-diwPMEY9WRomqcJN6rfRSv6MH6oUTmvnUc3xj6L_e_R7VUjwJre9cU,1,2026-06-17 13:04:07,2026-06-23 13:17:48
265,40430,Apple,7C24D23D-E85D-4D09-9149-FE4DEE58E991,exgp6Wt1J0SeqA_RHZw5rv:APA91bFNO7Ur-cExuZSEVQ9yR3EbBQmUieVvsJvsAw0zqRj0DXJSsDl8_DeR2U5u-diwPMEY9WRomqcJN6rfRSv6MH6oUTmvnUc3xj6L_e_R7VUjwJre9cU,1,2026-06-17 13:16:25,2026-06-23 13:17:48
266,40433,Apple,7C24D23D-E85D-4D09-9149-FE4DEE58E991,exgp6Wt1J0SeqA_RHZw5rv:APA91bFNO7Ur-cExuZSEVQ9yR3EbBQmUieVvsJvsAw0zqRj0DXJSsDl8_DeR2U5u-diwPMEY9WRomqcJN6rfRSv6MH6oUTmvnUc3xj6L_e_R7VUjwJre9cU,1,2026-06-17 13:38:07,2026-06-23 13:17:48
267,40435,Apple,7C24D23D-E85D-4D09-9149-FE4DEE58E991,exgp6Wt1J0SeqA_RHZw5rv:APA91bFNO7Ur-cExuZSEVQ9yR3EbBQmUieVvsJvsAw0zqRj0DXJSsDl8_DeR2U5u-diwPMEY9WRomqcJN6rfRSv6MH6oUTmvnUc3xj6L_e_R7VUjwJre9cU,1,2026-06-17 14:32:38,2026-06-23 13:17:48
268,39001,Apple,7C24D23D-E85D-4D09-9149-FE4DEE58E991,exgp6Wt1J0SeqA_RHZw5rv:APA91bFNO7Ur-cExuZSEVQ9yR3EbBQmUieVvsJvsAw0zqRj0DXJSsDl8_DeR2U5u-diwPMEY9WRomqcJN6rfRSv6MH6oUTmvnUc3xj6L_e_R7VUjwJre9cU,1,2026-06-23 11:23:21,2026-06-23 13:17:48
269,39001,Android,BP4A.251205.006,c_iRew0PRZyBu-krVE-fwM:APA91bEnwhwyK3FM5tSnWFX5UuvW4T19CtsoUrTKx13fCLlAjDRcHeM65orUCG6jebP9qdA0yot_A4B0U8cBKBlSLQULbISwAkmEVIeU7cZ_kJ5vP4qZLOg,1,2026-06-19 15:58:32,2026-07-10 13:18:42
270,40459,Android,CP21.260330.012,f71CIpBvTRW_lfEXbnD1GJ:APA91bHVfThBOsCqdKghR0O5tG88BKePLSyO3064mTdf2LvzRGCKuwT_nIHUDZdVCHZKvUA_GoUg-OowgYm6ipVmo-DKFvNrHPvw-5QjZ7BAWoD6Iv0jVmY,1,2026-06-22 11:14:11,2026-06-23 13:17:48
271,40460,Android,CP21.260330.012,f71CIpBvTRW_lfEXbnD1GJ:APA91bHVfThBOsCqdKghR0O5tG88BKePLSyO3064mTdf2LvzRGCKuwT_nIHUDZdVCHZKvUA_GoUg-OowgYm6ipVmo-DKFvNrHPvw-5QjZ7BAWoD6Iv0jVmY,1,2026-06-22 13:07:19,2026-06-23 13:17:48
272,39001,Apple,4FD5C072-8367-495E-82E1-4FDF2340D8C8,cKo0KBewnkHOlK8H-SvKDM:APA91bFx8gEn9cqwmnCAUmOMnb1Db1m1OgLleGwBg8Dv6BZpTkESLBRFrqqQMu4Pfi-B0L7b2Nmsce0UIxHAadEUp56qGZ9O0xgwML3Iad3uyPqw8bPW0Vk,1,2026-06-23 12:59:15,2026-06-23 13:17:48
273,39001,Apple,0745238B-EE6B-4BEF-AE3E-7EB816BD1DE8,eXGKPp4L9kHQqE_0F6QLr0:APA91bG_XFAQ330YoCxbi1sCBKkZKe-etDZLMnOWLCN0YWQARahD2Xf-ZBQG-eIz05uJga2titIscjOMvGowC8mrP8qW9ztYHrVivwEc10nkX7Zq94lqPGA,1,2026-06-23 14:43:27,2026-06-23 14:43:27
274,39001,Apple,BC59F43C-4E31-4AF9-9EE5-C1A7A3A8E148,dKghxchDZkapnhuprMCehN:APA91bGJJNyk9_9SZ8SmY5Kpcjh3wP40IB7MfUoj1lVZIOlUa-MA-uso8xxVDGEwNmKGr4MdtIFLkfl7minf5g10rrs-xaAM16Ayk-_TU-8F6v-YlPH-1Fc,1,2026-06-23 17:59:43,2026-06-23 17:59:43
275,40480,Apple,BC59F43C-4E31-4AF9-9EE5-C1A7A3A8E148,dKghxchDZkapnhuprMCehN:APA91bGJJNyk9_9SZ8SmY5Kpcjh3wP40IB7MfUoj1lVZIOlUa-MA-uso8xxVDGEwNmKGr4MdtIFLkfl7minf5g10rrs-xaAM16Ayk-_TU-8F6v-YlPH-1Fc,1,2026-06-24 17:13:44,2026-06-24 17:13:44
276,40481,Apple,BC59F43C-4E31-4AF9-9EE5-C1A7A3A8E148,dKghxchDZkapnhuprMCehN:APA91bGJJNyk9_9SZ8SmY5Kpcjh3wP40IB7MfUoj1lVZIOlUa-MA-uso8xxVDGEwNmKGr4MdtIFLkfl7minf5g10rrs-xaAM16Ayk-_TU-8F6v-YlPH-1Fc,1,2026-06-24 17:19:07,2026-06-24 17:19:07
277,40484,Apple,1F0C0D92-764A-499F-A6DB-D4EA4A3C376D,d-E0TRyQDkF1m8oJSDZ_kv:APA91bF_hcTbWzHDuYN6tgcP0SHIb3DfoEKAuaCvi5exVAU8q9c0GCPQCjv8chi_Kj8n59Vn4gJTWA1cAdmrR0DsfPwSJadVOxhaNNeTIP-hUnkpGWbhisQ,1,2026-06-24 17:36:36,2026-06-24 17:36:36
278,40486,Android,BP4A.251205.006,fXKs4c5_TT6grUBQc17dUb:APA91bGV9QfhUCWq0EFEcuIbdpZBwmAh93sWFIBjx3tYOhVCRJVDZW51JSaJDWkx7wYimQVQbT1Fk5FC0_xiRlI69gW8QQ-cUNzVr69-V0JjkHIV3jjgxG0,1,2026-06-24 17:51:14,2026-06-24 17:51:14
279,40487,Android,CP21.260330.012,fmV4GLQcQfa8JA5CWPy-2i:APA91bFHlIX-nDtAIWf9GdKqGTPzNjq4Pv1NXt4V2eiI-M66MYSXs45itoWYmY64NUChw6E8RLTqcpgSWvVZYyStt1BuTGsTyL52_KxWsSuqulRX5woYoq4,1,2026-06-25 11:48:57,2026-06-25 11:48:57
280,40488,Android,CP21.260330.012,fmV4GLQcQfa8JA5CWPy-2i:APA91bFHlIX-nDtAIWf9GdKqGTPzNjq4Pv1NXt4V2eiI-M66MYSXs45itoWYmY64NUChw6E8RLTqcpgSWvVZYyStt1BuTGsTyL52_KxWsSuqulRX5woYoq4,1,2026-06-25 11:49:48,2026-06-25 11:49:48
281,40489,Android,CP21.260330.012,fmV4GLQcQfa8JA5CWPy-2i:APA91bFHlIX-nDtAIWf9GdKqGTPzNjq4Pv1NXt4V2eiI-M66MYSXs45itoWYmY64NUChw6E8RLTqcpgSWvVZYyStt1BuTGsTyL52_KxWsSuqulRX5woYoq4,1,2026-06-25 12:15:36,2026-06-25 12:15:36
282,40490,Android,CP21.260330.012,fmV4GLQcQfa8JA5CWPy-2i:APA91bFHlIX-nDtAIWf9GdKqGTPzNjq4Pv1NXt4V2eiI-M66MYSXs45itoWYmY64NUChw6E8RLTqcpgSWvVZYyStt1BuTGsTyL52_KxWsSuqulRX5woYoq4,1,2026-06-25 13:39:58,2026-06-25 13:39:58
283,40491,Android,CP21.260330.012,fmV4GLQcQfa8JA5CWPy-2i:APA91bFHlIX-nDtAIWf9GdKqGTPzNjq4Pv1NXt4V2eiI-M66MYSXs45itoWYmY64NUChw6E8RLTqcpgSWvVZYyStt1BuTGsTyL52_KxWsSuqulRX5woYoq4,1,2026-06-25 14:34:50,2026-06-25 14:34:50
284,39001,Apple,E88650E7-FCC1-47D3-8E0D-1EB8855F4AB1,d1AjHuHEzUbfrLUx_EPas4:APA91bGJJgycDiShQ1wePEcxZuWeB_vpsw-fD3EvYSGiQJiRjwagGPzYEwuZmmuhRyRyuhxFHIrJL72Kmp2iYLHrHOpFXN1PhOIrDtltJVQ2WKn8vPtMN_Y,1,2026-06-29 11:33:15,2026-06-29 11:33:15
285,39001,Apple,3AD52270-1DE2-480D-AE2D-9990DC6E3ACA,euGCg3COfUmHhaXyC5DPZg:APA91bHzSZFmIwH6aJzpLVfPbBFOhKBYzUouNVvUtNP9BwpA8itIo7a6XQexoDdukFbqnBp-pi13qQVAxFlunL-86-UAI8nQyNiivbzYQsF3ar30yh3Jits,1,2026-06-29 11:58:39,2026-06-29 11:58:39
286,40507,Apple,3AD52270-1DE2-480D-AE2D-9990DC6E3ACA,euGCg3COfUmHhaXyC5DPZg:APA91bHzSZFmIwH6aJzpLVfPbBFOhKBYzUouNVvUtNP9BwpA8itIo7a6XQexoDdukFbqnBp-pi13qQVAxFlunL-86-UAI8nQyNiivbzYQsF3ar30yh3Jits,1,2026-06-29 13:19:34,2026-06-29 13:19:34
287,40508,Apple,E88650E7-FCC1-47D3-8E0D-1EB8855F4AB1,d1AjHuHEzUbfrLUx_EPas4:APA91bGJJgycDiShQ1wePEcxZuWeB_vpsw-fD3EvYSGiQJiRjwagGPzYEwuZmmuhRyRyuhxFHIrJL72Kmp2iYLHrHOpFXN1PhOIrDtltJVQ2WKn8vPtMN_Y,1,2026-06-29 15:33:52,2026-06-29 15:33:52
288,40509,Android,CP21.260330.012,fmV4GLQcQfa8JA5CWPy-2i:APA91bFHlIX-nDtAIWf9GdKqGTPzNjq4Pv1NXt4V2eiI-M66MYSXs45itoWYmY64NUChw6E8RLTqcpgSWvVZYyStt1BuTGsTyL52_KxWsSuqulRX5woYoq4,1,2026-06-29 15:42:51,2026-06-29 15:42:51
289,40511,Android,CP21.260330.012,fmV4GLQcQfa8JA5CWPy-2i:APA91bFHlIX-nDtAIWf9GdKqGTPzNjq4Pv1NXt4V2eiI-M66MYSXs45itoWYmY64NUChw6E8RLTqcpgSWvVZYyStt1BuTGsTyL52_KxWsSuqulRX5woYoq4,1,2026-06-29 15:59:57,2026-06-29 15:59:57
290,40512,Android,CP21.260330.012,fmV4GLQcQfa8JA5CWPy-2i:APA91bFHlIX-nDtAIWf9GdKqGTPzNjq4Pv1NXt4V2eiI-M66MYSXs45itoWYmY64NUChw6E8RLTqcpgSWvVZYyStt1BuTGsTyL52_KxWsSuqulRX5woYoq4,1,2026-06-29 16:16:48,2026-06-29 16:16:48
291,40513,Apple,62E8300F-B3A5-487D-BD0A-F0290FD3A68F,cpeo6lx3sEzbpOIw-iKWPr:APA91bGQwHfGewiA6ODK_AwVOfQEkcYvlJx5-JMeydkAAP6ooF80sc-o7xApuS4GNrw_qP04ZmpVLsRYXgxjvJTA701LwFMUHrAzmD4BRLJ5LobDXpJyecg,1,2026-06-29 16:31:16,2026-06-29 16:31:16
292,39001,Apple,62E8300F-B3A5-487D-BD0A-F0290FD3A68F,cpeo6lx3sEzbpOIw-iKWPr:APA91bGQwHfGewiA6ODK_AwVOfQEkcYvlJx5-JMeydkAAP6ooF80sc-o7xApuS4GNrw_qP04ZmpVLsRYXgxjvJTA701LwFMUHrAzmD4BRLJ5LobDXpJyecg,1,2026-06-29 16:43:27,2026-06-29 16:43:27
293,39001,Apple,88F5702F-72F8-44C0-A0FA-8DB5BEAFED47,fuhQO9EJRkX9pD__ue_o8v:APA91bECzSUGJYu6q26Mhmo32QblISoP-nY3vya0BUMRtMUyhrKInATDN1vvY_VwJXvG66IJLB9PqQ-z_jO7y8lYhu-ZRiy6FSucxK4zNbPFYfrDu3y0j5w,1,2026-06-29 17:09:34,2026-06-29 17:09:34
294,39001,Apple,7F778766-3DC5-476F-A141-F86CE1150092,flTcf-Yx50hkmjRBIovJF6:APA91bHq15cHvcNl9ZB_V6y_6G0IPWLkoy_POS7S3du5bsvwB2QrHT-XzjQGD_tZYhdU-12-ZqviGW9CLDV0Ni6Neeb8-H6VNgRnSSLpeyPFyp5y_g9tl8s,1,2026-06-29 17:23:32,2026-06-29 17:23:32
295,39001,Apple,74696908-9C71-43EF-A33B-3519E8AFA098,ds_eIVyim0yvvD-ZzVcAgu:APA91bGPto-vhDxQLvIxDQDs9mD5cZagrvclF-sUwyfbMd_hqQ3atoo89kwWhDaqjZYcZAltXiMGIUViTbEXb1VuOhl-Rqj9-_sBTEQ98hw-XMxtsiteTl8,1,2026-06-29 17:40:07,2026-06-29 17:40:07
296,39001,Apple,49223603-7592-477C-88D4-F1E82795EF1A,ehabEb6v7UpPiwIy8QujHk:APA91bEtiSNI2MWL28c4VtBwg30Y312Xb3Nq1NqnyMG3iAgINNowDJk-Iu1TpW6hSes3_UFKqnB6i8U1JeOkq5cnkKqWwaxyDlaK_KD1YHpdHQrq86t7Dwo,1,2026-06-29 17:57:17,2026-06-29 17:57:17
297,39001,Apple,821A8C8A-82A5-4F5D-9059-316B27BC0A5C,c2Z8O2ZbwEn1jb--Zkdo0o:APA91bFSO9enqOGNdA0pmb-iz8zZiN2mvc-BHWXXtDoocNcfwXmPvwweXJNhY8lb7oByzQXr2jPU8BcwxWSlWP1iLYT-4RtO4CIvB2MeZkbvx600D-1vx5w,1,2026-06-29 18:04:08,2026-06-29 18:04:08
298,39001,Apple,77EF7501-D446-44D6-8AD0-95E1C6583D4F,dEc4dVR7i0t-rfmGyfzKjk:APA91bEN3xFpkH6UDKOEkQ07lHNU1nXXt9vPMZTDIcMTfY2GHFCEqMOIl5LjsBf6qUhbFJSM-vPEHS_QnAQw6hUzdnCgxvwAWPmUcFa8EkXL0PhqLc9dclw,1,2026-06-29 18:09:08,2026-06-29 18:09:08
299,39001,Apple,F1681D9B-C9AF-47A0-86D7-F1EC693E139B,dw7XXngQeE2RhvJczserXI:APA91bHAul_fSDAjIaF6OMySFmABfXF2u7F15D9ffYszPByRhOL_w8F6bgcvzwTCKvl9QluSFLOm-z9-Nsfwoa-Y5fqdz55uhswc0UcbFk_1rG_i52LrKyg,1,2026-06-29 23:25:12,2026-06-29 23:25:12
300,39001,Apple,33B53670-3658-4320-B44E-8A388D1C0673,eC0DjOV5pU8jh1wJmOafay:APA91bHEqN39pyw2WEJ5NGk54juucrDrynWVDHFNOqEbkqjZXJPKIBgLlFm6PXcqbFGQ-lZ8ZyMsjtPbCd4VEWW4db4hGt2QnKN9fQzdE5VIdvL4qGF_24E,1,2026-06-30 11:07:39,2026-06-30 11:07:39
301,39001,Apple,2793C083-8E97-490A-A5C2-AA86FCEADAED,duNzh7iGL0veurtPqSWnRf:APA91bGRTTY-fmg_r9h6-12i20IybeaPBaAW1QkOveFnKdUXqBLOwuxlR39FWxPa0RQ7Zz8i6z69SWIjEFWCRzrUNT4bpvJFv9J9KGL8WccQAF1qAWcTnR4,1,2026-06-30 11:25:42,2026-06-30 11:25:42
302,40515,Apple,2793C083-8E97-490A-A5C2-AA86FCEADAED,duNzh7iGL0veurtPqSWnRf:APA91bGRTTY-fmg_r9h6-12i20IybeaPBaAW1QkOveFnKdUXqBLOwuxlR39FWxPa0RQ7Zz8i6z69SWIjEFWCRzrUNT4bpvJFv9J9KGL8WccQAF1qAWcTnR4,1,2026-06-30 13:09:31,2026-06-30 13:09:31
303,40538,Android,CP21.260330.012,fmV4GLQcQfa8JA5CWPy-2i:APA91bFHlIX-nDtAIWf9GdKqGTPzNjq4Pv1NXt4V2eiI-M66MYSXs45itoWYmY64NUChw6E8RLTqcpgSWvVZYyStt1BuTGsTyL52_KxWsSuqulRX5woYoq4,1,2026-07-01 12:20:51,2026-07-01 12:20:51
304,40540,Android,CP21.260330.012,fmV4GLQcQfa8JA5CWPy-2i:APA91bFHlIX-nDtAIWf9GdKqGTPzNjq4Pv1NXt4V2eiI-M66MYSXs45itoWYmY64NUChw6E8RLTqcpgSWvVZYyStt1BuTGsTyL52_KxWsSuqulRX5woYoq4,1,2026-07-01 12:50:43,2026-07-01 12:50:43
305,40541,Android,CP21.260330.012,fmV4GLQcQfa8JA5CWPy-2i:APA91bFHlIX-nDtAIWf9GdKqGTPzNjq4Pv1NXt4V2eiI-M66MYSXs45itoWYmY64NUChw6E8RLTqcpgSWvVZYyStt1BuTGsTyL52_KxWsSuqulRX5woYoq4,1,2026-07-01 13:00:26,2026-07-01 13:00:26
306,40542,Android,CP21.260330.012,fmV4GLQcQfa8JA5CWPy-2i:APA91bFHlIX-nDtAIWf9GdKqGTPzNjq4Pv1NXt4V2eiI-M66MYSXs45itoWYmY64NUChw6E8RLTqcpgSWvVZYyStt1BuTGsTyL52_KxWsSuqulRX5woYoq4,1,2026-07-01 13:02:15,2026-07-01 13:02:15
307,40546,Android,CP21.260330.012,fmV4GLQcQfa8JA5CWPy-2i:APA91bFHlIX-nDtAIWf9GdKqGTPzNjq4Pv1NXt4V2eiI-M66MYSXs45itoWYmY64NUChw6E8RLTqcpgSWvVZYyStt1BuTGsTyL52_KxWsSuqulRX5woYoq4,1,2026-07-01 14:51:52,2026-07-01 14:51:52
308,40547,Android,CP21.260330.012,fmV4GLQcQfa8JA5CWPy-2i:APA91bFHlIX-nDtAIWf9GdKqGTPzNjq4Pv1NXt4V2eiI-M66MYSXs45itoWYmY64NUChw6E8RLTqcpgSWvVZYyStt1BuTGsTyL52_KxWsSuqulRX5woYoq4,1,2026-07-01 14:58:46,2026-07-01 14:58:46
309,40548,Android,CP21.260330.012,fmV4GLQcQfa8JA5CWPy-2i:APA91bFHlIX-nDtAIWf9GdKqGTPzNjq4Pv1NXt4V2eiI-M66MYSXs45itoWYmY64NUChw6E8RLTqcpgSWvVZYyStt1BuTGsTyL52_KxWsSuqulRX5woYoq4,1,2026-07-01 15:50:15,2026-07-01 15:50:15
310,40549,Android,CP21.260330.012,fmV4GLQcQfa8JA5CWPy-2i:APA91bFHlIX-nDtAIWf9GdKqGTPzNjq4Pv1NXt4V2eiI-M66MYSXs45itoWYmY64NUChw6E8RLTqcpgSWvVZYyStt1BuTGsTyL52_KxWsSuqulRX5woYoq4,1,2026-07-01 16:04:15,2026-07-01 16:04:15
311,40550,Android,CP21.260330.012,fmV4GLQcQfa8JA5CWPy-2i:APA91bFHlIX-nDtAIWf9GdKqGTPzNjq4Pv1NXt4V2eiI-M66MYSXs45itoWYmY64NUChw6E8RLTqcpgSWvVZYyStt1BuTGsTyL52_KxWsSuqulRX5woYoq4,1,2026-07-01 16:30:42,2026-07-01 16:30:42
312,40552,Android,CP21.260330.012,fmV4GLQcQfa8JA5CWPy-2i:APA91bFHlIX-nDtAIWf9GdKqGTPzNjq4Pv1NXt4V2eiI-M66MYSXs45itoWYmY64NUChw6E8RLTqcpgSWvVZYyStt1BuTGsTyL52_KxWsSuqulRX5woYoq4,1,2026-07-01 17:23:47,2026-07-01 17:23:47
313,40555,Apple,821A8C8A-82A5-4F5D-9059-316B27BC0A5C,c2Z8O2ZbwEn1jb--Zkdo0o:APA91bFSO9enqOGNdA0pmb-iz8zZiN2mvc-BHWXXtDoocNcfwXmPvwweXJNhY8lb7oByzQXr2jPU8BcwxWSlWP1iLYT-4RtO4CIvB2MeZkbvx600D-1vx5w,1,2026-07-02 10:42:02,2026-07-02 10:42:02
314,40556,Apple,821A8C8A-82A5-4F5D-9059-316B27BC0A5C,c2Z8O2ZbwEn1jb--Zkdo0o:APA91bFSO9enqOGNdA0pmb-iz8zZiN2mvc-BHWXXtDoocNcfwXmPvwweXJNhY8lb7oByzQXr2jPU8BcwxWSlWP1iLYT-4RtO4CIvB2MeZkbvx600D-1vx5w,1,2026-07-02 10:49:32,2026-07-02 10:49:32
315,40557,Apple,821A8C8A-82A5-4F5D-9059-316B27BC0A5C,c2Z8O2ZbwEn1jb--Zkdo0o:APA91bFSO9enqOGNdA0pmb-iz8zZiN2mvc-BHWXXtDoocNcfwXmPvwweXJNhY8lb7oByzQXr2jPU8BcwxWSlWP1iLYT-4RtO4CIvB2MeZkbvx600D-1vx5w,1,2026-07-02 10:56:15,2026-07-02 10:56:15
316,40561,Apple,821A8C8A-82A5-4F5D-9059-316B27BC0A5C,c2Z8O2ZbwEn1jb--Zkdo0o:APA91bFSO9enqOGNdA0pmb-iz8zZiN2mvc-BHWXXtDoocNcfwXmPvwweXJNhY8lb7oByzQXr2jPU8BcwxWSlWP1iLYT-4RtO4CIvB2MeZkbvx600D-1vx5w,1,2026-07-02 11:18:23,2026-07-02 11:18:23
317,40562,Apple,821A8C8A-82A5-4F5D-9059-316B27BC0A5C,c2Z8O2ZbwEn1jb--Zkdo0o:APA91bFSO9enqOGNdA0pmb-iz8zZiN2mvc-BHWXXtDoocNcfwXmPvwweXJNhY8lb7oByzQXr2jPU8BcwxWSlWP1iLYT-4RtO4CIvB2MeZkbvx600D-1vx5w,1,2026-07-02 11:56:58,2026-07-02 11:56:58
318,40564,Apple,821A8C8A-82A5-4F5D-9059-316B27BC0A5C,c2Z8O2ZbwEn1jb--Zkdo0o:APA91bFSO9enqOGNdA0pmb-iz8zZiN2mvc-BHWXXtDoocNcfwXmPvwweXJNhY8lb7oByzQXr2jPU8BcwxWSlWP1iLYT-4RtO4CIvB2MeZkbvx600D-1vx5w,1,2026-07-02 12:18:16,2026-07-02 12:18:16
319,40565,Apple,821A8C8A-82A5-4F5D-9059-316B27BC0A5C,c2Z8O2ZbwEn1jb--Zkdo0o:APA91bFSO9enqOGNdA0pmb-iz8zZiN2mvc-BHWXXtDoocNcfwXmPvwweXJNhY8lb7oByzQXr2jPU8BcwxWSlWP1iLYT-4RtO4CIvB2MeZkbvx600D-1vx5w,1,2026-07-02 14:35:40,2026-07-02 14:35:40
320,40567,Apple,821A8C8A-82A5-4F5D-9059-316B27BC0A5C,c2Z8O2ZbwEn1jb--Zkdo0o:APA91bFSO9enqOGNdA0pmb-iz8zZiN2mvc-BHWXXtDoocNcfwXmPvwweXJNhY8lb7oByzQXr2jPU8BcwxWSlWP1iLYT-4RtO4CIvB2MeZkbvx600D-1vx5w,1,2026-07-02 17:01:58,2026-07-02 17:01:58
321,40571,Apple,821A8C8A-82A5-4F5D-9059-316B27BC0A5C,c2Z8O2ZbwEn1jb--Zkdo0o:APA91bFSO9enqOGNdA0pmb-iz8zZiN2mvc-BHWXXtDoocNcfwXmPvwweXJNhY8lb7oByzQXr2jPU8BcwxWSlWP1iLYT-4RtO4CIvB2MeZkbvx600D-1vx5w,1,2026-07-02 17:28:36,2026-07-02 17:28:36
322,40573,Apple,821A8C8A-82A5-4F5D-9059-316B27BC0A5C,c2Z8O2ZbwEn1jb--Zkdo0o:APA91bFSO9enqOGNdA0pmb-iz8zZiN2mvc-BHWXXtDoocNcfwXmPvwweXJNhY8lb7oByzQXr2jPU8BcwxWSlWP1iLYT-4RtO4CIvB2MeZkbvx600D-1vx5w,1,2026-07-02 17:40:23,2026-07-02 17:40:23
323,40574,Apple,821A8C8A-82A5-4F5D-9059-316B27BC0A5C,c2Z8O2ZbwEn1jb--Zkdo0o:APA91bFSO9enqOGNdA0pmb-iz8zZiN2mvc-BHWXXtDoocNcfwXmPvwweXJNhY8lb7oByzQXr2jPU8BcwxWSlWP1iLYT-4RtO4CIvB2MeZkbvx600D-1vx5w,1,2026-07-02 18:04:34,2026-07-02 18:04:34
324,40575,Apple,821A8C8A-82A5-4F5D-9059-316B27BC0A5C,c2Z8O2ZbwEn1jb--Zkdo0o:APA91bFSO9enqOGNdA0pmb-iz8zZiN2mvc-BHWXXtDoocNcfwXmPvwweXJNhY8lb7oByzQXr2jPU8BcwxWSlWP1iLYT-4RtO4CIvB2MeZkbvx600D-1vx5w,1,2026-07-02 18:24:14,2026-07-02 18:24:14
325,40576,Apple,821A8C8A-82A5-4F5D-9059-316B27BC0A5C,c2Z8O2ZbwEn1jb--Zkdo0o:APA91bFSO9enqOGNdA0pmb-iz8zZiN2mvc-BHWXXtDoocNcfwXmPvwweXJNhY8lb7oByzQXr2jPU8BcwxWSlWP1iLYT-4RtO4CIvB2MeZkbvx600D-1vx5w,1,2026-07-02 18:29:54,2026-07-02 18:29:54
326,40577,Apple,821A8C8A-82A5-4F5D-9059-316B27BC0A5C,c2Z8O2ZbwEn1jb--Zkdo0o:APA91bFSO9enqOGNdA0pmb-iz8zZiN2mvc-BHWXXtDoocNcfwXmPvwweXJNhY8lb7oByzQXr2jPU8BcwxWSlWP1iLYT-4RtO4CIvB2MeZkbvx600D-1vx5w,1,2026-07-03 10:38:17,2026-07-03 10:38:17
327,40578,Apple,821A8C8A-82A5-4F5D-9059-316B27BC0A5C,c2Z8O2ZbwEn1jb--Zkdo0o:APA91bFSO9enqOGNdA0pmb-iz8zZiN2mvc-BHWXXtDoocNcfwXmPvwweXJNhY8lb7oByzQXr2jPU8BcwxWSlWP1iLYT-4RtO4CIvB2MeZkbvx600D-1vx5w,1,2026-07-03 10:52:25,2026-07-03 10:52:25
328,40579,Apple,821A8C8A-82A5-4F5D-9059-316B27BC0A5C,c2Z8O2ZbwEn1jb--Zkdo0o:APA91bFSO9enqOGNdA0pmb-iz8zZiN2mvc-BHWXXtDoocNcfwXmPvwweXJNhY8lb7oByzQXr2jPU8BcwxWSlWP1iLYT-4RtO4CIvB2MeZkbvx600D-1vx5w,1,2026-07-03 11:06:12,2026-07-03 11:06:12
329,40580,Apple,821A8C8A-82A5-4F5D-9059-316B27BC0A5C,c2Z8O2ZbwEn1jb--Zkdo0o:APA91bFSO9enqOGNdA0pmb-iz8zZiN2mvc-BHWXXtDoocNcfwXmPvwweXJNhY8lb7oByzQXr2jPU8BcwxWSlWP1iLYT-4RtO4CIvB2MeZkbvx600D-1vx5w,1,2026-07-03 11:10:48,2026-07-03 11:10:48
330,40581,Apple,821A8C8A-82A5-4F5D-9059-316B27BC0A5C,c2Z8O2ZbwEn1jb--Zkdo0o:APA91bFSO9enqOGNdA0pmb-iz8zZiN2mvc-BHWXXtDoocNcfwXmPvwweXJNhY8lb7oByzQXr2jPU8BcwxWSlWP1iLYT-4RtO4CIvB2MeZkbvx600D-1vx5w,1,2026-07-03 11:13:57,2026-07-03 11:13:57
331,40582,Apple,821A8C8A-82A5-4F5D-9059-316B27BC0A5C,c2Z8O2ZbwEn1jb--Zkdo0o:APA91bFSO9enqOGNdA0pmb-iz8zZiN2mvc-BHWXXtDoocNcfwXmPvwweXJNhY8lb7oByzQXr2jPU8BcwxWSlWP1iLYT-4RtO4CIvB2MeZkbvx600D-1vx5w,1,2026-07-03 11:34:43,2026-07-03 11:34:43
332,40583,Apple,821A8C8A-82A5-4F5D-9059-316B27BC0A5C,c2Z8O2ZbwEn1jb--Zkdo0o:APA91bFSO9enqOGNdA0pmb-iz8zZiN2mvc-BHWXXtDoocNcfwXmPvwweXJNhY8lb7oByzQXr2jPU8BcwxWSlWP1iLYT-4RtO4CIvB2MeZkbvx600D-1vx5w,1,2026-07-03 11:39:27,2026-07-03 11:39:27
333,40584,Apple,821A8C8A-82A5-4F5D-9059-316B27BC0A5C,c2Z8O2ZbwEn1jb--Zkdo0o:APA91bFSO9enqOGNdA0pmb-iz8zZiN2mvc-BHWXXtDoocNcfwXmPvwweXJNhY8lb7oByzQXr2jPU8BcwxWSlWP1iLYT-4RtO4CIvB2MeZkbvx600D-1vx5w,1,2026-07-03 11:49:26,2026-07-03 11:49:26
334,40585,Apple,821A8C8A-82A5-4F5D-9059-316B27BC0A5C,c2Z8O2ZbwEn1jb--Zkdo0o:APA91bFSO9enqOGNdA0pmb-iz8zZiN2mvc-BHWXXtDoocNcfwXmPvwweXJNhY8lb7oByzQXr2jPU8BcwxWSlWP1iLYT-4RtO4CIvB2MeZkbvx600D-1vx5w,1,2026-07-03 12:03:59,2026-07-03 12:03:59
335,40586,Apple,821A8C8A-82A5-4F5D-9059-316B27BC0A5C,c2Z8O2ZbwEn1jb--Zkdo0o:APA91bFSO9enqOGNdA0pmb-iz8zZiN2mvc-BHWXXtDoocNcfwXmPvwweXJNhY8lb7oByzQXr2jPU8BcwxWSlWP1iLYT-4RtO4CIvB2MeZkbvx600D-1vx5w,1,2026-07-03 12:36:23,2026-07-03 12:36:23
336,40587,Apple,821A8C8A-82A5-4F5D-9059-316B27BC0A5C,c2Z8O2ZbwEn1jb--Zkdo0o:APA91bFSO9enqOGNdA0pmb-iz8zZiN2mvc-BHWXXtDoocNcfwXmPvwweXJNhY8lb7oByzQXr2jPU8BcwxWSlWP1iLYT-4RtO4CIvB2MeZkbvx600D-1vx5w,1,2026-07-03 12:38:29,2026-07-03 12:38:29
337,40588,Apple,821A8C8A-82A5-4F5D-9059-316B27BC0A5C,c2Z8O2ZbwEn1jb--Zkdo0o:APA91bFSO9enqOGNdA0pmb-iz8zZiN2mvc-BHWXXtDoocNcfwXmPvwweXJNhY8lb7oByzQXr2jPU8BcwxWSlWP1iLYT-4RtO4CIvB2MeZkbvx600D-1vx5w,1,2026-07-03 12:40:18,2026-07-03 12:40:18
338,40589,Apple,821A8C8A-82A5-4F5D-9059-316B27BC0A5C,c2Z8O2ZbwEn1jb--Zkdo0o:APA91bFSO9enqOGNdA0pmb-iz8zZiN2mvc-BHWXXtDoocNcfwXmPvwweXJNhY8lb7oByzQXr2jPU8BcwxWSlWP1iLYT-4RtO4CIvB2MeZkbvx600D-1vx5w,1,2026-07-03 15:10:32,2026-07-03 15:10:32
339,40590,Apple,821A8C8A-82A5-4F5D-9059-316B27BC0A5C,c2Z8O2ZbwEn1jb--Zkdo0o:APA91bFSO9enqOGNdA0pmb-iz8zZiN2mvc-BHWXXtDoocNcfwXmPvwweXJNhY8lb7oByzQXr2jPU8BcwxWSlWP1iLYT-4RtO4CIvB2MeZkbvx600D-1vx5w,1,2026-07-03 15:13:05,2026-07-03 15:13:05
340,40591,Apple,821A8C8A-82A5-4F5D-9059-316B27BC0A5C,c2Z8O2ZbwEn1jb--Zkdo0o:APA91bFSO9enqOGNdA0pmb-iz8zZiN2mvc-BHWXXtDoocNcfwXmPvwweXJNhY8lb7oByzQXr2jPU8BcwxWSlWP1iLYT-4RtO4CIvB2MeZkbvx600D-1vx5w,1,2026-07-03 15:16:23,2026-07-03 15:16:23
341,40592,Apple,821A8C8A-82A5-4F5D-9059-316B27BC0A5C,c2Z8O2ZbwEn1jb--Zkdo0o:APA91bFSO9enqOGNdA0pmb-iz8zZiN2mvc-BHWXXtDoocNcfwXmPvwweXJNhY8lb7oByzQXr2jPU8BcwxWSlWP1iLYT-4RtO4CIvB2MeZkbvx600D-1vx5w,1,2026-07-03 15:23:38,2026-07-03 15:23:38
342,40593,Apple,821A8C8A-82A5-4F5D-9059-316B27BC0A5C,c2Z8O2ZbwEn1jb--Zkdo0o:APA91bFSO9enqOGNdA0pmb-iz8zZiN2mvc-BHWXXtDoocNcfwXmPvwweXJNhY8lb7oByzQXr2jPU8BcwxWSlWP1iLYT-4RtO4CIvB2MeZkbvx600D-1vx5w,1,2026-07-03 15:26:24,2026-07-03 15:26:24
343,40594,Apple,821A8C8A-82A5-4F5D-9059-316B27BC0A5C,c2Z8O2ZbwEn1jb--Zkdo0o:APA91bFSO9enqOGNdA0pmb-iz8zZiN2mvc-BHWXXtDoocNcfwXmPvwweXJNhY8lb7oByzQXr2jPU8BcwxWSlWP1iLYT-4RtO4CIvB2MeZkbvx600D-1vx5w,1,2026-07-03 15:52:01,2026-07-03 15:52:01
344,40595,Apple,821A8C8A-82A5-4F5D-9059-316B27BC0A5C,c2Z8O2ZbwEn1jb--Zkdo0o:APA91bFSO9enqOGNdA0pmb-iz8zZiN2mvc-BHWXXtDoocNcfwXmPvwweXJNhY8lb7oByzQXr2jPU8BcwxWSlWP1iLYT-4RtO4CIvB2MeZkbvx600D-1vx5w,1,2026-07-03 16:37:24,2026-07-03 16:37:24
345,40596,Android,BP4A.251205.006,eiAobJMyT9eIw8nkGhBscZ:APA91bFcFw28WG78f4XWOQHpm_wXm9GVtb0aVxLlkuHmFR2Lfl4jOk1jiwUohdGVcohQAcUW_9FXB3sOLZD1ykowY7qQD_QjfKajzUhq_UdT9lCXuhwjC28,1,2026-07-03 16:45:09,2026-07-03 16:45:09
346,40614,Apple,591B8251-2DAF-456B-9146-42C389259C3A,fWlVNGGSEk-gmtQXdhStxK:APA91bEXWBuKX2lRbMfAUw5GbbJWn36aYmdHfrs3j4ZOjqE5eyzt1kBgfjq0ql07y9D-LG8g4kE3Bm_vGsAduCR_0yJMx_N66rA7wsX6uOUWoBkhSIPeuBI,1,2026-07-04 11:50:44,2026-07-04 11:50:44
347,40617,Apple,F1681D9B-C9AF-47A0-86D7-F1EC693E139B,dw7XXngQeE2RhvJczserXI:APA91bHAul_fSDAjIaF6OMySFmABfXF2u7F15D9ffYszPByRhOL_w8F6bgcvzwTCKvl9QluSFLOm-z9-Nsfwoa-Y5fqdz55uhswc0UcbFk_1rG_i52LrKyg,1,2026-07-04 12:33:06,2026-07-04 12:33:06
348,39001,Apple,45E178D0-C2B3-4CBD-8FF9-0C6AD520B93A,de2yEJHD5UH-uAvPc-uxU9:APA91bESQKFSj6qalMECB9LCjHWy98wFeMh-tEHIYeFA17jqHpRQRF17iMkkwrFvqMyTdxbZBJkN885duDX6smvXt1ZGsEiqw1QMPSCGVyBNWaex49F5poI,1,2026-07-04 15:42:10,2026-07-04 15:42:10
349,39001,Apple,F535D171-835C-439B-96BF-DFA93577AB3E,cgrimKjarEZ_nYw616RaPE:APA91bG2xgw4mVkcxouV7z7sAt1_64KYU4kjh-Wma4UmJ2LIkveodzBOAvhxpXHPd3_FrtKa7BCJORhsS5Q-ghGVDepQZuL5CK05Ol6kklOkNqV4gVhcV2A,1,2026-07-04 16:10:53,2026-07-04 16:10:53
350,39314,Apple,F1681D9B-C9AF-47A0-86D7-F1EC693E139B,dw7XXngQeE2RhvJczserXI:APA91bHAul_fSDAjIaF6OMySFmABfXF2u7F15D9ffYszPByRhOL_w8F6bgcvzwTCKvl9QluSFLOm-z9-Nsfwoa-Y5fqdz55uhswc0UcbFk_1rG_i52LrKyg,1,2026-07-04 16:18:46,2026-07-04 16:18:46
351,40634,Apple,45E178D0-C2B3-4CBD-8FF9-0C6AD520B93A,de2yEJHD5UH-uAvPc-uxU9:APA91bESQKFSj6qalMECB9LCjHWy98wFeMh-tEHIYeFA17jqHpRQRF17iMkkwrFvqMyTdxbZBJkN885duDX6smvXt1ZGsEiqw1QMPSCGVyBNWaex49F5poI,1,2026-07-06 10:50:13,2026-07-06 10:50:13
352,39314,Android,CP31.260618.005,eAEKn6IiTjeE1K5NG3br2U:APA91bHoSZODTU9kxII0RMm3I2Sr7w52EC5C9HQkKfRIEIN8KHh2XHTuT9zaIAKPYiCdbbPVQuKU-qXyCgGQt1urRqo7PWhGTjG9uXshKTZZayIUxI7nidI,1,2026-07-06 16:40:41,2026-07-11 12:13:18
353,39001,Apple,BD5E99FD-C0AC-4424-8674-9BE57FAF7139,cIOl-uJ9qkHDkxlIGRA80K:APA91bGABfGs-Wu5Svpmb57qjuE57HhMj7XXHC0OVxOKzL6Z8-vFtChjRzPPV6FK_L-hLSojd-KmokXAMLPPoHysZrn_yajfFAyu0wOmHaNFhuDXcYuDC3s,1,2026-07-07 15:55:22,2026-07-07 15:55:22
354,39001,Apple,7E86CC03-6481-4FC5-ADED-4569D02C3084,fcSRjkTgF0QkoOgqxhDCDg:APA91bE76Zk0NEAIdHvKfRRB78piNokWwPig_3_dELcbqDMWgFFoDdg9uylOUeof9zEQ0a7Ei_p8_AZxjeiZ-smEgbjTzIEyQ6DiS_OJ1yq-JOGbQkfEL7U,1,2026-07-07 16:00:15,2026-07-07 16:00:15
355,40652,Apple,BD5E99FD-C0AC-4424-8674-9BE57FAF7139,cIOl-uJ9qkHDkxlIGRA80K:APA91bGABfGs-Wu5Svpmb57qjuE57HhMj7XXHC0OVxOKzL6Z8-vFtChjRzPPV6FK_L-hLSojd-KmokXAMLPPoHysZrn_yajfFAyu0wOmHaNFhuDXcYuDC3s,1,2026-07-07 16:34:14,2026-07-07 16:34:14
356,39239,Android,CP31.260618.005,eHFEaigLQo6dtv7iQWUQu5:APA91bFwRQJt1_OuX-ntSjRnoe6fx8u5OF5FXO7gqr88KpMXNH_FndIJkxmgfvSi75RY5mCYaPHwrxpR5_AsSu-lVEMrs-RwAqKgfvoCULhwDpuEm08YHAI,1,2026-07-07 16:39:08,2026-07-07 16:39:08
357,40655,Apple,7E86CC03-6481-4FC5-ADED-4569D02C3084,fcSRjkTgF0QkoOgqxhDCDg:APA91bE76Zk0NEAIdHvKfRRB78piNokWwPig_3_dELcbqDMWgFFoDdg9uylOUeof9zEQ0a7Ei_p8_AZxjeiZ-smEgbjTzIEyQ6DiS_OJ1yq-JOGbQkfEL7U,1,2026-07-07 18:27:58,2026-07-07 18:27:58
358,40655,Apple,BD5E99FD-C0AC-4424-8674-9BE57FAF7139,cIOl-uJ9qkHDkxlIGRA80K:APA91bGABfGs-Wu5Svpmb57qjuE57HhMj7XXHC0OVxOKzL6Z8-vFtChjRzPPV6FK_L-hLSojd-KmokXAMLPPoHysZrn_yajfFAyu0wOmHaNFhuDXcYuDC3s,1,2026-07-07 18:38:11,2026-07-07 18:38:11
359,39001,Apple,BA05E44E-5B80-4AE4-91A4-B434E315DB78,c4njyF7ickn2nv598mmsPg:APA91bHKY6GrOvgQWMIX6WCJVknjptQP1Hak8wgLgHCo6yITYypaWIsazO_ZEN_Sc3tAhhzb2nSwyRDMUq8e5gYoQKzedd646Egdw8W-aAI9G76D17aIA4M,1,2026-07-08 11:05:43,2026-07-08 11:05:43
360,40656,Apple,BA05E44E-5B80-4AE4-91A4-B434E315DB78,c4njyF7ickn2nv598mmsPg:APA91bHKY6GrOvgQWMIX6WCJVknjptQP1Hak8wgLgHCo6yITYypaWIsazO_ZEN_Sc3tAhhzb2nSwyRDMUq8e5gYoQKzedd646Egdw8W-aAI9G76D17aIA4M,1,2026-07-08 11:10:27,2026-07-08 11:10:27
361,40657,Apple,7E86CC03-6481-4FC5-ADED-4569D02C3084,fcSRjkTgF0QkoOgqxhDCDg:APA91bE76Zk0NEAIdHvKfRRB78piNokWwPig_3_dELcbqDMWgFFoDdg9uylOUeof9zEQ0a7Ei_p8_AZxjeiZ-smEgbjTzIEyQ6DiS_OJ1yq-JOGbQkfEL7U,1,2026-07-08 11:29:49,2026-07-08 11:29:49
362,40660,Android,CP31.260618.005,eE1lssBnR3evYcm320e0sH:APA91bGTpduxW9EQIRLf6yXvEDETWxa5lW7KOpPqEp49GYUnZQqtwqM6M55SLK20JhbZSnZi2_ltXBAcZyEG6Otvm_SyxzTuPqZEdl2G-_mZboeLwb8xYaM,1,2026-07-08 15:43:07,2026-07-11 10:32:49
363,40661,Apple,7E86CC03-6481-4FC5-ADED-4569D02C3084,fcSRjkTgF0QkoOgqxhDCDg:APA91bE76Zk0NEAIdHvKfRRB78piNokWwPig_3_dELcbqDMWgFFoDdg9uylOUeof9zEQ0a7Ei_p8_AZxjeiZ-smEgbjTzIEyQ6DiS_OJ1yq-JOGbQkfEL7U,1,2026-07-08 16:23:42,2026-07-08 16:23:42
364,40663,Android,BP4A.251205.006,c_iRew0PRZyBu-krVE-fwM:APA91bEnwhwyK3FM5tSnWFX5UuvW4T19CtsoUrTKx13fCLlAjDRcHeM65orUCG6jebP9qdA0yot_A4B0U8cBKBlSLQULbISwAkmEVIeU7cZ_kJ5vP4qZLOg,1,2026-07-08 18:12:26,2026-07-08 18:12:26
365,40668,Apple,7E86CC03-6481-4FC5-ADED-4569D02C3084,fcSRjkTgF0QkoOgqxhDCDg:APA91bE76Zk0NEAIdHvKfRRB78piNokWwPig_3_dELcbqDMWgFFoDdg9uylOUeof9zEQ0a7Ei_p8_AZxjeiZ-smEgbjTzIEyQ6DiS_OJ1yq-JOGbQkfEL7U,1,2026-07-10 11:16:53,2026-07-10 11:16:53
366,40669,Apple,7E86CC03-6481-4FC5-ADED-4569D02C3084,fcSRjkTgF0QkoOgqxhDCDg:APA91bE76Zk0NEAIdHvKfRRB78piNokWwPig_3_dELcbqDMWgFFoDdg9uylOUeof9zEQ0a7Ei_p8_AZxjeiZ-smEgbjTzIEyQ6DiS_OJ1yq-JOGbQkfEL7U,1,2026-07-10 12:49:11,2026-07-10 12:49:11
367,40670,Apple,7E86CC03-6481-4FC5-ADED-4569D02C3084,fcSRjkTgF0QkoOgqxhDCDg:APA91bE76Zk0NEAIdHvKfRRB78piNokWwPig_3_dELcbqDMWgFFoDdg9uylOUeof9zEQ0a7Ei_p8_AZxjeiZ-smEgbjTzIEyQ6DiS_OJ1yq-JOGbQkfEL7U,1,2026-07-10 13:05:52,2026-07-10 13:05:52
368,40671,Apple,7E86CC03-6481-4FC5-ADED-4569D02C3084,fcSRjkTgF0QkoOgqxhDCDg:APA91bE76Zk0NEAIdHvKfRRB78piNokWwPig_3_dELcbqDMWgFFoDdg9uylOUeof9zEQ0a7Ei_p8_AZxjeiZ-smEgbjTzIEyQ6DiS_OJ1yq-JOGbQkfEL7U,1,2026-07-10 13:29:40,2026-07-10 13:29:40
369,40672,Apple,7E86CC03-6481-4FC5-ADED-4569D02C3084,fcSRjkTgF0QkoOgqxhDCDg:APA91bE76Zk0NEAIdHvKfRRB78piNokWwPig_3_dELcbqDMWgFFoDdg9uylOUeof9zEQ0a7Ei_p8_AZxjeiZ-smEgbjTzIEyQ6DiS_OJ1yq-JOGbQkfEL7U,1,2026-07-10 13:38:40,2026-07-10 13:38:40
370,40674,Apple,7E86CC03-6481-4FC5-ADED-4569D02C3084,fcSRjkTgF0QkoOgqxhDCDg:APA91bE76Zk0NEAIdHvKfRRB78piNokWwPig_3_dELcbqDMWgFFoDdg9uylOUeof9zEQ0a7Ei_p8_AZxjeiZ-smEgbjTzIEyQ6DiS_OJ1yq-JOGbQkfEL7U,1,2026-07-10 15:16:21,2026-07-10 15:16:21
371,40675,Apple,7E86CC03-6481-4FC5-ADED-4569D02C3084,fcSRjkTgF0QkoOgqxhDCDg:APA91bE76Zk0NEAIdHvKfRRB78piNokWwPig_3_dELcbqDMWgFFoDdg9uylOUeof9zEQ0a7Ei_p8_AZxjeiZ-smEgbjTzIEyQ6DiS_OJ1yq-JOGbQkfEL7U,1,2026-07-10 16:32:24,2026-07-10 16:32:24
372,40676,Android,BP4A.251205.006,cJUo37k2S0KtC_HolaLOTa:APA91bFWZhvNibcB6acaCtvb4NXEzVVPI3L5q1raXi3JC4VB-A_FE2DIVf4rhQrl1HKZVChS_8ClMdC4Ufiko58JSWhmYVAlz9Uem92cgvfOBy_lgb1suQU,1,2026-07-10 16:43:16,2026-07-10 16:43:16
373,40677,Apple,7E86CC03-6481-4FC5-ADED-4569D02C3084,fcSRjkTgF0QkoOgqxhDCDg:APA91bE76Zk0NEAIdHvKfRRB78piNokWwPig_3_dELcbqDMWgFFoDdg9uylOUeof9zEQ0a7Ei_p8_AZxjeiZ-smEgbjTzIEyQ6DiS_OJ1yq-JOGbQkfEL7U,1,2026-07-10 16:44:43,2026-07-10 16:44:43
374,39001,Apple,4AB30289-82CF-4281-B046-84A341658923,ePqizesGb08kqptpWA40ty:APA91bHpGwuvg8ntD66O_2gJKeedoHo_lE4cFVD9I3JaKgD6Hckf7IdNKcBuC3B_2_cvY4k5Ion3GMATMY_K0TwVN-eSoyXeHyAdST7zRH1nHVMqJ5hDmLE,1,2026-07-10 17:49:35,2026-07-10 17:49:35
375,40680,Android,CP31.260618.005,cCIjwVAnScyAQtCynIcDxy:APA91bFUNybA8PXO15A1bNLsK0NAcBeZa8llZEQyfeAR_5OI9VKDujHquFxpjTjdiVX_FRKJIKphO7JAIOrDW9IHrcrO4KTe4cVM4TRgiqlayx98LfQuXBo,1,2026-07-11 11:02:59,2026-07-11 11:02:59
376,40681,Android,CP31.260618.005,eAEKn6IiTjeE1K5NG3br2U:APA91bHoSZODTU9kxII0RMm3I2Sr7w52EC5C9HQkKfRIEIN8KHh2XHTuT9zaIAKPYiCdbbPVQuKU-qXyCgGQt1urRqo7PWhGTjG9uXshKTZZayIUxI7nidI,1,2026-07-11 12:02:14,2026-07-11 12:02:14
377,39001,Android,BE4B.251210.005,dVPx-uEwQmW6QAsn1gzeIB:APA91bEMAThmkUq9zwAdnRpsHvQ6KOI4Vhht0YEg3H5HGFpJDPxBVqsygutCLxA59t5uuvvivYkPNEPsryKEwFmGwAQX8lBgHXwLJxMTlMCEqsa-eIy70Q4,1,2026-07-11 15:18:30,2026-07-11 15:18:30
378,40683,Apple,4AB30289-82CF-4281-B046-84A341658923,ePqizesGb08kqptpWA40ty:APA91bHpGwuvg8ntD66O_2gJKeedoHo_lE4cFVD9I3JaKgD6Hckf7IdNKcBuC3B_2_cvY4k5Ion3GMATMY_K0TwVN-eSoyXeHyAdST7zRH1nHVMqJ5hDmLE,1,2026-07-13 10:35:15,2026-07-13 10:35:15
