id,user_id,option_id,message,expiry,create_date,status,is_deleted
5,153,1,,2025-04-29 17:09:21,2025-03-30 17:09:21,1,0
4,153,4,,2025-04-29 17:08:15,2025-03-30 17:08:15,1,0
6,153,6,,2025-04-29 17:13:11,2025-03-30 17:13:11,1,0
7,153,8,i have registered as an individual account . i want to signup with company account,2025-04-29 17:15:09,2025-03-30 17:15:09,1,0
8,134,2,11111111111111111111111111111111111111111111111111112222222222222222222222222222222222,2025-04-30 16:45:26,2025-03-31 16:45:26,1,0
10,443,3,,2025-05-08 12:32:43,2025-04-08 12:32:43,1,0
11,443,4,,2025-05-08 12:33:05,2025-04-08 12:33:05,1,0
12,144,3,,2025-05-08 19:33:15,2025-04-08 19:33:15,1,0
15,92,1,,2025-05-14 12:41:13,2025-04-14 12:41:13,1,0
16,84,2,satyam,,,1,0
19,666,1,,2025-05-21 21:17:02,2025-04-21 21:17:02,1,0
26,1009,3,,2025-05-29 12:21:53,2025-04-29 12:21:53,1,0
27,1037,8,Not finding usefull,2025-05-29 20:28:35,2025-04-29 20:28:35,1,0
28,1087,4,,2025-05-30 17:02:56,2025-04-30 17:02:56,1,0
29,1183,8,NOT FIND ANY JOBS,2025-06-01 12:57:48,2025-05-02 12:57:48,1,0
30,1197,4,,2025-06-01 18:02:22,2025-05-02 18:02:22,1,0
31,1602,8,,2025-06-08 02:27:42,2025-05-09 02:27:42,1,0
32,1814,8,,2025-06-13 01:03:10,2025-05-14 01:03:10,1,0
33,1814,1,,2025-06-13 01:04:30,2025-05-14 01:04:30,1,0
34,1827,3,,2025-06-13 11:52:46,2025-05-14 11:52:46,1,0
35,1879,8,,2025-06-14 00:48:23,2025-05-15 00:48:23,1,0
36,2124,3,,2025-06-18 20:34:01,2025-05-19 20:34:01,1,0
37,2298,8,"I want to post a job, but it is not showing",2025-06-20 23:06:37,2025-05-21 23:06:37,1,0
38,2470,4,Not sure,2025-06-23 17:47:34,2025-05-24 17:47:34,1,0
39,2480,3,,2025-06-23 22:18:49,2025-05-24 22:18:49,1,0
40,2565,3,,2025-06-25 10:38:15,2025-05-26 10:38:15,1,0
41,24,8,..,2025-06-25 13:36:09,2025-05-26 13:36:09,1,0
42,2617,3,,2025-06-25 23:05:10,2025-05-26 23:05:10,1,0
43,2628,4,,2025-06-26 09:46:50,2025-05-27 09:46:50,1,0
44,2656,3,There is no job in my city or state ,2025-06-27 00:21:56,2025-05-28 00:21:56,1,0
117,8436,5,Froud,2025-08-22 13:21:06,2025-07-23 13:21:06,1,0
46,2803,3,not use full for me,2025-06-29 12:44:52,2025-05-30 12:44:52,1,0
47,2817,3,,2025-06-29 22:31:09,2025-05-30 22:31:09,1,0
48,2911,8,,2025-07-01 22:18:37,2025-06-01 22:18:37,1,0
49,2911,1,,2025-07-01 22:19:09,2025-06-01 22:19:09,1,0
50,2377,1,,2025-07-03 00:11:43,2025-06-03 00:11:43,1,0
51,3136,3,jobs not found,2025-07-05 17:02:52,2025-06-05 17:02:52,1,0
52,3093,8,,2025-07-05 17:14:44,2025-06-05 17:14:44,1,0
54,3298,8,,2025-07-07 11:19:02,2025-06-07 11:19:02,1,0
55,3392,8,,2025-07-08 17:59:54,2025-06-08 17:59:54,1,0
56,3600,4,,2025-07-10 22:48:03,2025-06-10 22:48:03,1,0
57,3620,3,It was to much time taking for giving all my information ,2025-07-11 05:17:03,2025-06-11 05:17:03,1,0
58,3660,8,Not interested ,2025-07-11 14:14:16,2025-06-11 14:14:16,1,0
59,3675,3,,2025-07-11 17:03:23,2025-06-11 17:03:23,1,0
60,3724,4,,2025-07-11 22:20:52,2025-06-11 22:20:52,1,0
61,3731,4,Account delete ,2025-07-11 23:06:57,2025-06-11 23:06:57,1,0
62,3730,3,,2025-07-11 23:23:11,2025-06-11 23:23:11,1,0
63,3772,3,,2025-07-12 12:17:33,2025-06-12 12:17:33,1,0
64,3808,3,,2025-07-12 18:37:00,2025-06-12 18:37:00,1,0
65,3817,4,,2025-07-12 21:19:28,2025-06-12 21:19:28,1,0
66,3930,3,,2025-07-14 11:34:37,2025-06-14 11:34:37,1,0
67,4138,2,,2025-07-16 20:59:40,2025-06-16 20:59:40,1,0
68,4162,4,,2025-07-17 00:55:02,2025-06-17 00:55:02,1,0
69,4243,5,while verifying email i am getting chinese emails,2025-07-17 17:47:20,2025-06-17 17:47:20,1,0
70,4364,8,i'm not interested any more\r\n,2025-07-18 16:11:40,2025-06-18 16:11:40,1,0
71,4749,8,,2025-07-21 19:06:00,2025-06-21 19:06:00,1,0
72,4905,8,,2025-07-22 20:07:31,2025-06-22 20:07:31,1,0
73,5122,3,,2025-07-24 17:49:23,2025-06-24 17:49:23,1,0
74,4323,8,by mistake ,2025-07-25 12:08:57,2025-06-25 12:08:57,1,0
75,4080,8,my mistake,2025-07-25 15:19:24,2025-06-25 15:19:24,1,0
76,5310,3,,2025-07-26 02:07:48,2025-06-26 02:07:48,1,0
77,5359,4,,2025-07-26 15:26:14,2025-06-26 15:26:14,1,0
78,5310,4,,2025-07-26 16:36:24,2025-06-26 16:36:24,1,0
79,5006,1,,2025-07-26 20:50:31,2025-06-26 20:50:31,1,0
80,5611,8,,2025-07-28 18:02:20,2025-06-28 18:02:20,1,0
81,5742,8,,2025-07-29 19:38:47,2025-06-29 19:38:47,1,0
82,5742,1,,2025-07-29 19:39:51,2025-06-29 19:39:51,1,0
83,5857,8,Ihh,2025-07-30 15:48:20,2025-06-30 15:48:20,1,0
84,5905,4,,2025-07-30 22:19:24,2025-06-30 22:19:24,1,0
85,5922,8,,2025-07-31 01:41:35,2025-07-01 01:41:35,1,0
86,5925,3,There is no job vacancies for my type ,2025-07-31 02:56:29,2025-07-01 02:56:29,1,0
87,5955,3,,2025-07-31 11:03:23,2025-07-01 11:03:23,1,0
88,3109,3,Very Bad Job Plateform,2025-07-31 21:56:08,2025-07-01 21:56:08,1,0
89,6128,3,it doesn't show IT related jobs,2025-08-01 10:28:01,2025-07-02 10:28:01,1,0
90,6142,3,,2025-08-01 11:55:59,2025-07-02 11:55:59,1,0
91,6142,8,I don't want this account,2025-08-01 11:57:06,2025-07-02 11:57:06,1,0
92,6142,4,,2025-08-01 11:57:21,2025-07-02 11:57:21,1,0
93,6171,2,,2025-08-01 15:43:08,2025-07-02 15:43:08,1,0
140,11367,3,,2025-09-19 19:05:37,2025-08-20 19:05:37,1,0
95,6190,8,,2025-08-01 17:53:32,2025-07-02 17:53:32,1,0
96,6518,5,.,2025-08-03 22:59:26,2025-07-04 22:59:26,1,0
97,6535,4,,2025-08-04 00:38:30,2025-07-05 00:38:30,1,0
98,7038,1,Ok,2025-08-07 13:51:33,2025-07-08 13:51:33,1,0
99,7038,5,Otp froad,2025-08-07 13:52:05,2025-07-08 13:52:05,1,0
100,2377,4,,2025-08-08 00:40:52,2025-07-09 00:40:52,1,0
101,44,2,,2025-08-08 02:23:05,2025-07-09 02:23:05,1,0
102,7239,4,,2025-08-08 20:16:30,2025-07-09 20:16:30,1,0
104,7501,8,,2025-08-10 17:07:29,2025-07-11 17:07:29,1,0
106,7675,3,,2025-08-13 10:10:31,2025-07-14 10:10:31,1,0
107,7732,4,,2025-08-13 18:59:06,2025-07-14 18:59:06,1,0
111,8090,8,,2025-08-19 08:18:40,2025-07-20 08:18:40,1,0
110,8090,2,Stop,2025-08-19 08:18:24,2025-07-20 08:18:24,1,0
112,5030,8,not useful,2025-08-20 07:55:02,2025-07-21 07:55:02,1,0
113,5030,3,,2025-08-20 07:56:15,2025-07-21 07:56:15,1,0
114,8242,3,,2025-08-20 15:25:58,2025-07-21 15:25:58,1,0
115,8251,6,,2025-08-20 16:06:38,2025-07-21 16:06:38,1,0
118,8436,2,Delete my account,2025-08-22 13:21:29,2025-07-23 13:21:29,1,0
119,8780,3,,2025-08-28 00:24:29,2025-07-29 00:24:29,1,0
120,8919,2,,2025-08-29 01:46:29,2025-07-30 01:46:29,1,0
121,8919,4,,2025-08-29 01:47:33,2025-07-30 01:47:33,1,0
122,2887,8,By mistake we have login to employer portal So we searching the jobs,2025-08-31 12:03:28,2025-08-01 12:03:28,1,0
123,9244,3,,2025-08-31 20:40:15,2025-08-01 20:40:15,1,0
124,10201,3,Usmnjjnbh,2025-09-08 18:52:28,2025-08-09 18:52:28,1,0
125,10257,1,I have duplicate account ,2025-09-09 14:00:03,2025-08-10 14:00:03,1,0
126,10197,3,,2025-09-09 18:57:54,2025-08-10 18:57:54,1,0
127,10023,8,i dont no who make it ,2025-09-11 21:14:22,2025-08-12 21:14:22,1,0
128,10023,1,,2025-09-11 21:15:22,2025-08-12 21:15:22,1,0
129,10547,3,,2025-09-11 22:21:34,2025-08-12 22:21:34,1,0
130,6008,3,,2025-09-12 15:58:40,2025-08-13 15:58:40,1,0
131,293,8,By mistake company selected I am individual ,2025-09-12 18:00:55,2025-08-13 18:00:55,1,0
132,10678,1,,2025-09-12 22:07:29,2025-08-13 22:07:29,1,0
133,10697,4,,2025-09-13 02:35:57,2025-08-14 02:35:57,1,0
134,10704,3,,2025-09-13 09:36:52,2025-08-14 09:36:52,1,0
135,10978,2,,2025-09-15 22:54:30,2025-08-16 22:54:30,1,0
136,11029,3,No options my location Lucknow ,2025-09-16 12:36:27,2025-08-17 12:36:27,1,0
137,11185,4,,2025-09-17 22:36:15,2025-08-18 22:36:15,1,0
139,3618,8,This is not option of upload resume  ,2025-09-19 12:54:02,2025-08-20 12:54:02,1,0
141,11373,3,Many questions ask very difficult to job finding ,2025-09-19 20:27:52,2025-08-20 20:27:52,1,0
142,10372,4,My privacy lick issue ,2025-09-20 02:06:26,2025-08-21 02:06:26,1,0
143,10023,2,I DONT LIKE IT THIS IS MY PERSONAL DETAILS REMOVE IT FAST,2025-09-20 19:25:51,2025-08-21 19:25:51,1,0
144,8251,5,I have received many lots of email from collar check,2025-09-22 11:41:52,2025-08-23 11:41:52,1,0
145,11669,7,,2025-09-22 12:10:54,2025-08-23 12:10:54,1,0
146,11735,3,,2025-09-22 21:14:06,2025-08-23 21:14:06,1,0
147,11746,4,,2025-09-23 00:48:50,2025-08-24 00:48:50,1,0
149,7103,8,Wrong mistake ,2025-09-24 13:15:04,2025-08-25 13:15:04,1,0
150,11953,3,Close ,2025-09-25 09:24:02,2025-08-26 09:24:02,1,0
151,12005,1,,2025-09-25 16:28:09,2025-08-26 16:28:09,1,0
152,12069,3,,2025-09-25 23:18:45,2025-08-26 23:18:45,1,0
153,12253,8,,2025-09-26 22:32:55,2025-08-27 22:32:55,1,0
154,12253,4,,2025-09-26 22:33:11,2025-08-27 22:33:11,1,0
155,12495,1,,2025-09-28 08:56:35,2025-08-29 08:56:35,1,0
157,12739,4,,2025-09-29 13:58:25,2025-08-30 13:58:25,1,0
158,12855,2,,2025-09-30 01:29:07,2025-08-31 01:29:07,1,0
159,13022,3,,2025-10-01 01:19:09,2025-09-01 01:19:09,1,0
160,13024,3,,2025-10-01 01:32:22,2025-09-01 01:32:22,1,0
161,13041,3,,2025-10-01 07:09:29,2025-09-01 07:09:29,1,0
162,12730,4,I created the account just for the exploration of the site,2025-10-01 22:15:50,2025-09-01 22:15:50,1,0
163,13228,1,,2025-10-01 23:58:04,2025-09-01 23:58:04,1,0
164,13230,3,,2025-10-02 01:07:55,2025-09-02 01:07:55,1,0
165,1400,8,,2025-10-02 15:24:01,2025-09-02 15:24:01,1,0
166,1400,4,,2025-10-02 15:24:23,2025-09-02 15:24:23,1,0
167,13381,4,,2025-10-02 19:26:24,2025-09-02 19:26:24,1,0
168,13427,8,Not interested ,2025-10-02 22:55:27,2025-09-02 22:55:27,1,0
169,13458,4,,2025-10-03 00:33:45,2025-09-03 00:33:45,1,0
170,13484,8,,2025-10-03 07:58:22,2025-09-03 07:58:22,1,0
171,13514,4,,2025-10-03 10:49:22,2025-09-03 10:49:22,1,0
172,13543,4,Delete my account,2025-10-03 12:38:35,2025-09-03 12:38:35,1,0
173,13591,3,,2025-10-03 15:53:55,2025-09-03 15:53:55,1,0
174,13682,3,,2025-10-04 02:02:38,2025-09-04 02:02:38,1,0
175,13808,3,,2025-10-05 00:05:30,2025-09-05 00:05:30,1,0
176,13918,3,,2025-10-05 19:06:52,2025-09-05 19:06:52,1,0
177,13991,1,,2025-10-06 11:30:01,2025-09-06 11:30:01,1,0
178,14207,4,,2025-10-07 17:27:46,2025-09-07 17:27:46,1,0
179,14295,8,I didn't find my relevant jobs here,2025-10-07 20:51:55,2025-09-07 20:51:55,1,0
180,14483,4,,2025-10-08 20:42:58,2025-09-08 20:42:58,1,0
182,15091,3,I don't want to use as I don't think it is real,2025-10-10 18:09:05,2025-09-10 18:09:05,1,0
183,15591,3,Fake Cheater,2025-10-12 12:31:35,2025-09-12 12:31:35,1,0
184,15924,4,,2025-10-13 14:57:30,2025-09-13 14:57:30,1,0
185,16525,4,,2025-10-15 07:36:28,2025-09-15 07:36:28,1,0
186,16525,8,,2025-10-15 07:37:00,2025-09-15 07:37:00,1,0
187,13707,2,,2025-10-15 11:41:25,2025-09-15 11:41:25,1,0
188,16717,4,Mujhe nahi karna apply,2025-10-15 16:31:51,2025-09-15 16:31:51,1,0
189,16837,3,Haha,2025-10-15 23:00:30,2025-09-15 23:00:30,1,0
190,16977,3,,2025-10-16 11:44:36,2025-09-16 11:44:36,1,0
191,17002,4,,2025-10-16 12:51:43,2025-09-16 12:51:43,1,0
192,17017,4,,2025-10-16 13:23:13,2025-09-16 13:23:13,1,0
193,17017,1,,2025-10-16 13:23:48,2025-09-16 13:23:48,1,0
194,17211,2,,2025-10-16 21:16:55,2025-09-16 21:16:55,1,0
195,17247,4,No,2025-10-16 22:20:51,2025-09-16 22:20:51,1,0
196,17165,3,I am searching on my job designation profile job. They not found,2025-10-17 01:48:04,2025-09-17 01:48:04,1,0
197,17543,3,,2025-10-17 19:43:00,2025-09-17 19:43:00,1,0
198,10257,8,I have duplicate account ,2025-10-18 04:31:03,2025-09-18 04:31:03,1,0
199,17772,1,,2025-10-18 12:43:50,2025-09-18 12:43:50,1,0
200,17844,8,Sorry,2025-10-18 17:02:01,2025-09-18 17:02:01,1,0
201,17906,4,,2025-10-18 18:08:38,2025-09-18 18:08:38,1,0
202,18053,4,,2025-10-18 23:34:42,2025-09-18 23:34:42,1,0
203,18296,3,,2025-10-19 19:11:38,2025-09-19 19:11:38,1,0
204,18738,4,,2025-10-21 08:34:32,2025-09-21 08:34:32,1,0
205,18956,8,,2025-10-21 21:43:03,2025-09-21 21:43:03,1,0
206,18962,5,Not interested ,2025-10-21 21:51:25,2025-09-21 21:51:25,1,0
207,18970,3,No interest ,2025-10-21 22:13:29,2025-09-21 22:13:29,1,0
208,19020,1,Kindly delete my account ,2025-10-22 01:00:02,2025-09-22 01:00:02,1,0
209,19039,8,,2025-10-22 05:09:11,2025-09-22 05:09:11,1,0
210,19083,3,,2025-10-22 09:36:14,2025-09-22 09:36:14,1,0
211,19277,3,,2025-10-22 18:34:53,2025-09-22 18:34:53,1,0
212,19819,1,,2025-10-24 08:57:33,2025-09-24 08:57:33,1,0
213,15404,1,Close ,2025-10-25 02:04:22,2025-09-25 02:04:22,1,0
214,20186,8,,2025-10-25 09:57:26,2025-09-25 09:57:26,1,0
215,20337,2,Tyiuy,2025-10-25 17:47:34,2025-09-25 17:47:34,1,0
216,20362,8,No thanks ,2025-10-25 19:54:34,2025-09-25 19:54:34,1,0
217,20362,1,,2025-10-25 19:55:07,2025-09-25 19:55:07,1,0
218,20450,3,,2025-10-25 23:53:40,2025-09-25 23:53:40,1,0
219,20566,1,I added my email wrong,2025-10-26 12:18:10,2025-09-26 12:18:10,1,0
220,20827,4,,2025-10-27 01:21:01,2025-09-27 01:21:01,1,0
221,13340,4,I don't like sharing documents through this   ,2025-10-27 23:35:03,2025-09-27 23:35:03,1,0
222,21080,8,Not a my work requirement ,2025-10-28 04:01:05,2025-09-28 04:01:05,1,0
223,21206,3,,2025-10-28 13:29:30,2025-09-28 13:29:30,1,0
224,21696,8,0k,2025-10-29 16:57:59,2025-09-29 16:57:59,1,0
225,21743,8,,2025-10-29 18:56:45,2025-09-29 18:56:45,1,0
226,21879,1,New account ,2025-10-30 01:20:25,2025-09-30 01:20:25,1,0
227,21879,8,Other,2025-10-30 01:40:52,2025-09-30 01:40:52,1,0
228,22105,4,No needs ,2025-10-30 15:46:26,2025-09-30 15:46:26,1,0
229,22275,3,,2025-10-31 21:31:17,2025-10-01 21:31:17,1,0
230,22462,3,,2025-11-01 14:11:07,2025-10-02 14:11:07,1,0
231,22640,4,,2025-11-01 22:42:03,2025-10-02 22:42:03,1,0
232,22640,3,,2025-11-01 22:42:09,2025-10-02 22:42:09,1,0
233,22661,7,,2025-11-01 23:53:19,2025-10-02 23:53:19,1,0
234,23116,3,i am not getting desired jobs on this platform.\r\n? Thanks ,2025-11-03 06:04:14,2025-10-04 06:04:14,1,0
235,23285,4,,2025-11-03 19:12:22,2025-10-04 19:12:22,1,0
236,23529,4,,2025-11-04 16:12:43,2025-10-05 16:12:43,1,0
237,23712,3,Not interested more using ,2025-11-05 08:57:59,2025-10-06 08:57:59,1,0
238,23818,4,,2025-11-05 13:22:52,2025-10-06 13:22:52,1,0
239,23861,3,,2025-11-05 14:51:29,2025-10-06 14:51:29,1,0
240,23919,8,W,2025-11-05 16:57:43,2025-10-06 16:57:43,1,0
241,23950,3,,2025-11-05 18:14:28,2025-10-06 18:14:28,1,0
242,23950,2,,2025-11-05 18:14:37,2025-10-06 18:14:37,1,0
243,23948,3,,2025-11-05 18:20:49,2025-10-06 18:20:49,1,0
244,24197,4,,2025-11-06 08:28:17,2025-10-07 08:28:17,1,0
245,24504,8,Maza nhi aaya,2025-11-06 19:42:41,2025-10-07 19:42:41,1,0
246,24562,3,,2025-11-06 21:16:37,2025-10-07 21:16:37,1,0
350,37446,3,,2025-12-10 16:33:29,2025-11-10 16:33:29,1,0
248,24629,8,Want to change email ,2025-11-06 22:39:14,2025-10-07 22:39:14,1,0
249,24755,3,,2025-11-07 15:19:10,2025-10-08 15:19:10,1,0
250,24955,2,,2025-11-07 21:39:15,2025-10-08 21:39:15,1,0
251,24979,4,,2025-11-07 22:36:39,2025-10-08 22:36:39,1,0
252,25099,8,,2025-11-08 09:03:12,2025-10-09 09:03:12,1,0
253,25190,8,But good platform ,2025-11-08 14:34:47,2025-10-09 14:34:47,1,0
254,25200,3,,2025-11-08 15:00:10,2025-10-09 15:00:10,1,0
255,25226,3,,2025-11-08 16:29:08,2025-10-09 16:29:08,1,0
256,25306,7,,2025-11-08 20:08:53,2025-10-09 20:08:53,1,0
257,25388,3,I dont like this app,2025-11-08 23:13:35,2025-10-09 23:13:35,1,0
258,25459,4,Bye ,2025-11-09 08:20:34,2025-10-10 08:20:34,1,0
259,25506,3,,2025-11-09 11:29:24,2025-10-10 11:29:24,1,0
260,25722,8,Close my account ,2025-11-09 22:25:00,2025-10-10 22:25:00,1,0
261,25933,3,,2025-11-10 15:26:55,2025-10-11 15:26:55,1,0
262,25985,6,Bye bye ,2025-11-10 18:32:04,2025-10-11 18:32:04,1,0
263,25992,3,I am not interested this site ok. ,2025-11-10 18:58:01,2025-10-11 18:58:01,1,0
264,26020,2,,2025-11-10 20:31:44,2025-10-11 20:31:44,1,0
265,26286,3,Not any job to my profile related ,2025-11-11 18:20:14,2025-10-12 18:20:14,1,0
266,26423,8,by mistake logged as individual\r\n,2025-11-12 11:34:17,2025-10-13 11:34:17,1,0
267,1776,8,I don't work in that organisation anymore,2025-11-12 12:10:07,2025-10-13 12:10:07,1,0
268,1776,1,,2025-11-12 12:29:48,2025-10-13 12:29:48,1,0
269,1776,3,,2025-11-12 12:47:56,2025-10-13 12:47:56,1,0
270,26523,1,,2025-11-12 16:12:02,2025-10-13 16:12:02,1,0
271,26671,2,,2025-11-12 22:45:39,2025-10-13 22:45:39,1,0
272,26771,8,No ,2025-11-13 10:05:38,2025-10-14 10:05:38,1,0
273,26771,5,Nahi ?,2025-11-13 10:06:15,2025-10-14 10:06:15,1,0
274,26815,8,,2025-11-13 12:10:37,2025-10-14 12:10:37,1,0
275,27000,3,,2025-11-13 19:58:01,2025-10-14 19:58:01,1,0
276,27077,4,,2025-11-13 22:44:13,2025-10-14 22:44:13,1,0
277,27298,8,Hh,2025-11-14 15:06:52,2025-10-15 15:06:52,1,0
278,27453,4,,2025-11-14 21:47:57,2025-10-15 21:47:57,1,0
279,27513,3,,2025-11-15 00:20:08,2025-10-16 00:20:08,1,0
280,27666,8,,2025-11-15 14:52:24,2025-10-16 14:52:24,1,0
281,27999,4,I dont want this account ,2025-11-16 10:01:47,2025-10-17 10:01:47,1,0
282,28382,3,Not use full for me giving fake job ,2025-11-17 13:35:58,2025-10-18 13:35:58,1,0
283,28429,8,F verifying glock brunt,2025-11-17 15:57:44,2025-10-18 15:57:44,1,0
284,28429,3,Its ub use full ,2025-11-17 15:58:17,2025-10-18 15:58:17,1,0
285,28873,3,,2025-11-18 22:37:43,2025-10-19 22:37:43,1,0
286,28930,8,,2025-11-19 01:45:16,2025-10-20 01:45:16,1,0
287,29098,4,,2025-11-19 16:24:51,2025-10-20 16:24:51,1,0
288,25388,4,,2025-11-19 22:32:55,2025-10-20 22:32:55,1,0
289,29719,4,,2025-11-21 12:57:12,2025-10-22 12:57:12,1,0
290,29845,8,"wrong email id typing mistake, unable to edit",2025-11-21 19:01:06,2025-10-22 19:01:06,1,0
291,29901,3,Very few jobs listed,2025-11-21 22:11:05,2025-10-22 22:11:05,1,0
292,29901,4,.,2025-11-21 22:11:39,2025-10-22 22:11:39,1,0
293,29924,2,,2025-11-21 23:27:49,2025-10-22 23:27:49,1,0
294,29951,3,Not ,2025-11-22 06:51:05,2025-10-23 06:51:05,1,0
295,30074,4,Sorry ,2025-11-22 12:36:22,2025-10-23 12:36:22,1,0
296,30055,4,Not interested ,2025-11-22 12:49:38,2025-10-23 12:49:38,1,0
297,30238,2,,2025-11-22 19:29:46,2025-10-23 19:29:46,1,0
298,30310,1,Ahhzbdx,2025-11-22 22:09:52,2025-10-23 22:09:52,1,0
299,30383,3,,2025-11-23 07:06:50,2025-10-24 07:06:50,1,0
300,30437,3,,2025-11-23 11:27:28,2025-10-24 11:27:28,1,0
301,30665,3,,2025-11-23 19:35:06,2025-10-24 19:35:06,1,0
302,30728,3,,2025-11-23 21:07:09,2025-10-24 21:07:09,1,0
303,26671,4,,2025-11-24 11:38:47,2025-10-25 11:38:47,1,0
304,31642,3,I'm not job\r\n,2025-11-26 00:21:27,2025-10-27 00:21:27,1,0
305,31662,4,,2025-11-26 03:08:29,2025-10-27 03:08:29,1,0
306,31662,3,,2025-11-26 03:08:47,2025-10-27 03:08:47,1,0
307,31743,8,I'm not interested in the  locations mentioned in the Portal ,2025-11-26 11:30:25,2025-10-27 11:30:25,1,0
308,31834,8,I don't need this platform.,2025-11-26 15:09:04,2025-10-27 15:09:04,1,0
309,31813,4,,2025-11-27 00:08:02,2025-10-28 00:08:02,1,0
310,32644,4,,2025-11-28 03:45:26,2025-10-29 03:45:26,1,0
311,32915,2,DELETE,2025-11-28 16:19:36,2025-10-29 16:19:36,1,0
312,32915,4,,2025-11-28 16:19:44,2025-10-29 16:19:44,1,0
313,33157,4,,2025-11-29 06:58:20,2025-10-30 06:58:20,1,0
314,33313,3,,2025-11-30 01:22:16,2025-10-31 01:22:16,1,0
315,33336,3,,2025-11-30 04:41:39,2025-10-31 04:41:39,1,0
316,33998,4,,2025-12-01 09:06:18,2025-11-01 09:06:18,1,0
317,33998,8,,2025-12-01 09:07:08,2025-11-01 09:07:08,1,0
318,33993,3,,2025-12-01 09:13:01,2025-11-01 09:13:01,1,0
319,34018,8,Job chahiye tha lekin nii de rha h ,2025-12-01 10:26:24,2025-11-01 10:26:24,1,0
320,34055,3,,2025-12-01 12:25:02,2025-11-01 12:25:02,1,0
349,36791,8,Galati se company ki profile ban gayi\r\n,2025-12-10 16:18:59,2025-11-10 16:18:59,1,0
322,34081,3,,2025-12-01 14:19:55,2025-11-01 14:19:55,1,0
323,34103,8,no,2025-12-01 15:05:48,2025-11-01 15:05:48,1,0
324,34474,8,Other reason,2025-12-02 18:02:44,2025-11-02 18:02:44,1,0
325,33927,8,Verifying with digilocker not fetching ,2025-12-02 18:16:04,2025-11-02 18:16:04,1,0
326,34032,4,,2025-12-03 11:09:25,2025-11-03 11:09:25,1,0
327,34525,4,I don't want to continue. ,2025-12-04 08:57:44,2025-11-04 08:57:44,1,0
328,35205,6,,2025-12-04 14:45:30,2025-11-04 14:45:30,1,0
329,35205,5,,2025-12-04 14:45:43,2025-11-04 14:45:43,1,0
330,35805,8,Not interested ,2025-12-06 00:19:35,2025-11-06 00:19:35,1,0
331,35947,3,,2025-12-06 12:41:06,2025-11-06 12:41:06,1,0
332,36002,1,,2025-12-06 13:57:08,2025-11-06 13:57:08,1,0
333,34506,4,closed account,2025-12-06 16:49:38,2025-11-06 16:49:38,1,0
334,36158,3,,2025-12-06 19:58:55,2025-11-06 19:58:55,1,0
335,36171,8,Delete ,2025-12-06 20:20:08,2025-11-06 20:20:08,1,0
336,35059,8,Don’t want to use any more ,2025-12-06 20:50:09,2025-11-06 20:50:09,1,0
337,35059,4,,2025-12-06 20:51:07,2025-11-06 20:51:07,1,0
338,36250,8,,2025-12-06 23:51:19,2025-11-06 23:51:19,1,0
339,36276,8,,2025-12-07 01:32:50,2025-11-07 01:32:50,1,0
340,36302,1,,2025-12-07 08:54:14,2025-11-07 08:54:14,1,0
341,36449,8,In job location there's no maharashtra mention,2025-12-07 15:12:16,2025-11-07 15:12:16,1,0
343,36647,3,,2025-12-08 06:55:52,2025-11-08 06:55:52,1,0
344,36712,3,,2025-12-08 12:21:53,2025-11-08 12:21:53,1,0
345,36915,1,Second account opening ,2025-12-09 08:06:19,2025-11-09 08:06:19,1,0
346,36948,8,,2025-12-09 10:13:00,2025-11-09 10:13:00,1,0
347,37294,4,,2025-12-10 10:54:29,2025-11-10 10:54:29,1,0
348,37294,1,,2025-12-10 10:54:53,2025-11-10 10:54:53,1,0
351,37453,4,\r\n.,2025-12-10 16:58:52,2025-11-10 16:58:52,1,0
352,37453,8,..,2025-12-10 16:59:04,2025-11-10 16:59:04,1,0
353,37481,4,,2025-12-10 18:37:31,2025-11-10 18:37:31,1,0
354,37571,4,,2025-12-10 22:19:04,2025-11-10 22:19:04,1,0
355,37569,1,Hwhheshsshsssh,2025-12-10 22:20:08,2025-11-10 22:20:08,1,0
356,37829,3,,2025-12-11 19:10:49,2025-11-11 19:10:49,1,0
357,37978,3,,2025-12-12 08:10:08,2025-11-12 08:10:08,1,0
358,28095,3,Not find any jobs except spam emails ,2025-12-13 14:27:23,2025-11-13 14:27:23,1,0
359,28095,2,,2025-12-13 14:28:38,2025-11-13 14:28:38,1,0
360,38133,4,Nothing ,2025-12-15 20:20:15,2025-11-15 20:20:15,1,0
361,38270,8,Not suitable ,2025-12-16 18:50:30,2025-11-16 18:50:30,1,0
362,38270,3,,2025-12-16 18:50:49,2025-11-16 18:50:49,1,0
363,38301,3,,2025-12-16 22:03:39,2025-11-16 22:03:39,1,0
364,38311,4,,2025-12-17 00:39:16,2025-11-17 00:39:16,1,0
365,38313,8,,2025-12-17 00:46:26,2025-11-17 00:46:26,1,0
366,38365,1,,2025-12-17 08:39:12,2025-11-17 08:39:12,1,0
385,2670,2,hjhjhj,2026-01-18 13:27:41,2025-12-19 13:27:41,1,0
368,38740,3,jjb,2026-01-07 16:07:33,2025-12-08 16:07:33,1,0
369,38741,3,,2026-01-07 16:09:05,2025-12-08 16:09:05,1,0
424,39124,1,rtghdfghsdf,2026-03-11 15:54:36,2026-02-09 15:54:36,1,0
380,38890,1,sdffefe,2026-01-16 10:28:24,2025-12-17 10:28:24,1,0
386,2670,3,lere krde delete,2026-01-18 13:32:45,2025-12-19 13:32:45,1,0
389,38754,2,jhnjhj,2026-01-18 13:53:08,2025-12-19 13:53:08,1,0
394,39039,1,Test,2026-02-16 11:25:14,2026-01-17 11:25:14,1,0
393,39022,2,dfsetet,2026-02-13 15:56:45,2026-01-14 15:56:45,1,0
395,39041,1,test,2026-02-16 11:28:46,2026-01-17 11:28:46,1,0
396,38829,1,,2026-02-16 11:57:36,2026-01-17 11:57:36,1,0
406,39099,1,Test,2026-02-22 17:55:54,2026-01-23 17:55:54,1,0
464,40092,2,,2026-06-12 14:54:54,2026-05-13 14:54:54,1,0
431,39278,2,,2026-03-26 16:05:20,2026-02-24 16:05:20,1,0
402,39046,1,fgsdfgs hsg sggh d,2026-02-18 17:32:01,2026-01-19 17:32:01,1,0
403,39050,1,ertgaertgfafdsgasdfg atg asgdf adfg erta,2026-02-18 17:47:01,2026-01-19 17:47:01,1,0
439,19,1,,2026-04-10 11:34:09,2026-03-11 11:34:09,1,0
463,40091,1,,2026-06-12 14:54:05,2026-05-13 14:54:05,1,0
461,40054,4,,2026-05-08 13:00:53,2026-04-08 13:00:53,1,0
409,39098,1,rtywrt,2026-02-22 18:10:18,2026-01-23 18:10:18,1,0
430,39278,1,,2026-03-26 16:05:00,2026-02-24 16:05:00,1,0
411,39102,1,hey hey,2026-02-26 13:18:20,2026-01-27 13:18:20,1,0
412,39117,1,Test,2026-02-27 12:33:19,2026-01-28 12:33:19,1,0
465,40089,2,test,2026-06-12 17:07:22,2026-05-13 17:07:22,1,0
462,40054,2,,2026-05-08 13:02:04,2026-04-08 13:02:04,1,0
468,40326,1,Delete the account,2026-07-11 11:29:58,2026-06-11 11:29:58,1,0
467,40190,1,Delete this account,2026-07-02 16:28:20,2026-06-02 16:28:20,1,0
469,40499,1,Duplicate account so delete this,2026-07-30 13:31:46,2026-06-30 13:31:46,1,0
