original_id,original_name,canonical_name,reason
123,Hr-chef,Hr Chef,Word count mismatch
142,Eng-ind,Eng Ind,Word count mismatch
169,S?ljare,S Ljare,Word count mismatch
174,Co-owner,Co Owner,Word count mismatch
202,Post-doc,Post Doc,Word count mismatch
257,Prof.dr.,Prof Dr,Word count mismatch
258,Co-chair,Co Chair,Word count mismatch
275,Co-chairs,Co Chairs,Word count mismatch
335,Co-editor,Co Editor,Word count mismatch
419,Pre-sales,Pre Sales,Word count mismatch
436,Hr-konsult,Hr Konsult,Word count mismatch
439,Ing?nieur,Ing Nieur,Word count mismatch
458,Sr.manager,Senior Manager,Word count mismatch
466,Qa manager,Quality Assurance Manager,Word count mismatch
468,Vice-chair,Vice Chair,Word count mismatch
471,It-konsult,It Konsult,Word count mismatch
490,Pr-manager,Pr Manager,Word count mismatch
491,Hr-manager,Hr Manager,Word count mismatch
497,It-manager,It Manager,Word count mismatch
539,Sub-editor,Sub Editor,Word count mismatch
572,Psic?loga,Psic Loga,Word count mismatch
581,Co-manager,Co Manager,Word count mismatch
603,E-commerce,E Commerce,Word count mismatch
604,It-support,It Support,Word count mismatch
609,Pr?sident,Pr Sident,Word count mismatch
617,Qa analyst,Quality Assurance Analyst,Word count mismatch
638,Dy.manager,Dy Manager,Word count mismatch
640,Co-founder,Co Founder,Word count mismatch
686,Estagi?rio,Estagi Rio,Word count mismatch
704,M&a analyst,M A Analyst,Word count mismatch
707,Pr?sidente,Pr Sidente,Word count mismatch
710,It-tekniker,It Tekniker,Word count mismatch
711,F&b manager,F B Manager,Word count mismatch
763,Manager p&o,Manager P O,Word count mismatch
788,Co-chairman,Co Chairman,Word count mismatch
792,Secr?taire,Secr Taire,Word count mismatch
815,Ux designer,User Experience Designer,Word count mismatch
823,Hr-adviseur,Hr Adviseur,Word count mismatch
828,Phd-student,Phd Student,Word count mismatch
845,Estagi?ria,Estagi Ria,Word count mismatch
858,Co-director,Co Director,Word count mismatch
868,Ui designer,User Interface Designer,Word count mismatch
904,I.t.analyst,I T Analyst,Word count mismatch
913,F&b captain,F B Captain,Word count mismatch
960,Fp&a analyst,Fp A Analyst,Word count mismatch
970,Co-president,Co President,Word count mismatch
990,Fp&a manager,Fp A Manager,Word count mismatch
1003,Co-fondateur,Co Fondateur,Word count mismatch
1035,Non-employee,Non Employee,Word count mismatch
1077,Hr-executive,Hr Executive,Word count mismatch
1090,Hr-konsulent,Hr Konsulent,Word count mismatch
1109,Asst.manager,Asst Manager,Word count mismatch
1174,It-konsulent,It Konsulent,Word count mismatch
1197,It-supporter,It Supporter,Word count mismatch
1236,Ui developer,User Interface Developer,Word count mismatch
1325,Chef d'agence,Chef D Agence,Word count mismatch
1335,F&b associate,F B Associate,Word count mismatch
1347,F&b attendant,F B Attendant,Word count mismatch
1354,Propri?taire,Propri Taire,Word count mismatch
1382,Sr.consultant,Senior Consultant,Word count mismatch
1393,Co-op student,Co Op Student,Word count mismatch
1423,It-specialist,It Specialist,Word count mismatch
1426,Chef d'equipe,Chef D Equipe,Word count mismatch
1427,Propriet?rio,Propriet Rio,Word count mismatch
1452,R & d officer,R D Officer,Word count mismatch
1478,Pre-k teacher,Pre K Teacher,Word count mismatch
1480,Founder & ceo,Founder Ceo,Word count mismatch
1508,Hr-specialist,Hr Specialist,Word count mismatch
1538,R & d chemist,R D Chemist,Word count mismatch
1564,Self-employed,Self Employed,Word count mismatch
1580,Ceo & founder,Ceo Founder,Word count mismatch
1585,It-consultant,It Consultant,Word count mismatch
1603,Executive p&a,Executive P A,Word count mismatch
1609,Sr.accountant,Senior Accountant,Word count mismatch
1617,Hr-medewerker,Hr Medewerker,Word count mismatch
1635,Ux consultant,User Experience Consultant,Word count mismatch
1686,Mede-eigenaar,Mede Eigenaar,Word count mismatch
1711,F&b assistant,F B Assistant,Word count mismatch
1728,R & d manager,R D Manager,Word count mismatch
1779,F & a manager,F A Manager,Word count mismatch
1781,F&b executive,F B Executive,Word count mismatch
1792,Chairman & ceo,Chairman Ceo,Word count mismatch
1800,Clerk & typist,Clerk Typist,Word count mismatch
1801,S?cio diretor,S Cio Diretor,Word count mismatch
1863,Teacher's aide,Teacher S Aide,Word count mismatch
1887,S?cio-diretor,S Cio Diretor,Word count mismatch
1899,Chef d'?quipe,Chef D Quipe,Word count mismatch
2148,Co-chairperson,Co Chairperson,Word count mismatch
2174,Socio-director,Socio Director,Word count mismatch
2196,Make-up artist,Make Up Artist,Word count mismatch
2200,F&b controller,F B Controller,Word count mismatch
2241,Chef d'atelier,Chef D Atelier,Word count mismatch
2313,F&b supervisor,F B Supervisor,Word count mismatch
2329,Past-president,Past President,Word count mismatch
2330,Typist & clerk,Typist Clerk,Word count mismatch
2357,Asst.professor,Asst Professor,Word count mismatch
2458,R & d executive,R D Executive,Word count mismatch
2476,President & coo,President Coo,Word count mismatch
2478,Clerk & cashier,Clerk Cashier,Word count mismatch
2488,President / ceo,President Ceo,Word count mismatch
2540,Attorney-at-law,Attorney At Law,Word count mismatch
2580,Agent g?n?ral,Agent G N Ral,Word count mismatch
2599,Account-manager,Account Manager,Word count mismatch
2603,At-large member,At Large Member,Word count mismatch
2605,Senioroperat?r,Senioroperat R,Word count mismatch
2649,Editor-in-chief,Editor In Chief,Word count mismatch
2663,President-elect,President Elect,Word count mismatch
2664,Ph.d. candidate,Ph D Candidate,Word count mismatch
2701,Inter-office ae,Inter Office Ae,Word count mismatch
2708,Cashier & clerk,Cashier Clerk,Word count mismatch
2715,Prezes zarz?du,Prezes Zarz Du,Word count mismatch
2730,In-house lawyer,In House Lawyer,Word count mismatch
2801,Member-at-large,Member At Large,Word count mismatch
2804,Vice-presidente,Vice Presidente,Word count mismatch
2813,Ceo & president,Ceo President,Word count mismatch
2956,Associate i & a,Associate I A,Word count mismatch
2967,Agent d'accueil,Agent D Accueil,Word count mismatch
3022,Agent & advisor,Agent Advisor,Word count mismatch
3102,Pl/sql developer,Pl Sql Developer,Word count mismatch
3115,Sheriff's deputy,Sheriff S Deputy,Word count mismatch
3148,Master's student,Master S Student,Word count mismatch
3174,Professor & head,Professor Head,Word count mismatch
3240,Tool & die maker,Tool Die Maker,Word count mismatch
3303,Diretor t?cnico,Diretor T Cnico,Word count mismatch
3367,It-administrator,It Administrator,Word count mismatch
3408,Director m?dico,Director M Dico,Word count mismatch
3495,In-house counsel,In House Counsel,Word count mismatch
3628,Web ui developer,Web User Interface Developer,Word count mismatch
3770,Full-time student,Full Time Student,Word count mismatch
3771,Part-time faculty,Part Time Faculty,Word count mismatch
3817,Sales & marketing,Sales Marketing,Word count mismatch
3840,Reporter & editor,Reporter Editor,Word count mismatch
3861,Secretary-general,Secretary General,Word count mismatch
3940,Children's pastor,Children S Pastor,Word count mismatch
3945,Gesch?ftsf?hrer,Gesch Ftsf Hrer,Word count mismatch
4039,Student-assistent,Student Assistent,Word count mismatch
4047,Director t?cnico,Director T Cnico,Word count mismatch
4066,Anchor & reporter,Anchor Reporter,Word count mismatch
4156,Asp.net developer,Asp Net Developer,Word count mismatch
4340,Pre-sales manager,Pre Sales Manager,Word count mismatch
4433,Reporter & anchor,Reporter Anchor,Word count mismatch
4435,Chef d'entreprise,Chef D Entreprise,Word count mismatch
4550,R?dacteur en chef,R Dacteur En Chef,Word count mismatch
4562,Faculty & designer,Faculty Designer,Word count mismatch
4573,Aux.administrativo,Aux Administrativo,Word count mismatch
4581,Sr.sales executive,Senior Sales Executive,Word count mismatch
4649,Senior ui designer,Senior User Interface Designer,Word count mismatch
4660,Senior ux designer,Senior User Experience Designer,Word count mismatch
4685,Ux and ui designer,User Experience And User Interface Designer,Word count mismatch
4689,T?cnico comercial,T Cnico Comercial,Word count mismatch
4769,Ui and ux designer,User Interface And User Experience Designer,Word count mismatch
4779,Ceo and co-founder,Ceo And Co Founder,Word count mismatch
4812,Co-founder and ceo,Co Founder And Ceo,Word count mismatch
4871,Vp sales/marketing,Vp Sales Marketing,Word count mismatch
4875,Vp/general counsel,Vp General Counsel,Word count mismatch
4884,Gesch?ftsf?hrung,Gesch Ftsf Hrung,Word count mismatch
4920,Dyrektor oddzia?u,Dyrektor Oddzia U,Word count mismatch
4995,Deputy manager p&a,Deputy Manager P A,Word count mismatch
5000,Developer & tester,Developer Tester,Word count mismatch
5071,Sr.project manager,Senior Project Manager,Word count mismatch
5101,Directeur d'agence,Directeur D Agence,Word count mismatch
5103,Cirurgi?-dentista,Cirurgi Dentista,Word count mismatch
5112,E-commerce manager,E Commerce Manager,Word count mismatch
5161,Charg? d'affaires,Charg D Affaires,Word count mismatch
5210,Manager - accounts,Manager Accounts,Word count mismatch
5224,Vp/general manager,Vp General Manager,Word count mismatch
5247,Manager - projects,Manager Projects,Word count mismatch
5280,Service-pin member,Service Pin Member,Word count mismatch
5331,Part-time lecturer,Part Time Lecturer,Word count mismatch
5351,Software-entwickler,Software Entwickler,Word count mismatch
5402,Agent de s?curit?,Agent De S Curit,Word count mismatch
5419,President & founder,President Founder,Word count mismatch
5424,Directrice d'agence,Directrice D Agence,Word count mismatch
5448,R?dactrice en chef,R Dactrice En Chef,Word count mismatch
5488,Svp/general counsel,Svp General Counsel,Word count mismatch
5492,Founder & president,Founder President,Word count mismatch
5496,Java/j2ee developer,Java J2Ee Developer,Word count mismatch
5514,Assistante d'agence,Assistante D Agence,Word count mismatch
5524,Art & craft teacher,Art Craft Teacher,Word count mismatch
5548,Supervisor t?cnico,Supervisor T Cnico,Word count mismatch
5565,Front end developer,Frontend Developer,Word count mismatch
5587,Secretary-treasurer,Secretary Treasurer,Word count mismatch
5597,Teacher's assistant,Teacher S Assistant,Word count mismatch
5662,Profesor de ingl?s,Profesor De Ingl S,Word count mismatch
5666,Children's director,Children S Director,Word count mismatch
5674,Charg?e de mission,Charg E De Mission,Word count mismatch
5680,Technico-commercial,Technico Commercial,Word count mismatch
5693,Agente de neg?cios,Agente De Neg Cios,Word count mismatch
5701,Dise?ador gr?fico,Dise Ador Gr Fico,Word count mismatch
5723,Svp sales/marketing,Svp Sales Marketing,Word count mismatch
5797,Evp/general counsel,Evp General Counsel,Word count mismatch
5820,Senior ui developer,Senior User Interface Developer,Word count mismatch
5882,Attach?e de presse,Attach E De Presse,Word count mismatch
5929,Assistant-doctorant,Assistant Doctorant,Word count mismatch
5936,Post-doc researcher,Post Doc Researcher,Word count mismatch
5943,Designer & animator,Designer Animator,Word count mismatch
6012,Directeur g?n?ral,Directeur G N Ral,Word count mismatch
6014,Dir sales/marketing,Dir Sales Marketing,Word count mismatch
6044,Cirurgi?o dentista,Cirurgi O Dentista,Word count mismatch
6108,Key-account-manager,Key Account Manager,Word count mismatch
6118,Accountant & auditor,Accountant Auditor,Word count mismatch
6176,Studentermedhj?lper,Studentermedhj Lper,Word count mismatch
6183,Auditor & accountant,Auditor Accountant,Word count mismatch
6216,Technico-commerciale,Technico Commerciale,Word count mismatch
6304,Direcci?n comercial,Direcci N Comercial,Word count mismatch
6337,Counsellor & faculty,Counsellor Faculty,Word count mismatch
6341,Associate - projects,Associate Projects,Word count mismatch
6376,Post-doctoral fellow,Post Doctoral Fellow,Word count mismatch
6387,Assistent-accountant,Assistent Accountant,Word count mismatch
6413,Chef de d?partement,Chef De D Partement,Word count mismatch
6423,Bcnu - dc1 nurse upp,Bcnu Dc1 Nurse Upp,Word count mismatch
6483,Accountant & cashier,Accountant Cashier,Word count mismatch
6488,Part-time instructor,Part Time Instructor,Word count mismatch
6494,Responsable d'agence,Responsable D Agence,Word count mismatch
6496,Pre-sales consultant,Pre Sales Consultant,Word count mismatch
6521,Agent d'exploitation,Agent D Exploitation,Word count mismatch
6534,Web & flash designer,Web Flash Designer,Word count mismatch
6536,Faculty & counsellor,Faculty Counsellor,Word count mismatch
6552,Professor de ingl?s,Professor De Ingl S,Word count mismatch
6553,S?cio propriet?rio,S Cio Propriet Rio,Word count mismatch
6555,Diretor de cria??o,Diretor De Cria O,Word count mismatch
6573,Children's librarian,Children S Librarian,Word count mismatch
6579,Front end supervisor,Frontend Supervisor,Word count mismatch
6600,Vp sales & marketing,Vp Sales Marketing,Word count mismatch
6602,Owner and co-founder,Owner And Co Founder,Word count mismatch
6609,Accountant & manager,Accountant Manager,Word count mismatch
6624,Profesor de c?tedra,Profesor De C Tedra,Word count mismatch
6680,Manager & accountant,Manager Accountant,Word count mismatch
6695,Cashier & accountant,Cashier Accountant,Word count mismatch
6721,Founder and co-owner,Founder And Co Owner,Word count mismatch
6736,Co-founder and owner,Co Founder And Owner,Word count mismatch
6758,Co-owner and founder,Co Owner And Founder,Word count mismatch
6832,Charg?e de marketing,Charg E De Marketing,Word count mismatch
6855,Attach?e commerciale,Attach E Commerciale,Word count mismatch
6863,E-commerce specialist,E Commerce Specialist,Word count mismatch
6908,Classroom teacher k-6,Classroom Teacher K 6,Word count mismatch
6926,Designer & supervisor,Designer Supervisor,Word count mismatch
6954,Assistant f&b manager,Assistant F B Manager,Word count mismatch
6997,Stage de fin d'?tude,Stage De Fin D Tude,Word count mismatch
6999,Ing?nieur consultant,Ing Nieur Consultant,Word count mismatch
7014,Technician - variable,Technician Variable,Word count mismatch
7021,Advocate & consultant,Advocate Consultant,Word count mismatch
7043,Audit & tax assistant,Audit Tax Assistant,Word count mismatch
7044,Director and co-owner,Director And Co Owner,Word count mismatch
7111,Ing?nieur production,Ing Nieur Production,Word count mismatch
7116,Chef d'?tablissement,Chef D Tablissement,Word count mismatch
7142,Reporter & sub editor,Reporter Sub Editor,Word count mismatch
7151,Principal's secretary,Principal S Secretary,Word count mismatch
7197,Receptionist & typist,Receptionist Typist,Word count mismatch
7209,T?cnico da qualidade,T Cnico Da Qualidade,Word count mismatch
7255,Visualizer & designer,Visualizer Designer,Word count mismatch
7263,3d modeler & animator,3D Modeler Animator,Word count mismatch
7265,Employ?e de commerce,Employ E De Commerce,Word count mismatch
7270,Sub editor & reporter,Sub Editor Reporter,Word count mismatch
7275,Ing?nieur commercial,Ing Nieur Commercial,Word count mismatch
7305,D?l?gu? commercial,D L Gu Commercial,Word count mismatch
7323,Profesor-investigador,Profesor Investigador,Word count mismatch
7330,Fire & safety officer,Fire Safety Officer,Word count mismatch
7424,Head - human resources,Head Human Resources,Word count mismatch
7432,Graphic & web designer,Graphic Web Designer,Word count mismatch
7486,Co-founder and partner,Co Founder And Partner,Word count mismatch
7531,Reporter & copy editor,Reporter Copy Editor,Word count mismatch
7578,Non-executive director,Non Executive Director,Word count mismatch
7579,Salesperson - variable,Salesperson Variable,Word count mismatch
7616,Stage de fin d'?tudes,Stage De Fin D Tudes,Word count mismatch
7669,Sr.technical recruiter,Senior Technical Recruiter,Word count mismatch
7742,D?veloppeur front-end,D Veloppeur Frontend,Word count mismatch
7748,Senior manager - sales,Senior Manager Sales,Word count mismatch
7750,Maitre de conf?rences,Maitre De Conf Rences,Word count mismatch
7751,Head sales & marketing,Head Sales Marketing,Word count mismatch
7768,Ing?nieur maintenance,Ing Nieur Maintenance,Word count mismatch
7788,Copy editor & reporter,Copy Editor Reporter,Word count mismatch
7829,Voice & accent trainer,Voice Accent Trainer,Word count mismatch
7873,Commercial s?dentaire,Commercial S Dentaire,Word count mismatch
7877,Charg?e de production,Charg E De Production,Word count mismatch
7908,News anchor & reporter,News Anchor Reporter,Word count mismatch
7912,Partner and co-founder,Partner And Co Founder,Word count mismatch
7928,Technical co-ordinator,Technical Co Ordinator,Word count mismatch
7941,Charg?e de mission rh,Charg E De Mission Rh,Word count mismatch
7948,Diretor de opera??es,Diretor De Opera Es,Word count mismatch
7957,Executive - operations,Executive Operations,Word count mismatch
8027,Front end web developer,Frontend Developer,Word count mismatch
8071,D?l?gu?e commerciale,D L Gu E Commerciale,Word count mismatch
8072,Charg?e de recrutement,Charg E De Recrutement,Word count mismatch
8089,Maths & science teacher,Maths Science Teacher,Word count mismatch
8095,Pre-owned sales manager,Pre Owned Sales Manager,Word count mismatch
8189,Commerciale s?dentaire,Commerciale S Dentaire,Word count mismatch
8207,T?cnico de laboratorio,T Cnico De Laboratorio,Word count mismatch
8240,Reporter & photographer,Reporter Photographer,Word count mismatch
8246,Security & fire officer,Security Fire Officer,Word count mismatch
8260,Head finance & accounts,Head Finance Accounts,Word count mismatch
8278,Co-founder and co-owner,Co Founder And Co Owner,Word count mismatch
8288,Fire & security officer,Fire Security Officer,Word count mismatch
8319,Front-end web developer,Frontend Developer,Word count mismatch
8328,Vp research/development,Vp Research Development,Word count mismatch
8330,T?cnico administrativo,T Cnico Administrativo,Word count mismatch
8366,Director de producci?n,Director De Producci N,Word count mismatch
8367,Director and co-founder,Director And Co Founder,Word count mismatch
8387,Co-founder and director,Co Founder And Director,Word count mismatch
8395,Charg?e de missions rh,Charg E De Missions Rh,Word count mismatch
8404,Consultant d?cisionnel,Consultant D Cisionnel,Word count mismatch
8506,Content writer & editor,Content Writer Editor,Word count mismatch
8522,Dtp operator & designer,Dtp Operator Designer,Word count mismatch
8554,T?cnica administrativa,T Cnica Administrativa,Word count mismatch
8571,Consultant ind?pendant,Consultant Ind Pendant,Word count mismatch
8610,Merchandiser & designer,Merchandiser Designer,Word count mismatch
8612,Web designer & animator,Web Designer Animator,Word count mismatch
8673,Store & purchase officer,Store Purchase Officer,Word count mismatch
8688,Repr?sentant commercial,Repr Sentant Commercial,Word count mismatch
8750,Ing?nieur de production,Ing Nieur De Production,Word count mismatch
8763,Director-human resources,Director Human Resources,Word count mismatch
8773,President and co-founder,President And Co Founder,Word count mismatch
8811,3d animator & compositor,3D Animator Compositor,Word count mismatch
8813,Surveyor & loss assessor,Surveyor Loss Assessor,Word count mismatch
8837,Estagi?ria de marketing,Estagi Ria De Marketing,Word count mismatch
8863,Post-doctoral researcher,Post Doctoral Researcher,Word count mismatch
8904,Manager - administration,Manager Administration,Word count mismatch
8934,Professor universit?rio,Professor Universit Rio,Word count mismatch
8956,Estagi?rio de marketing,Estagi Rio De Marketing,Word count mismatch
8970,Secretary & receptionist,Secretary Receptionist,Word count mismatch
9017,Web developer & designer,Web Developer Designer,Word count mismatch
9060,Receptionist & secretary,Receptionist Secretary,Word count mismatch
9084,Employ?e administrative,Employ E Administrative,Word count mismatch
9090,Fire & safety supervisor,Fire Safety Supervisor,Word count mismatch
9096,Conseill?re commerciale,Conseill Re Commerciale,Word count mismatch
9114,Supervisor de log?stica,Supervisor De Log Stica,Word count mismatch
9141,Co-founder and president,Co Founder And President,Word count mismatch
9156,Secretary & stenographer,Secretary Stenographer,Word count mismatch
9183,Sales/leasing consultant,Sales Leasing Consultant,Word count mismatch
9187,Supervisor de produ??o,Supervisor De Produ O,Word count mismatch
9189,Professor de matem?tica,Professor De Matem Tica,Word count mismatch
9193,Steno & office assistant,Steno Office Assistant,Word count mismatch
9221,Supervisor de producci?n,Supervisor De Producci N,Word count mismatch
9224,Senior manager - projects,Senior Manager Projects,Word count mismatch
9230,Supervisor de opera??es,Supervisor De Opera Es,Word count mismatch
9237,Sales & service executive,Sales Service Executive,Word count mismatch
9274,District & sessions judge,District Sessions Judge,Word count mismatch
9282,Project manager/estimator,Project Manager Estimator,Word count mismatch
9289,Marketing y comunicaci?n,Marketing Y Comunicaci N,Word count mismatch
9296,Editor & graphic designer,Editor Graphic Designer,Word count mismatch
9313,Vp finance/administration,Vp Finance Administration,Word count mismatch
9317,Computer operator & clerk,Computer Operator Clerk,Word count mismatch
9327,Asesor t?cnico comercial,Asesor T Cnico Comercial,Word count mismatch
9367,Security & safety officer,Security Safety Officer,Word count mismatch
9393,Advocate-customer service,Advocate Customer Service,Word count mismatch
9399,Instrutor de inform?tica,Instrutor De Inform Tica,Word count mismatch
9429,Steno & computer operator,Steno Computer Operator,Word count mismatch
9452,Advocate & tax consultant,Advocate Tax Consultant,Word count mismatch
9537,Financi?le administratie,Financi Le Administratie,Word count mismatch
9556,Sales & marketing manager,Sales Marketing Manager,Word count mismatch
9559,Safety & security manager,Safety Security Manager,Word count mismatch
9570,Web & multimedia designer,Web Multimedia Designer,Word count mismatch
9599,Charg?e de communication,Charg E De Communication,Word count mismatch
9619,Estimator/project manager,Estimator Project Manager,Word count mismatch
9622,Senior ui and ux designer,Senior User Interface And User Experience Designer,Word count mismatch
9638,Purchase & stores manager,Purchase Stores Manager,Word count mismatch
9691,Assistant manager - sales,Assistant Manager Sales,Word count mismatch
9693,Clerk & computer operator,Clerk Computer Operator,Word count mismatch
9714,Marketing & sales manager,Marketing Sales Manager,Word count mismatch
9725,Correspondent & sub editor,Correspondent Sub Editor,Word count mismatch
9739,Faculty & graphic designer,Faculty Graphic Designer,Word count mismatch
9747,Architect & urban designer,Architect Urban Designer,Word count mismatch
9759,Process & machine operator,Process Machine Operator,Word count mismatch
9760,Secr?taire administrative,Secr Taire Administrative,Word count mismatch
9804,Finance & accounts manager,Finance Accounts Manager,Word count mismatch
9825,Designer & site supervisor,Designer Site Supervisor,Word count mismatch
9831,Accounts & audit executive,Accounts Audit Executive,Word count mismatch
9832,Supervisor de manuten??o,Supervisor De Manuten O,Word count mismatch
9849,Senior front end developer,Senior Frontend Developer,Word count mismatch
9855,Tecnologia da informa??o,Tecnologia Da Informa O,Word count mismatch
9862,Legal & compliance officer,Legal Compliance Officer,Word count mismatch
9864,Finance & accounts officer,Finance Accounts Officer,Word count mismatch
9866,Sub editor & correspondent,Sub Editor Correspondent,Word count mismatch
9960,Legal & compliance manager,Legal Compliance Manager,Word count mismatch
9983,Graphic designer & faculty,Graphic Designer Faculty,Word count mismatch
10003,Audit & accounts assistant,Audit Accounts Assistant,Word count mismatch
10019,Manager accounts & finance,Manager Accounts Finance,Word count mismatch
10023,Co-chief executive officer,Co Chief Executive Officer,Word count mismatch
10068,Accounts & audit assistant,Accounts Audit Assistant,Word count mismatch
10100,Director sales & marketing,Director Sales Marketing,Word count mismatch
10111,Typist & computer operator,Typist Computer Operator,Word count mismatch
10122,"Nurse, registered-clinical",Nurse Registered Clinical,Word count mismatch
10127,Accounts & finance manager,Accounts Finance Manager,Word count mismatch
10132,Agente local de inova??o,Agente Local De Inova O,Word count mismatch
10175,Computer operator & typist,Computer Operator Typist,Word count mismatch
10180,Senior executive - finance,Senior Executive Finance,Word count mismatch
10188,Sales & leasing consultant,Sales Leasing Consultant,Word count mismatch
10238,Advocate & legal consultant,Advocate Legal Consultant,Word count mismatch
10244,Executive - human resources,Executive Human Resources,Word count mismatch
10289,Accountant & administration,Accountant Administration,Word count mismatch
10311,Speech-language pathologist,Speech Language Pathologist,Word count mismatch
10317,Senior associate - projects,Senior Associate Projects,Word count mismatch
10331,Packing & dispatch incharge,Packing Dispatch Incharge,Word count mismatch
10344,Marketing & sales executive,Marketing Sales Executive,Word count mismatch
10347,Hr & administration officer,Hr Administration Officer,Word count mismatch
10382,Graphic designer & animator,Graphic Designer Animator,Word count mismatch
10391,Manager accounts & taxation,Manager Accounts Taxation,Word count mismatch
10434,Animator & graphic designer,Animator Graphic Designer,Word count mismatch
10437,Sales & marketing executive,Sales Marketing Executive,Word count mismatch
10441,Copy editor & correspondent,Copy Editor Correspondent,Word count mismatch
10450,Computer operator & cashier,Computer Operator Cashier,Word count mismatch
10487,Accounts & office assistant,Accounts Office Assistant,Word count mismatch
10516,Assistant manager - finance,Assistant Manager Finance,Word count mismatch
10535,Office & accounts assistant,Office Accounts Assistant,Word count mismatch
10555,Hr & administration manager,Hr Administration Manager,Word count mismatch
10561,Senior manager - operations,Senior Manager Operations,Word count mismatch
10563,Software developer & tester,Software Developer Tester,Word count mismatch
10574,Graphic designer/visualiser,Graphic Designer Visualiser,Word count mismatch
10622,Correspondent & copy editor,Correspondent Copy Editor,Word count mismatch
10626,Pre-registration pharmacist,Pre Registration Pharmacist,Word count mismatch
10630,Legal & secretarial manager,Legal Secretarial Manager,Word count mismatch
10648,Design & development manager,Design Development Manager,Word count mismatch
10667,Chairman & managing director,Chairman Managing Director,Word count mismatch
10673,Agente de propaganda m?dica,Agente De Propaganda M Dica,Word count mismatch
10674,Office assistant & secretary,Office Assistant Secretary,Word count mismatch
10692,Children's ministry director,Children S Ministry Director,Word count mismatch
10704,Accounts & finance executive,Accounts Finance Executive,Word count mismatch
10715,Computer operator & designer,Computer Operator Designer,Word count mismatch
10763,Vice president - investments,Vice President Investments,Word count mismatch
10766,General manager - operations,General Manager Operations,Word count mismatch
10772,Accounts assistant & cashier,Accounts Assistant Cashier,Word count mismatch
10807,Senior reporter & sub editor,Senior Reporter Sub Editor,Word count mismatch
10809,Training & placement officer,Training Placement Officer,Word count mismatch
10850,Consultor t?cnico comercial,Consultor T Cnico Comercial,Word count mismatch
10862,Secretary & office assistant,Secretary Office Assistant,Word count mismatch
10867,Finance & accounts executive,Finance Accounts Executive,Word count mismatch
10882,Security & vigilance manager,Security Vigilance Manager,Word count mismatch
10892,Charg?e d'?tudes marketing,Charg E D Tudes Marketing,Word count mismatch
10956,Senior sub editor & reporter,Senior Sub Editor Reporter,Word count mismatch
10979,Computer operator & accounts,Computer Operator Accounts,Word count mismatch
10997,Examiner of patents & designs,Examiner Of Patents Designs,Word count mismatch
11002,Legal & secretarial executive,Legal Secretarial Executive,Word count mismatch
11014,Hr & administration assistant,Hr Administration Assistant,Word count mismatch
11024,Co-founder and vice president,Co Founder And Vice President,Word count mismatch
11040,Assistant manager - marketing,Assistant Manager Marketing,Word count mismatch
11041,Post-doctoral research fellow,Post Doctoral Research Fellow,Word count mismatch
11054,Secretary & computer operator,Secretary Computer Operator,Word count mismatch
11069,Manufacturer's representative,Manufacturer S Representative,Word count mismatch
11073,Hr & administration executive,Hr Administration Executive,Word count mismatch
11089,Hardware & networking faculty,Hardware Networking Faculty,Word count mismatch
11093,Computer operator & assistant,Computer Operator Assistant,Word count mismatch
11097,Journaliste reporter d'images,Journaliste Reporter D Images,Word count mismatch
11148,Web designer & flash animator,Web Designer Flash Animator,Word count mismatch
11153,Analista de marketing s?nior,Analista De Marketing S Nior,Word count mismatch
11155,Computer operator & secretary,Computer Operator Secretary,Word count mismatch
11175,Office assistant & accountant,Office Assistant Accountant,Word count mismatch
11195,Senior graphic & web designer,Senior Graphic Web Designer,Word count mismatch
11222,Architect & interior designer,Architect Interior Designer,Word count mismatch
11225,Manager - sales and marketing,Manager Sales And Marketing,Word count mismatch
11239,Director of sales & marketing,Director Of Sales Marketing,Word count mismatch
11247,Accountant & office assistant,Accountant Office Assistant,Word count mismatch
11252,Reservation & ticketing staff,Reservation Ticketing Staff,Word count mismatch
11275,Visualiser & graphic designer,Visualiser Graphic Designer,Word count mismatch
11303,Research & development manager,Research Development Manager,Word count mismatch
11314,Company secretary & legal head,Company Secretary Legal Head,Word count mismatch
11335,Graphic designer & 2d animator,Graphic Designer 2D Animator,Word count mismatch
11345,Research & development chemist,Research Development Chemist,Word count mismatch
11355,Graphic designer & illustrator,Graphic Designer Illustrator,Word count mismatch
11359,Ing?nieur technico-commercial,Ing Nieur Technico Commercial,Word count mismatch
11375,Assistant manager - operations,Assistant Manager Operations,Word count mismatch
11420,Senior designer & merchandiser,Senior Designer Merchandiser,Word count mismatch
11424,Head legal & company secretary,Head Legal Company Secretary,Word count mismatch
11440,Legal & administration manager,Legal Administration Manager,Word count mismatch
11450,Accountant & computer operator,Accountant Computer Operator,Word count mismatch
11468,Research & development officer,Research Development Officer,Word count mismatch
11479,Co-founder and general manager,Co Founder And General Manager,Word count mismatch
11484,Manager - finance and accounts,Manager Finance And Accounts,Word count mismatch
11499,Law clerk & research assistant,Law Clerk Research Assistant,Word count mismatch
11509,Head security & administration,Head Security Administration,Word count mismatch
11527,Legal & administration officer,Legal Administration Officer,Word count mismatch
11530,System & network administrator,System Network Administrator,Word count mismatch
11531,Interior designer & supervisor,Interior Designer Supervisor,Word count mismatch
11534,Graphic designer & 3d animator,Graphic Designer 3D Animator,Word count mismatch
11540,Research & development trainee,Research Development Trainee,Word count mismatch
11547,Ing?nieur technico commercial,Ing Nieur Technico Commercial,Word count mismatch
11562,Faculty & system administrator,Faculty System Administrator,Word count mismatch
11565,Network & system administrator,Network System Administrator,Word count mismatch
11571,Agente de organiza??o escolar,Agente De Organiza O Escolar,Word count mismatch
11642,System & database administrator,System Database Administrator,Word count mismatch
11645,Reservation & ticketing officer,Reservation Ticketing Officer,Word count mismatch
11647,Co-founder and managing partner,Co Founder And Managing Partner,Word count mismatch
11648,Ticketing & reservation officer,Ticketing Reservation Officer,Word count mismatch
11676,Professor de educa??o f?sica,Professor De Educa O F Sica,Word count mismatch
11691,Office assistant & receptionist,Office Assistant Receptionist,Word count mismatch
11710,Autorisert finansiell r?dgiver,Autorisert Finansiell R Dgiver,Word count mismatch
11725,Fashion designer & merchandiser,Fashion Designer Merchandiser,Word count mismatch
11733,Receptionist & office assistant,Receptionist Office Assistant,Word count mismatch
11744,Stenographer & office assistant,Stenographer Office Assistant,Word count mismatch
11752,Merchandiser & fashion designer,Merchandiser Fashion Designer,Word count mismatch
11760,Responsable technico-commercial,Responsable Technico Commercial,Word count mismatch
11780,Associate indexing & abstracting,Associate Indexing Abstracting,Word count mismatch
11789,Legal & administration executive,Legal Administration Executive,Word count mismatch
11790,Executive - business development,Executive Business Development,Word count mismatch
11807,Co-founder and managing director,Co Founder And Managing Director,Word count mismatch
11812,Merchandiser & quality assurance,Merchandiser Quality Assurance,Word count mismatch
11817,Computer operator & receptionist,Computer Operator Receptionist,Word count mismatch
11823,Finance & administration manager,Finance Administration Manager,Word count mismatch
11827,Senior sales & marketing manager,Senior Sales Marketing Manager,Word count mismatch
11848,Post-doctoral research associate,Post Doctoral Research Associate,Word count mismatch
11887,Office asset & computer operator,Office Asset Computer Operator,Word count mismatch
11897,Assistant men's basketball coach,Assistant Men S Basketball Coach,Word count mismatch
11904,Deputy manager - human resources,Deputy Manager Human Resources,Word count mismatch
11915,Co-founder and creative director,Co Founder And Creative Director,Word count mismatch
11920,Managing director and co-founder,Managing Director And Co Founder,Word count mismatch
11923,Hardware & network administrator,Hardware Network Administrator,Word count mismatch
11925,Receptionist & computer operator,Receptionist Computer Operator,Word count mismatch
11940,Stenographer & computer operator,Stenographer Computer Operator,Word count mismatch
11946,Research & development executive,Research Development Executive,Word count mismatch
11959,President/chief executive officer,President Chief Executive Officer,Word count mismatch
11961,Security & administration manager,Security Administration Manager,Word count mismatch
11968,Telephone operator & receptionist,Telephone Operator Receptionist,Word count mismatch
11971,Manager administration & security,Manager Administration Security,Word count mismatch
11972,Senior accounts & finance manager,Senior Accounts Finance Manager,Word count mismatch
11984,Reservation & ticketing executive,Reservation Ticketing Executive,Word count mismatch
11988,Deputy manager accounts & finance,Deputy Manager Accounts Finance,Word count mismatch
11993,Senior manager finance & accounts,Senior Manager Finance Accounts,Word count mismatch
11995,General manager sales & marketing,General Manager Sales Marketing,Word count mismatch
12017,Co-founder and executive director,Co Founder And Executive Director,Word count mismatch
12021,Graphic designer & flash animator,Graphic Designer Flash Animator,Word count mismatch
12024,Receptionist & telephone operator,Receptionist Telephone Operator,Word count mismatch
12027,Company secretary & legal manager,Company Secretary Legal Manager,Word count mismatch
12031,Marketing & merchandising manager,Marketing Merchandising Manager,Word count mismatch
12041,Security & administration officer,Security Administration Officer,Word count mismatch
12042,Merchandiser & quality controller,Merchandiser Quality Controller,Word count mismatch
12044,Accounts & administration manager,Accounts Administration Manager,Word count mismatch
12053,Manager accounts & administration,Manager Accounts Administration,Word count mismatch
12056,Accounts & administration officer,Accounts Administration Officer,Word count mismatch
12058,General manager marketing & sales,General Manager Marketing Sales,Word count mismatch
12064,Ticketing & reservation executive,Ticketing Reservation Executive,Word count mismatch
12070,Legal & company secretary manager,Legal Company Secretary Manager,Word count mismatch
12075,Charg?e de communication interne,Charg E De Communication Interne,Word count mismatch
12098,Founder - chief executive officer,Founder Chief Executive Officer,Word count mismatch
12109,Senior correspondent & copy editor,Senior Correspondent Copy Editor,Word count mismatch
12110,Membre du conseil d'administration,Membre Du Conseil D Administration,Word count mismatch
12121,Senior manager legal & secretarial,Senior Manager Legal Secretarial,Word count mismatch
12140,Senior sales & marketing executive,Senior Sales Marketing Executive,Word count mismatch
12166,Senior executive - human resources,Senior Executive Human Resources,Word count mismatch
12169,Personnel & administration manager,Personnel Administration Manager,Word count mismatch
12184,Personnel & administration officer,Personnel Administration Officer,Word count mismatch
12190,Senior copy editor & correspondent,Senior Copy Editor Correspondent,Word count mismatch
12196,Director & chief executive officer,Director Chief Executive Officer,Word count mismatch
12203,Assistant women's basketball coach,Assistant Women S Basketball Coach,Word count mismatch
12209,Independent non-executive director,Independent Non Executive Director,Word count mismatch
12210,Chief security & vigilance officer,Chief Security Vigilance Officer,Word count mismatch
12211,General manager finance & accounts,General Manager Finance Accounts,Word count mismatch
12218,Administration & accounts executive,Administration Accounts Executive,Word count mismatch
12223,Interior designer & site supervisor,Interior Designer Site Supervisor,Word count mismatch
12224,Senior finance & accounts executive,Senior Finance Accounts Executive,Word count mismatch
12233,Assistant manager - human resources,Assistant Manager Human Resources,Word count mismatch
12235,Accounts & administration executive,Accounts Administration Executive,Word count mismatch
12236,Assistant manager sales & marketing,Assistant Manager Sales Marketing,Word count mismatch
12248,Responsable marketing op?rationnel,Responsable Marketing Op Rationnel,Word count mismatch
12260,Senior accounts & finance executive,Senior Accounts Finance Executive,Word count mismatch
12262,"Co-founder, chief executive officer",Co Founder Chief Executive Officer,Word count mismatch
12304,Gesch?ftsf?hrender gesellschafter,Gesch Ftsf Hrender Gesellschafter,Word count mismatch
12319,"Chief executive officer, co-founder",Chief Executive Officer Co Founder,Word count mismatch
12331,Executive personnel & administration,Executive Personnel Administration,Word count mismatch
12344,Computer operator & office assistant,Computer Operator Office Assistant,Word count mismatch
12349,Office assistant & computer operator,Office Assistant Computer Operator,Word count mismatch
12352,Ing?nieur commercial grands comptes,Ing Nieur Commercial Grands Comptes,Word count mismatch
12363,Senior legal & secretarial executive,Senior Legal Secretarial Executive,Word count mismatch
12374,Assistant manager accounts & finance,Assistant Manager Accounts Finance,Word count mismatch
12396,Chief executive officer and co-owner,Chief Executive Officer And Co Owner,Word count mismatch
12406,"Co-founder, chief technology officer",Co Founder Chief Technology Officer,Word count mismatch
12414,Assistant manager finance & accounts,Assistant Manager Finance Accounts,Word count mismatch
12415,Medewerker financi?le administratie,Medewerker Financi Le Administratie,Word count mismatch
12429,Responsable d?veloppement commercial,Responsable D Veloppement Commercial,Word count mismatch
12456,Head human resources & administration,Head Human Resources Administration,Word count mismatch
12469,Deputy manager research & development,Deputy Manager Research Development,Word count mismatch
12478,Chief operating officer and co-founder,Chief Operating Officer And Co Founder,Word count mismatch
12479,Co-founder and chief operating officer,Co Founder And Chief Operating Officer,Word count mismatch
12480,Analista de seguran?a da informa??o,Analista De Seguran A Da Informa O,Word count mismatch
12496,Company secretary & compliance officer,Company Secretary Compliance Officer,Word count mismatch
12497,Office assistant & data entry operator,Office Assistant Data Entry Operator,Word count mismatch
12511,Chief executive officer and co-founder,Chief Executive Officer And Co Founder,Word count mismatch
12513,Co-founder and chief financial officer,Co Founder And Chief Financial Officer,Word count mismatch
12519,Co-founder and chief executive officer,Co Founder And Chief Executive Officer,Word count mismatch
12522,Accounts assistant & computer operator,Accounts Assistant Computer Operator,Word count mismatch
12534,Computer operator & accounts assistant,Computer Operator Accounts Assistant,Word count mismatch
12535,Analista de tecnologia da informa??o,Analista De Tecnologia Da Informa O,Word count mismatch
12542,Co-founder and chief marketing officer,Co Founder And Chief Marketing Officer,Word count mismatch
12563,Gesch?ftsf?hrer and managing director,Gesch Ftsf Hrer And Managing Director,Word count mismatch
12570,Chief technology officer and co-founder,Chief Technology Officer And Co Founder,Word count mismatch
12577,Front office & administration executive,Front Office Administration Executive,Word count mismatch
12589,Co-founder and chief technology officer,Co Founder And Chief Technology Officer,Word count mismatch
12598,Responsable de marketing y comunicaci?n,Responsable De Marketing Y Comunicaci N,Word count mismatch
12599,Manager administration & human resources,Manager Administration Human Resources,Word count mismatch
12600,Senior packaging & innovations executive,Senior Packaging Innovations Executive,Word count mismatch
12601,Senior manager legal & company secretary,Senior Manager Legal Company Secretary,Word count mismatch
12602,Assistant manager - business development,Assistant Manager Business Development,Word count mismatch
12608,Directrice administrative et financi?re,Directrice Administrative Et Financi Re,Word count mismatch
12621,General manager finance & administration,General Manager Finance Administration,Word count mismatch
12623,Deputy general manager sales & marketing,Deputy General Manager Sales Marketing,Word count mismatch
12635,Senior manager security & administration,Senior Manager Security Administration,Word count mismatch
12650,General manager legal & company secretary,General Manager Legal Company Secretary,Word count mismatch
12656,Deputy general manager finance & accounts,Deputy General Manager Finance Accounts,Word count mismatch
12662,Responsable administrative et financi?re,Responsable Administrative Et Financi Re,Word count mismatch
12674,Front office executive & computer operator,Front Office Executive Computer Operator,Word count mismatch
12676,Ing?nieur en technologie de l'information,Ing Nieur En Technologie De L Information,Word count mismatch
12697,Administration & human resources executive,Administration Human Resources Executive,Word count mismatch
12712,Assistant manager - information technology,Assistant Manager Information Technology,Word count mismatch
12719,Ing?nieur en technologies de l'information,Ing Nieur En Technologies De L Information,Word count mismatch
12739,Gesch?ftsf?hrer and chief executive officer,Gesch Ftsf Hrer And Chief Executive Officer,Word count mismatch
12755,Senior manager human resources & administration,Senior Manager Human Resources Administration,Word count mismatch
12756,Deputy manager human resources & administration,Deputy Manager Human Resources Administration,Word count mismatch
12758,Chief executive officer;chief executive officer,Chief Executive Officer Chief Executive Officer,Word count mismatch
12760,Senior officer human resources & administration,Senior Officer Human Resources Administration,Word count mismatch
12762,General manager human resources & administration,General Manager Human Resources Administration,Word count mismatch
12769,Senior human resources & administration executive,Senior Human Resources Administration Executive,Word count mismatch
12778,Assistant manager human resources & administration,Assistant Manager Human Resources Administration,Word count mismatch
12791,HR (Admin) & Manager BD,Hr Admin Manager Bd,Word count mismatch
12805,UI/UX Designer,User Interface User Experience Designer,Word count mismatch
12810,Digitalization - Operation Executive,Digitalization Operation Executive,Word count mismatch
12812,E-commerce Executive,E Commerce Executive,Word count mismatch
12813,SEO & Digital Marketing Manager,Seo Digital Marketing Manager,Word count mismatch
12821,Content Writer & Researcher,Content Writer Researcher,Word count mismatch
12825,Senior UI/UX Developer,Senior User Interface User Experience Developer,Word count mismatch
12826,Senior UI/ UX Developer,Senior User Interface User Experience Developer,Word count mismatch
12827,UI/UX Developer,User Interface User Experience Developer,Word count mismatch
12838,UI UX Designer,User Interface User Experience Designer,Word count mismatch
12839,PRT-MOTHER TEACHER,Prt Mother Teacher,Word count mismatch
12842,AVP - Business Development,Avp Business Development,Word count mismatch
12852,Interia Sales & Design Specialist,Interia Sales Design Specialist,Word count mismatch
12860,Lead UI Developer,Lead User Interface Developer,Word count mismatch
12861,Sr. UI Designer,Senior User Interface Designer,Word count mismatch
12862,M&e cum accountant,M E Cum Accountant,Word count mismatch
12868,Frontend & Shopify Developer,Frontend Developer,Word count mismatch
12872,Frontend web developer,Frontend Developer,Word count mismatch
12875,Delivery Executive / Delivery Boy,Delivery Executive Delivery Boy,Word count mismatch
12880,Doubt Faculty & Mentor,Doubt Faculty Mentor,Word count mismatch
12929,Senior Graphic designer and Ui designer,Senior Graphic Designer And User Interface Designer,Word count mismatch
12941,"Pune,chakan",Pune Chakan,Word count mismatch
12947,QA Automation,Quality Assurance Automation,Word count mismatch
12948,Senior IT manager / trading exchange,Senior It Manager Trading Exchange,Word count mismatch
12951,Compliance QA Tester,Compliance Quality Assurance Tester,Word count mismatch
12979,Assistant Manager - HR Recruiter,Assistant Manager Hr Recruiter,Word count mismatch
12995,Commercial & Admin Executive,Commercial Admin Executive,Word count mismatch
13000,VPC In-charge,Vpc In Charge,Word count mismatch
13001,PDI In-charge,Pdi In Charge,Word count mismatch
13012,Executive II - Systems Development,Executive Ii Systems Development,Word count mismatch
13015,Data Management & Verification Executive,Data Management Verification Executive,Word count mismatch
13018,Administration & Accounts Lead,Administration Accounts Lead,Word count mismatch
13023,Ux and ui designer& frontend developer,Frontend Developer,Word count mismatch
13030,Sr.officer,Senior Officer,Word count mismatch
13038,Lead - Creative and Media,Lead Creative And Media,Word count mismatch
13077,Team Lead & Web developer,Team Lead Web Developer,Word count mismatch
13080,Graphic Designer & Social Media Marketing,Graphic Designer Social Media Marketing,Word count mismatch
13093,C.o,C O,Word count mismatch
13102,•	Senior Manager – Sales & Marketing,• Senior Manager – Sales Marketing,Word count mismatch
13107,Draftsman & 3D Designer (SP3D),Draftsman 3D Designer Sp3D,Word count mismatch
13108,Draftsman & Interior Designer,Draftsman Interior Designer,Word count mismatch
13120,Web & Graphic designer,Web Graphic Designer,Word count mismatch
13132,CNC / VMC Machine Operator,Cnc Vmc Machine Operator,Word count mismatch
13143,National sales & marketing manager,National Sales Marketing Manager,Word count mismatch
13145,Sr.BDE,Senior Bde,Word count mismatch
13171,Sales & Customer Service Executive,Sales Customer Service Executive,Word count mismatch
13179,Senior Business Manager & Customer Support,Senior Business Manager Customer Support,Word count mismatch
13184,Technical Lead - Cybersecurity,Technical Lead Cybersecurity,Word count mismatch
13194,Data/Lead Generator,Data Lead Generator,Word count mismatch
13202,X-ray technitian,X Ray Technitian,Word count mismatch
13203,"BDA, AM-SALES",Bda Am Sales,Word count mismatch
13220,Jr.Officer,Junior Officer,Word count mismatch
13227,Sr.MIS,Senior Mis,Word count mismatch
13228,Sr.EXECTIVE,Senior Exective,Word count mismatch
13243,Deputy manager purchase & Vendor Development,Deputy Manager Purchase Vendor Development,Word count mismatch
13273,WhatsApp Marketing & Email Marketing,Whatsapp Marketing Email Marketing,Word count mismatch
13275,Sanitary inspector & Incharge,Sanitary Inspector Incharge,Word count mismatch
13276,Manager-Project and Development,Manager Project And Development,Word count mismatch
13292,QA,Quality Assurance,Word count mismatch
13297,QA SDET,Quality Assurance Sdet,Word count mismatch
13305,Node.js Developer,Node Js Developer,Word count mismatch
